-- phpMyAdmin SQL Dump
-- version 4.7.0
-- https://www.phpmyadmin.net/
--
-- Host: 127.0.0.1
-- Generation Time: Mar 03, 2018 at 08:31 AM
-- Server version: 10.1.22-MariaDB
-- PHP Version: 7.1.4

SET SQL_MODE = "NO_AUTO_VALUE_ON_ZERO";
SET AUTOCOMMIT = 0;
START TRANSACTION;
SET time_zone = "+00:00";


/*!40101 SET @OLD_CHARACTER_SET_CLIENT=@@CHARACTER_SET_CLIENT */;
/*!40101 SET @OLD_CHARACTER_SET_RESULTS=@@CHARACTER_SET_RESULTS */;
/*!40101 SET @OLD_COLLATION_CONNECTION=@@COLLATION_CONNECTION */;
/*!40101 SET NAMES utf8mb4 */;

--
-- Database: `ihub_kehadiran`
--

-- --------------------------------------------------------

--
-- Table structure for table `apostolic_sermon_notes`
--

CREATE TABLE `apostolic_sermon_notes` (
  `id` int(11) NOT NULL,
  `gms_origin` int(11) NOT NULL,
  `speaker` int(11) NOT NULL,
  `date` date NOT NULL,
  `service_id` int(11) NOT NULL,
  `title` varchar(100) COLLATE utf8_unicode_ci NOT NULL,
  `body` text COLLATE utf8_unicode_ci NOT NULL,
  `tags` varchar(255) COLLATE utf8_unicode_ci NOT NULL,
  `timestamp` timestamp NOT NULL DEFAULT CURRENT_TIMESTAMP ON UPDATE CURRENT_TIMESTAMP
) ENGINE=InnoDB DEFAULT CHARSET=utf8 COLLATE=utf8_unicode_ci;

--
-- Dumping data for table `apostolic_sermon_notes`
--

INSERT INTO `apostolic_sermon_notes` (`id`, `gms_origin`, `speaker`, `date`, `service_id`, `title`, `body`, `tags`, `timestamp`) VALUES
(1, 36, 4, '2017-12-31', 4, 'Walking in The Water', '<p><br />Tahun 2018 ini seperti yang di sampaikan oleh Pastor Philip tema nya adalah The Year of Supranatural Change and Favor.</p>\r\n<p>Di tahun 2018 ini ada perubahan perubahan yang mengejutkan kita semua dan perubahan perubahan ini akan merubah banyak hal.</p>\r\n<p>Matius 14 ayat 25-29</p>\r\n<p>Matius 14:25<br />Kira-kira jam tiga malam datanglah Yesus kepada mereka berjalan di atas air.</p>\r\n<p><br />Matius 14:26<br />Ketika murid-murid-Nya melihat Dia berjalan di atas air, mereka terkejut dan berseru: \"Itu hantu!\", lalu berteriak-teriak karena takut.</p>\r\n<p><br />Matius 14:27<br />Tetapi segera Yesus berkata kepada mereka: \"Tenanglah! Aku ini, jangan takut!\"</p>\r\n<p><br />Matius 14:28<br />Lalu Petrus berseru dan menjawab Dia: \"Tuhan, apabila Engkau itu, suruhlah aku datang kepada-Mu berjalan di atas air.\"</p>\r\n<p><br />Matius 14:29<br />Kata Yesus: \"Datanglah!\" Maka Petrus turun dari perahu dan berjalan di atas air mendapatkan Yesus.</p>\r\n<p>Pendahuluan.</p>\r\n<p>Setelah membaca ayat ini , tentunya kita harus mempersiapkan hati kita untuk <br />- berjalan di atas kemustahilan. <br />- berdiri di atas rata rata.</p>\r\n<p>Selanjut nya kita harus juga merubah cara pandang dan pemikiran kita masing masing</p>\r\n<p>Jangan berubah biasa biasa saja karena Tuhan mau kita berubah secara RADIKAL.</p>\r\n<p>Mengapa kita harus berubah ? Karena dunia sendiri juga mengalami perubahan yang cukup signifikan</p>\r\n<p>Contoh :</p>\r\n<p>Semua perdagangan sekarang menggunakan on-line. <br />Ada On line jasa <br />Ada On line pembelian barang <br />Yang berdampak pada banyak pihak. <br />Semua ini membuat kita hanya kita tinggal menge klik saja dan pesanan akan dikirim ke alamat yang sudah disepakati bersama.</p>\r\n<p><br />Jika dunia berubah dengan begitu cepat. Sekarang pertanyaan nya bagaimana dengan kerohanian kita ?</p>\r\n<p>Apa kita masih punya kebiasaan buruk seperti suka menggosip , atau kita masih sering memiliki pikiran kotor atau bahkan kita cenderung punya pikiran yang negatif terhadap sesama kita.</p>\r\n<p>Jika kita masih saja dalam area tersebut maka kita harus MOVE ON dan kita harus BERUBAH.</p>\r\n<p>Point yang perlu diingat adalah <br />Be open for changes. <br />Jangan menentang perubahan tersebut.</p>\r\n<p>Ayat 25</p>\r\n<p>Ayat ini bicara tentang bagaimana Allah akan beracara kepada setiap kita. Satu demi satu , Allah akan datang untuk membawa perubahan perubahan bagi setiap kita. <br />Kita tinggal menyiapkan hati kita pada 2018 ini.</p>\r\n<p>Ayat 26</p>\r\n<p>Setiap kita punya prinsip dan pemikiran kita masing masing dan tentunya tidak sama antara satu dengan yang lain.</p>\r\n<p>Karena cara berpikir kita dibentuk dari tempat di mana kita di besarkan , apa yang kita lihat dari orang tua kita dan kebiasaan kebiasaan yang kita lakukan setiap hari.</p>\r\n<p>Percayalah apa yang kita sudah tahu , akan ALLAH goncangkan.</p>\r\n<p>YOU HAVE TO UNLEARN WHAT YOU HAVE LEARN.</p>\r\n<p>Jangan percaya dengan apa kata dunia.</p>\r\n<p>- jika ada ahli ekonomi yang berkata , perekonomian tahun 2018 bakal susah dan sulit , maka jika kita berjalan bersama Tuhan maka justru kita akan mengembang ke kiri dan ke kanan. <br />Haleluya.</p>\r\n<p>Kita semua harus berpikiran positif terhadap segala sesuatu. <br />Mulai sekarang Hapus pikiran negatif dari benak saudara sekalian karena orang yang selalu berpikiran negatif akan di lewati berkat Tuhan.</p>\r\n<p>Sebalik nya orang yang berpikiran pisitif segala berkat akan melekat kepada nya dan Tuhan akan pakai orang ini secara luar biasa.</p>\r\n<p>Ayat 27</p>\r\n<p>Di tahun ini kita memerlukan IMAN dan KEBERANIAN supaya bisa terjadi perubahan supranatural.</p>\r\n<p>Saudara saudara , Tuhan mau membawa kita untuk masuk kepada hal hal yang BARU.</p>\r\n<p>Jangan keraskan hati kita untuk menerima perubahan. Dan kita harus meninggalkan cara berpikir kita yang lama.</p>\r\n<p>Ayat 28</p>\r\n<p>Cuma petrus yang meresponi Tuhan. Mana yang 11 orang lain nya ?</p>\r\n<p>Jika kita mau seperti Petrus. Mengalami perkara perkara yang supranatural maka kita sendiri harus berani mengucapkan IMAN kita. Jangan hanya ditaruh di dalam hati saja.</p>\r\n<p>Minta Tuhan untuk pakai kita lebih lagi.</p>\r\n<p>Minta yang BESAR dan MUSTAHIL karena ALLAH kita adalah ALLAH yang sanggup.</p>\r\n<p>Jangan beriman untuk sesuatu yang bisa anda raih.</p>\r\n<p>Ayo tiru seperti Perus yang minta berjalan di atas AIR. Hal hal seperti ini lah yang akan membangkitkan iman kita di hari hari yang ke depan.</p>\r\n<p>Mulai Targetksn Perubahan dalam hidup saudara.</p>\r\n<p>Ingat Tuhan TIDAK sekecil dunia mu.</p>\r\n<p>Ayat 29 a</p>\r\n<p>Tuhan ternyata suka dengan tantangan kita.</p>\r\n<p>Dia menyuruh petrus untuk DATANG kepada NYA.</p>\r\n<p>Saudara saudara , disini petrus berani untuk keluar dari zona nyaman nya. Dia berani keluar dari perahu nya.</p>\r\n<p>Bagaimana dengan kita ?</p>\r\n<p>ayat 29 B</p>\r\n<p>Percaya apa yang kita lakukan di tahun 2018 ini akan membuat orang tercengang.</p>\r\n<p>Mungkin jika anda ceritakan. Orang orang di sekitar anda akan tidak percaya bahwa Allah lah yang bekerja di kehidupan anda.</p>\r\n<p>Ingat spiritual things tidak mungkin bisa masuk akal pikuran duniawi.</p>\r\n<p>&nbsp;</p>\r\n<p>&nbsp;</p>\r\n<p>&nbsp;</p>\r\n<p>&nbsp;</p>\r\n<p>&nbsp;</p>\r\n<p>&nbsp;</p>\r\n<p>&nbsp;</p>\r\n<p>&nbsp;</p>', '', '2018-01-27 02:19:09'),
(2, 36, 4, '2017-12-31', 5, 'The year of supernatural change and favor', '<p>Gereja Mawar Sharon <br />Minggu , 31-12-2017 <br />Pastor Philip Mantofa <br />Ibadah 10.00</p>\r\n<p>Kebaktian 1 : <br />Dari cerita Petrus berjalan di atas AIR.</p>\r\n<p>Kebaktian 2:</p>\r\n<p>Ada perubahan yang akan datang di hidup kita. Kita harus mempersiapkan hati dan pikiran kita.</p>\r\n<p>Tema 2018 <br />The Year of Supranatural Change and Favor.</p>\r\n<p>Segala sesuatu di dunia ini maju pesat. Gereja dan umat kristen tidak boleh ketinggalan. <br />Saya ingin menekan kan bahwa tahun perubahan ini adalah HATI KITA harus SIAP.</p>\r\n<p>1 korintus 11 ayat 23-25</p>\r\n<p>Tahukah anda , pada saat itu mereka sedang merayakan Paskah Yahudi. Dan hari itu Yesus memberikan makna baru kepada PASKAH yang lama.</p>\r\n<p>Mereka ( orang Yahudi ) tidak pernah mendengar firman seperti demikian.</p>\r\n<p>Di ayat pertama , Paulus sedang berbicara memakai kejadian yang intinya adalah kita orang kristen harus terlebih dulu berubah ketimbang orang orang yang ada di dunia.</p>\r\n<p>Anak anak Tuhan , perubahan nya harus vertikal , bukan horisontal seperti perubahan dunia. <br />Pikiran kita harus berubah.</p>\r\n<p>Mimpikan perubahan dan jalani proses nya.</p>\r\n<p>Kembali lagi , paskah itu selalu bicara tentang tradisi Yahudi dan tiba tiba Tuhan memberikan makna baru.</p>\r\n<p>Makna nya : <br />Perubahan dari Allah ketika datang selalu radikal. Bagaimana Hati Anda ? Apakah Siap ?</p>\r\n<p>Harga yang harus kita bayar sebagai agen perubahan kita harus rela untuk dikata katai oleh dunia ( we are willing to be like a FOOL ).</p>\r\n<p>You must be willing to be crazy for Jesus.</p>\r\n<p>Di dunia ini &ldquo; JADILAH BEDA &ldquo;</p>\r\n<p>Pemimpin pemimpin Sejati hanya ditemukan pada pengikut Yesus yang sejati.</p>\r\n<p>Kalo anda mau berjalan bersama Tuhan , pada tahun 2018 pencobaan semakin menggila. Dan semua pencobaan itu hanya bisa kita atasi dengan &ldquo; KEGILAAN&rdquo; kita dalam mengikut Yesus. <br />( Jika anda ditampar pipi kiri mu , berikan pipi kanan mu ).</p>\r\n<p>Jangan menargetksn perubahan BIASA. Tetapi targetkan PERUBAHAN NYATA.</p>\r\n<p>Pada waktu Yesus memecah mecahkan dan berkata INILAH TUBUH KU ( pada ayat 24 ), sadarkah kita bahwa kita belon mengenal DIA secara sungguh sungguh ?</p>\r\n<p>Hari itu Yesus yang mereka kenal menunjuk pada Yesus yang mereka belom kenal. <br />Yesus nya tetap sama , tetapi ada pewahyuan baru.</p>\r\n<p>Arti nya</p>\r\n<p>Orang yang sok tahu tidak akan pernah dipimpin oleh Allah. Saudara saudara , tahun 2018 akan menjadi masa masa transformasi. Dan akan ada perubahan yang luar biasa. Dan tangan kita memegang erat erat Tuhan.</p>\r\n<p>Ketika Allah mengubah hidup kita. Keluarga kita tidak dikenali kita lagi.</p>\r\n<p>Setiap perubahan yang terjadi dalam hidup mu , sebagian orang akan merayakan dan sebagian orang akan menganiaya.</p>\r\n<p>Yang pasti pada setiap perubahan , you will win some and you will lose some. Karena manusia tidak mudah menerima perubahan.</p>\r\n<p>Yesus memberi pewahyuan baru. <br />Maksud nya <br />Dunia itu suka menghakimi. Tanya sama Yesus. Dia akan memberi pewahyuan baru.</p>\r\n<p>Kesaksian :</p>\r\n<p>25 tahun lalu sebelum saya kenal Yesus. Saya dijuluki sebagai seorang yang BODOH. Dan saya hidup dengan definisi dunia.</p>\r\n<p>Pada tahun 1992 , pastor philip membaca alkitab tentang Gideon yang lari dari orang orang Median. <br />Dan Gideon terperanjat. <br />Malaikat muncul kepada Gideon. Hari itu Tuhan melihat potensi dalam diri Gideon yaitu pemberani.</p>\r\n<p>Kemudian setelah saya kenal Yesus , Yesus menunjukkan bahwa saya akan bicara kepada ribuan orang.</p>\r\n<p>Untung saya tidak dengarkan teman teman saya. Karena saya tidak menggantungkan kepercayaan saya pada manusia.</p>\r\n<p><br />Saudara saudara , bukan dunia yang mendefinisikan diri mu. Ijinkan Tuhan menunjukkan seorang pemenang dalam diri anda. ( Show Me ME ).</p>\r\n<p>Minta Tuhan memberi anda visi tentang diri sendiri.</p>\r\n<p>Ask Jesus. What you will become next year.</p>\r\n<p>Ask Jesus to show YOU , YOU THAT YOU NEVER SEE.</p>\r\n<p><br />Pada hari itu Yesus menunjukkan tubuh nya. <br />Arti nya</p>\r\n<p>Jangan ijinkan dunia mendikte mu.</p>\r\n<p>Belajar dari Abraham. Abraham dikatakan adalah bapa segala bangsa. <br />Abraham tahan uji , sarah tertawa. Karena pada saat itu usia sarah sudah 90 dan Abraham sudah 100 dan punya anak aja belon.</p>\r\n<p>Abraham percaya kepada Tuhan dan itu membawa perubahan besar dalam hidup nya.</p>\r\n<p>Arah hidup mu harus berubah.</p>\r\n<p>Ijinkan ALLAH mendefinisikan DIRI MU.</p>\r\n<p>JANGAN IJINKAN DUNIA MENDEFINISIKAN DIRI MU.</p>\r\n<p>God will bring change to you. If you believe Him.</p>\r\n<p>Tetapi harga perubahan itu BESAR , harus rela untuk di cerca.</p>\r\n<p>When you Believe God , percayalah dengan kepala yang keras.</p>\r\n<p>Inti nya adalah tokoh tokoh di Alkitab mengalami perubahan ketika kita PERCAYA. Dan mereka menerima VISI dari ALLAH.</p>\r\n<p>&nbsp;</p>\r\n<p>&nbsp;</p>\r\n<p>&nbsp;</p>\r\n<p>&nbsp;</p>\r\n<p>&nbsp;</p>\r\n<p>&nbsp;</p>', '', '2018-01-27 02:21:34'),
(3, 36, 4, '2017-12-31', 8, 'Doa Yabes', '<p>Gereja Mawar Sharon <br />Minggu , 31-12-2017 <br />Pastor Philip Mantofa <br />Ibadah tutup tahun</p>\r\n<p>Bukit Doa Immanuel</p>\r\n<p>&nbsp;</p>\r\n<p>&nbsp;</p>\r\n<p>1 Tawarikh 4:9-10</p>\r\n<p>Yabes lebih dimuliakan dari pada saudara-saudaranya; nama Yabes itu diberi ibunya kepadanya sebab katanya: \"Aku telah melahirkan dia dengan kesakitan.\"</p>\r\n<p>Yabes berseru kepada Allah Israel, katanya: \"Kiranya Engkau memberkati aku berlimpah-limpah dan memperluas daerahku, dan kiranya tangan-Mu menyertai aku, dan melindungi aku dari pada malapetaka, sehingga kesakitan tidak menimpa aku!\" Dan Allah mengabulkan permintaannya itu.</p>\r\n<p><br />Ada cerita yang menarik di baliik doa Yabes ini saudara saudara sekalian.</p>\r\n<p>Ada yang menganggap Yabes ini adalah seorang yang Egois karena doa doa nya hanya meminta BERKAT terus menerus.</p>\r\n<p>Sebenar nya tidak demikian , tidak banyak yang bisa kita ketahui tentang Yabes. Yang pasti adalah ibu nya melahirkan dia dengan &ldquo; kesakitan &ldquo;. Dari situlah nama Yabes diberikan.</p>\r\n<p>Tentu saja Yabes TIDAK PUNYA masa kecil yang BAHAGIA dan Yabes tidak pernah menyerah. <br />Yabes TIDAK minta PEMBALASAN. <br />Yabes TIDAK minta PEMBENARAN. <br />Yabes TIDAK KECEWA meskipun ada hal hal yang harus dia tanggung akibat CEROBOH orang lain.</p>\r\n<p>Point dari doa Yabes : <br />1. Doa Yabes adalah DOA orang yang DITOLAK. <br />2. Doa Yabes adalah DOA orang yang masa kecil nya TIDAK BAHAGIA. <br />Tetapi HATI YABES TIDAK BERSALAH di hadapan TUHAN.</p>\r\n<p>Implikasi buat kita :</p>\r\n<p>Tuhan ingin Hubungan kita dengan BAPA itu MUDAH , jangan malah dipersulit.</p>\r\n<p>Kita tidak perlu TAKUT <br />Kita tidak perlu SUNGKAN <br />Apalagi kepada BAPA kita. <br />Tuhan menginginkan hubungan yang NYATA , karena KASIH itu dimulai dari HATI. <br />Ingat bahwa ALLAH TIDAK MAU MEMBERKATI KITA SEKALI SAJA. Tetapi ALLAH mau MEMBERKATI KITA BERKALI KALI.</p>\r\n<p>Sekali lagi ALLAH ingin hubungan yang TIDAK ADA JARAK. , HUBUNGAN yang TIDAK ADA RASA CURIGA.</p>\r\n<p>Dosa manusia yang pertama adalah CURIGA. Ini telah dipatahkan oleh YABES.</p>\r\n<p>Jangan Curiga kepada ALLAH kita.</p>\r\n<p>Orang yang TIDAK CURIGA TIDAK BISA DIPATAHKAN semangat nya.</p>\r\n<p>Orang yang TIDAK CURIGA TIDAK BISA dikalahkan.</p>\r\n<p>Orang yang TIDAK CURIGA TIDAK BISA KECEWA kepada ALLAH nya.</p>\r\n<p>Saudara saudara sekalian , doa yabes bukan bicara tentang Prosperity.</p>\r\n<p>Ingat , GOD DOES NOT PROVIDE BLESSING FOR YOU. <br />HE IS PREPARING YOU FOR THE BLESSING.</p>\r\n<p>Allah tidak menyiapkan berkat karena berkat sudah ada di dalam Kristus. Tetapi Allah menyiapkan diri MU dan diri KU untuk menerima BERKAT yang sudah di sediakan.</p>\r\n<p>Mari kita lihat DOA YABES.</p>\r\n<p>Yabes memulai dengan kata KIRA NYA.</p>\r\n<p>Kira nya arti nya menghampiri dengan rendah hati. Doa ini dinaikkan bukan dengan ngotot , doa ini juga dinaikkan tanpa paksaan atau ancaman. Melainkan doa ini dinaikkan dengan sebuah keteguhan IMAN.</p>\r\n<p>Berapa Yabes begitu percaya akan HATI BAPA. Sehingga HATI BAPA TERHARU dan DOA nya dikabulkan.</p>\r\n<p>1. Kiranya Engkau memberkati aku berlimpah limpah.</p>\r\n<p>Disini Yang diminta Yabes bukan harta dunia. <br />Yabes minta supaya kapasitas hati nya di perbesar supaya Yabes bisa mengasihi , supaya Yabes bisa mengampuni , supaya Yabes bisa tetap mengucap syukur.</p>\r\n<p>Yabes mencari kerajaan Allah dan kebenaran nya. Dan Yabes minta menjadi seperti KRISTUS dalam segala perkara.</p>\r\n<p>Ini membuktikan bahwa hati yabes benar di hadapan Allah.</p>\r\n<p>Hati Bapa mana yang tidak leleh mendengar doa seperti ini ????</p>\r\n<p><br />2. Memperluas Daerahku.</p>\r\n<p>Disini baru Yabes bicara tentang warisan. Kita semua tidak tahu banyak cerita Yabes di dalam Alkitab. Singkat cerita Yabes tidak punya cukup banyak apa yang bisa dia kelola.</p>\r\n<p>Amsal 10:22<br />Berkat TUHANlah yang menjadikan kaya, susah payah tidak akan menambahinya.</p>\r\n<p>Kelola sedikit apa yang ada pada mu. Untuk memperoleh apa yang kau butuhkan dan apa yang kau inginkan. Jangan iri dengan orang lain.</p>\r\n<p>Belajar dari kisah 5 roti dan 2 ikan. Kita semua tahu siapa Yesus kita.</p>\r\n<p>Ingat bahwa Tuhan punya KASIH KARUNIA YANG BERBEDA BEDA UNTUK setiap kita.</p>\r\n<p>3. Tangan MU menyertai aku dan melindungi aku.</p>\r\n<p>Di sini cara Yabes meminta sungguh mengagumkan. Dia seperti mengecup tangan Tuhan. Dan Dia minta nya dengan CINTA.</p>\r\n<p>Hati BAPA akan leleh jika di gitukan.</p>\r\n<p>Disini Yabes minta Tangan Tuhan menyertai nya. Arti nya bawa proyek proyek anda di hadapan Tuhan.</p>\r\n<p>Apa pun yang anda hadapi. Percaya bahwa Tuhan akan menyertai dan melindungi saudara sekalian.</p>\r\n<p><br />4. Sehingga kesakitan tidak menimpa aku.</p>\r\n<p>Seperti yang kita tahu Yabes sudah cukup menderita dari sejak kecil.</p>\r\n<p>Yabes minta supaya dia tidak mengalami KEKALAHAN.</p>\r\n<p>Apapun yang terjadi , aku nda akan KALAH , TUHAN PASTIKAN ANAKMU ini TIDAK KALAH. Karena aku punya BAPA</p>\r\n<p>Kita semua tau bahwa ALLAH mengabulkan doa Yabes.</p>\r\n<p>&nbsp;</p>\r\n<p>&nbsp;</p>\r\n<p>&nbsp;</p>\r\n<p>&nbsp;</p>\r\n<p>&nbsp;</p>\r\n<p>&nbsp;</p>\r\n<p>&nbsp;</p>', '', '2018-01-27 02:27:28'),
(4, 36, 4, '2018-01-14', 5, 'Perpuluhan', '<p>Gereja Mawar Sharon <br />Minggu , 13 Januari 2018 <br />Pastor Philip Mantofa <br />Ibadah 10.00</p>\r\n<p>Kebenaran dalam Batin tentang PERPULUHAN.</p>\r\n<p>Perpuluhan adalah bagian untuk kita bisa selalu hidup kudus. Supaya kita harus tetap bisa hidup berkenan kepada NYA.</p>\r\n<p>Maleakhi 3 ayat 6 - 12</p>\r\n<p>Perintah Tuhan kepada kita adalah supaya setiap kita menyembah Tuhan , bukan menyembah MAMON.</p>\r\n<p>Itulah kenapa persembahan perpuluhan adalah suatu FONDASI yang sifat nya adalah MENGEMBALIKAN kepada Tuhan dan BUKAN untuk PENGUMPULAN DANA tetapi mengembangkan GAYA HIDUP untuk memberi.</p>\r\n<p>Point : <br />Yang Tuhan inginkan bukanlah uang kita ataupun pemberian kita. Tetapi Lifestyle kita agar bisa menyenangkan HATI TUHAN.</p>\r\n<p>Maleakhi 3 ayat 6 -7</p>\r\n<p>Kita harus memperbaiki &ldquo; BATIN &ldquo; kita yang &ldquo; menyimpang &ldquo;. <br />Artinya kita tidak bisa ikut Tuhan di dalam &ldquo; Remang - Remang &ldquo; tetapi ikut Tuhan harus selalu &ldquo; TERANG- TERANGAN&rdquo;.</p>\r\n<p>Ada 3 mentalitas KRISTEN dan dari 3 mentalitas ini , 2 dari antara nya adalah mentalitas yang menyimpang.</p>\r\n<p>1. Kristen Komunis.</p>\r\n<p>Mentalitas yang memiliki pendapat bahwa Pendeta itu harus miskin , Gereja harus kecil dan Jemaat tidak diberkati. ( satu pemikiran di mana orang itu tidak bisa melihat jika orang itu diberkati ).</p>\r\n<p>Orang Kristen seperti ini disebut orang yang ANTI BERKAT. Dan orang seperti ini TIDAK BISA melihat kebaikan ALLAH atas hidup nya.</p>\r\n<p>1 Timotius 4 ayat 1-5</p>\r\n<p>2. Kristen KAPITALIS</p>\r\n<p>Ini adalah kebalikan dari Kristen Komunis dimana orang yang memiliki pandangan sebagai berikut : <br />Pendeta harus KAYA , gereja harus BESAR dan JEMAAT harus KAYA. Ini yang dinamakan INJIL KEMAKMURAN dimana Ikut Yesus itu ENAK dan kita mendapat semua yang kita ingin kan.</p>\r\n<p>Note : kita harus menyingkirkan KRISTEN KOMUNIS dan KRISTEN KAPITALIS karena ini adalah mentalitas yang &ldquo; menyimpang &ldquo;.</p>\r\n<p>3. KRISTEN KERAJAAN.</p>\r\n<p>Satu mentalitas yang memiliki pemikiran Pendeta harus mengelola , Gereja harus MISI dan Jemaat adalah MITRA KERJA ALLAH.</p>\r\n<p>Disini kita semua memiliki tanggung jawab yang SAMA yakni mengelola keuangan pribadi kita masing masing dan mengelola keuangan keluarga kita masing masing.</p>\r\n<p>Ingat , jika kita mengelola perkara kecil dengan sungguh sungguh. Niscaya Tuhan akan memberikan kepercayaan kepada kita untuk mengelola perkara perkara yang lebih BESAR.</p>\r\n<p>Maleakhi 3 ayat 8-9</p>\r\n<p>Di ayat 8 ini Tuhan berkata tentang perpuluhan dan perpuluhan ini adalah IDE nya TUHAN. Berarti Tuhan punya maksud tertentu tentang PERPULUHAN ini.</p>\r\n<p>Ulangan 14 ayat 22-29</p>\r\n<p>Kita harus menyerahkan perpuluhan karena perpuluhan adalah merupakan suatu perintah TUHAN. Dan perpuluhan ini jangan dilhat sebagai suatu KEHARUSAN melainkan harus dilihat sebagai suatu KERINDUAN.</p>\r\n<p>Dan juga Perpuluhan ini adalah hubungan kita dengan Tuhan soal keuangan. Dimana Tuhan sedang mendidik putra dan putri nya. Disini juga termasuk Hamba Hamba Tuhan yang melayani Tuhan dengan sepenuh waktu karena mereka telah melepaskan jabatan nya di dunia. Ini menunjukkan bahwa TUHAN PEDULI atas hamba hamba nya.</p>\r\n<p>Saudara saudara , Tuhan ingin agar umat Tuhan diberkati dan menjadi berkat. Oleh karena itu ALLAH memberi perintah perpuluhan , tujuan nya bukan money oriented tetapi tujuan nya adalah KARAKTER ILLAHI.</p>\r\n<p>Tetapi masih saja ada pandangan pandangan yang SALAH tentang perpuluhan.</p>\r\n<p>a. GEREJA KECIL PALING PERLU DUKUNGAN DANA.</p>\r\n<p>Seharus nya kita bisa mengerti kalo gereja kecil perlu dukungan dana apalagi kalau gereja itu masih dalam tahap PERINTISAN.</p>\r\n<p>Tetapi tidak bisa dipungkiri bahwa ada juga ministry yang kecil yang SALAH di dalam pengelolaan nya. Ini yang perlu kita garis bawahi.</p>\r\n<p>Disini kita di dalam memberikan perpuluhan bukan untuk BELAS KASIHAN tetapi kita memberikan perpuluhan kepada Tuhan di tempat kita bertumbuh dan memperoleh firman Tuhan.</p>\r\n<p>b. Gereja Besar Tidak perlu dukungan dana.</p>\r\n<p>2 korintus 4 ayat 15</p>\r\n<p>To be fair , if we do not have a mission from Christ , kita tidak membutuhkan dukungan dana. ( tidak peduli gereja <br />itu gereja besar atau gereja kecil ).</p>\r\n<p>Saya mengambil contoh Gereja Mawar Sharon. <br />Di bawah Gereja Mawar Sharon ada Yayasan Sentuhan Kasih Bangsa yang memiliki misi di bidang kemanusiaan. Selain itu juga ada Yayasan Festival Kuasa Allah yang memiliki misi di bidang kesembuhan.</p>\r\n<p>Melalui Gereja Mawar Sharon , Tuhan memiliki MISI yang sangat JELAS sehingga diharapkan kita dapat terus bekerja di ladang ALLAH.</p>\r\n<p>c. Perpuluhan tidak diperintahkan di Perjanjian BARU. Itu adalah Rekayasa Gereja.</p>\r\n<p>Matius 19 ayat 20-22</p>\r\n<p>Saudara saudara , perpuluhan itu adalah sekolah dasar nya. Sebenar nya Tuhan tidak pernah meminta 100 persen uang kita. Yang Tuhan minta adalah supaya hidup kita berpusat kepada NYA.</p>\r\n<p>Terkadang juga ada yang berpikiran perpuluhan ku terlalu besar.</p>\r\n<p>Saudara saudara , perlu diingat bahwa pekerjaan Tuhan dibangun di atas dasar orang orang yang TAAT. Bukan dibangun di atas dasar orang KAYA ataupun orang MISKIN.</p>\r\n<p>Jika sekalipun di gereja kita RAGU di dalam memberikan perpuluhan. Sebaik nya kita tidak mengajak keluarga kita untuk beribadah dalam gereja tersebut.</p>\r\n<p>Terkesan aneh , karena ada orang yang mempercayakan keluarga nya bahkan anak anak nya agar bertumbuh dan tertanam pada gereja itu tetapi mereka tidak mempercayaksn keuangan nya.</p>\r\n<p>Sekali lagi kalo anda masih bimbang , sebaik nya anda jangan membawa keluarga anda untuk beribadah di dalam gereja itu. Ini yang disebut KEBENARAN di dalam BATIN.</p>\r\n<p>d. Perpuluhan harus disebar atau lebih aman jika dikelola sendiri.</p>\r\n<p>Saudara saudara. Perpuluhan sekali lagi adalah suatu KERINDUAN dan bukan lah suatu KETAKUTAN.</p>\r\n<p>Sekarang , jika kita mengelola sendiri perpuluhan kita. Itu berarti kita tidak percaya kepada Hamba Tuhan.</p>\r\n<p>Apalagi jika kita menyebar perpuluhan kita. Atau saya menyalurkan perpuluhan menurut pendapat saya. Ini sudah bisa dilihat bahwa kita sudah hilang percaya kepada manusia.</p>\r\n<p>Sebalik nya , kalo dibalik bagaimana jika gembala Tuhan yang RAGU terhadap jemaat ????? <br />Bagaimana jadi nya jika TIDAK ADA lagi yang menabur firman ?????</p>\r\n<p>Saudara saudara , hamba Tuhan mengambil resiko untuk tetap menabur firman Tuhan kepada para jemaat.</p>\r\n<p>Untuk itu para jemaat juga harus percaya kepada Hamba Tuhan dengan taat memberikan perpuluhan mereka supaya bisa dikelola lebih lanjut.</p>\r\n<p>Maleakhi 3 ayat 10-11</p>\r\n<p>Ayat 10 dan ayat 11 ini adalah merupakan Janji Tuhan. Dimana perpuluhan itu tidak boleh kita gunakan untuk menodong Tuhan ( untuk mendapat 3 x lipat atau 6 x lipat atau 10 x lipat ganda ). Melainkan perpuluhan adalah untuk menyenangkan hati Tuhan.</p>\r\n<p>Saya selalu mengajarkan anak anak saya. Vanessa , Jeremy dan Warren tentang perpuluhan. Jika mereka mendapat angpau , maka mereka juga akan mengembalikan perpuluhan itu ke gereja. Saya mengajarkan anak anak saya dari sejak kecil supaya mereka tidak mencibtai uang atau mencintai barang.</p>\r\n<p>Seperti yang kita tahu. Masih ada orang yang taat dalam perpuluhan dan ada juga orang yang Tidak memberi perpuluhan.</p>\r\n<p>Saya menghimbau kalo saudara merasa tertanam di gereja. Kasih Full amount. Dan hangan disebar ke sana dan ke mari.</p>\r\n<p>Jika anda masih ragu. Silahkan cek batin anda. Apa yang membuat anda merasa ragu ? Mungkin ada kesakah pahaman di dalam &ldquo; batin &ldquo; anda.</p>\r\n<p>Satu hal , Perpuluhan adalah Investasi di dalam kerajaan Allah. Perpuluhan bukan BELAS KASIHAN.</p>\r\n<p>Maleakhi 3 ayat 12</p>\r\n<p>Mari kita baca dengan suara yang keras ayat ini saudara saudara.</p>\r\n<p>Pada tanggal 4 Februari nanti saya akan memimpin saudara saudara semua untuk memberikan perpuluhan kepada Tuhan.</p>\r\n<p>Akan ada orang yang sudah lama tidak memberikan perpuluhan akan memberikan perpuluhan bahkan akan ada orang yang belum pernah memberikan perpuluhan AKAN memberikan perpuluhan.</p>\r\n<p>&nbsp;</p>', '', '2018-01-27 02:34:25'),
(5, 36, 4, '2018-01-15', 1, '[ICONNECT] Christmas Celebration', '<p>Gereja Mawar Sharon <br />I connect <br />Senin , 15 Januari 2018 <br />Pastor Philip Mantofa</p>\r\n<p>Tuhan tidak pernah berhutang kepada siapa siapa. Thank you for your ministry I hub. Only heaven can count.</p>\r\n<p>Previelege orang yang melayani : <br />Mereka bisa sekali lagi memandang wajah Bapa <br />( Whatever your ministry , I will remember you ).</p>\r\n<p>Ini adalah sebuah jaminan dimana orang yang melayani TIDAK AKAN DILUPAKAN OLEH TUHAN.</p>\r\n<p>Saya mau sampaikan tentang renungan sederhana.</p>\r\n<p>Pagi tadi Tuhan memperharui hati melayani dalam diri ku.</p>\r\n<p>Matius 22 ayat 2 - 14 <br />Ini pesan Tahun baru dengan hati yang baru untuk melayani Tuhan yang sama</p>\r\n<p>Saya mau membuat statement <br />KALIAN SEMUA ADALAH SEDIKIT YANG DIPILIH.</p>\r\n<p>M A T I US 22</p>\r\n<p>ayat 2</p>\r\n<p>Pelayanan itu bukan program dan bukan pekerjaan. Pelayanan itu tertuju pada sang PRIBADI. ( I DO THIS FOR YOU &mdash;&mdash;- high five for HIM , 5 jari kita ).</p>\r\n<p>Mereka kehilangan pelayanan mereka ketika mereka kehilangan HATI. ( your ministry is over when you lose your heart ). <br />Ministry is about HEART.</p>\r\n<p>Dan ministry juga diumpamakan sebagai perjamuan kawin ( kita ini EO nya ). ( ministry is a christ wedding with church )</p>\r\n<p>ayat 3.</p>\r\n<p>Mereka diundang untuk makan wagyu tapi mereka tidak mau. <br />Ministry itu kelihatan nya memberi tetapi sebenar nya kita ini menerima. <br />Kita ini diundang makan wagyu nya Tuhan loh.</p>\r\n<p>Ternyata nanti lebih banyak yang kita terima daripada yang kita beri. ( melalui pelayanan ).</p>\r\n<p>sssttt.....jangan beritahu orang luar ya. Ini eksklusif buat club nya Tuhan Yesus. Ini semua karena kita MELAYANI.</p>\r\n<p>ayat 4</p>\r\n<p>ini diundang undang sama raja. Disuruh bersenang senang tetapi TIDAK MAU. Kenapa ya ?</p>\r\n<p>Orang yang melayani. Bisa dikatakan mempunyai harta yang paking banyak karena mereka memiliki JOY OF THE LORD.</p>\r\n<p>ayat 5</p>\r\n<p>ada aniaya aniaya yang terjadi pada waktu kita melayani.</p>\r\n<p>ayat 6</p>\r\n<p>ayat ini adalah ayat untuk orang yang menolak panggilan Tuhan. Jadi ayat ini tidak rekevan.</p>\r\n<p>ayat 7-9</p>\r\n<p>We are not God first choices. <br />Ketika kita beranjak dari kursi itu dan meninggalkan pelayanan kita. Sudah ada 1.001 orang yang antri menggantikan posisi mu.</p>\r\n<p>Itulah sebab nya kita terus re generasi.</p>\r\n<p>Orang yang melayani Tuhan tidak bisa pensiun saudara saudara. Pertahan kan tempat MU dan berkembang biak lah.</p>\r\n<p>Jangan menyia nyiakan panggilan atau asal asalan dalam pelayanan.</p>\r\n<p>Spirit pelayanan : orang yang suka mentraining orang baru. Orang yang suka melihat orang yang di pimpin nya menjadi lebih BESAR.</p>\r\n<p>Kalo ada tangkap , rhema ini akan menjadi fondasi buat I hub untuk tahun tahun ke depan.</p>\r\n<p>ayat 10.</p>\r\n<p>Ada orang orang baik <br />Dan ada orang orang jahat</p>\r\n<p>Artinya <br />Tidak ada yang sempurna di antara kita.</p>\r\n<p>Ministry adalah tempat perubahan. <br />Dan perubahan menuju ke arah yang lebih BAIK.</p>\r\n<p>Bagi orang yang sudah baik jangan lengah. Karena ministry adalah tempat untuk gesekan.</p>\r\n<p>Tuhan memberi semua orang kesempatan yang SAMA.</p>\r\n<p>Ijinkan orang yang Jahat untuk berubah.</p>\r\n<p>Ini adalah peringatan bagi kita semua.</p>\r\n<p>ayat 11 - 12</p>\r\n<p>Jika ada orang yang tidak pakai pakaian pesta</p>\r\n<p><br />ayat 13</p>\r\n<p>kenapa koq sampai diperlakukan seperti ini ? Sebab BAPA di sorga tidak pernah jahat.</p>\r\n<p>Ini ada cerita nya.</p>\r\n<p>Sultan itu kalo lagi birthday. Rakyat datang untuk mencium tangan nya dan dikasih angpao. Raja raja zaman dulu sangat lavish kalo memberi. Nda mungkin jika kita orang miskin dia biarkan compang camping. Mereka sudah satu paket dan akan kasih baju.</p>\r\n<p>Nah waktu itu baju nya sudah disediakan tetapi tetap pakai baju compang camping. Ini yang membuat RAJA ini MARAH.</p>\r\n<p>Ada 3 sikap dalam pelayanan :</p>\r\n<p>A. Tidak merayakan</p>\r\n<p>Datang ke pesta hanya untuk makan. Supaya dapat makan gratisan. Dikasih baju tidak mau tapi datang hanya untuk makan.</p>\r\n<p>Raja ini marah karena TIDAK KASIH MUKA kepada PUTERA NYA.</p>\r\n<p>arti nya :</p>\r\n<p>Ministry harus berpikiran LEBAR. Jangan hanya berpikiran pada diri kita sendiri. <br />( Jangan lah memikirkan diri sendiri dan Departemen kita ).</p>\r\n<p>Jika ada altar call. Turut lah merayakan.</p>\r\n<p>B. Suka meremehkan</p>\r\n<p>Be proffesional dalam pelayanan. Jangan punya roh menggampangkan atau meremehkan.</p>\r\n<p>Semua itu ada aturan nya. Anggap serius setiap job desk kita dalam pelayanan.</p>\r\n<p>C. Menolak kesempatan.</p>\r\n<p>Ministry is oppotunity for us to meet people.</p>\r\n<p>Pasti hidup kita di upgrade melalui pelayanan.</p>\r\n<p>Anything can happen in the ministry. Upgrades are coming.</p>\r\n<p>Jangan sampai kita melayani tanpa ekspektasi.</p>\r\n<p>&nbsp;</p>\r\n<p>&nbsp;</p>\r\n<p>&nbsp;</p>\r\n<p>&nbsp;</p>', '', '2018-01-27 05:16:14'),
(6, 36, 4, '2018-02-04', 4, 'Menjadi orang tua adalah pekerjaan yang TERMULIA', '<p>Gereja Mawar Sharon <br />Minggu , 04-02-2018 <br />Pastor Philip Mantofa <br />Ibadah 07.00</p>\r\n<p>&nbsp;</p>\r\n<p><br />Menjadi orang tua adalah pekerjaan yang termulia</p>\r\n<p>Maleakhi 4 ayat 6</p>\r\n<p>Saudara saudara , tahukah anda bahwa NO BODY CAN REPLACE YOU in the family.</p>\r\n<p>Sebagai orang tua , kita ini tidak tergantikan. Ini job yang tidak ada substitusi nya. Maka dari itu kita ini tidak boleh asal asalan karena upah nya adalah anak panah.</p>\r\n<p>Saudara saudara , I AM A COMMITED FATHER FIRST BEFORE I AM A COMMITED PREACHER. <br />artinya saya adalah seorang papa yang komitmen terhadap keluarga sebelum saya adalah seorang pengkhotbah.</p>\r\n<p><br />Jika saudara adalah seorang orang tua , bayangkan jika anda asal asalan maka hidup keluarga anda juga akan asal asalan. Oleh karena itu Tugas seorang pendidik ada di pundak anda. <br />IT IS BETTER LATE THAN NEVER sebab ANDA TIDAK TERGANTIKAN.</p>\r\n<p>Saya bersyukur bisa tinggal di Indonesia dan mempunyai GEREJA ANAK di GEREJA kita. Tahukah saudara , di suatu negara yang saya tidak bisa sebutkan nama nya. Bahkan memberitakan injil adalah dianggap sebagai suatu perbuatan kriminal. Dan satu satu nya yang mengabarkan injil kepada Anak Anak juga di tangkap. <br />Saudara , meskipun demikian. Satu satu nya yang bisa buka bible di negara itu adalah PAPA. PAPA bisa mengajarkan kepada anak anak nya bahwa Tuhan Yesus sangat mengasihi mereka.</p>\r\n<p>Tahukah anda hai orang tua jika OUR FUTURE IS IN THEIR HANDS ( Masa depan kita berada di tangan anak anak kita ). Ketahuilah bahwa mimpi anda akan menjadi buruk jika anak anak anda buruk dan kita bisa menciptakan anak anak muda yang ber-visi Tuhan jika sejak kecil sudah di nubuatkan.</p>\r\n<p>Figur seorang ayah merupakan fondasi masyarakat. Anak yang tidak punya figur ayah cenderung lebih banyak dipenjara , sakit jiwa , tidak komitmen kerja , narkoba , hamil di luar nikah , bahkan bunuh diri. <br />Dari semua yang ada diatas , apapun ras agama nya dan apa pun ras suku nya apabila Sang AYAH BENAR maka anak anak nya TIDAK AKAN mengarah kepada KRIMINALITAS.</p>\r\n<p><br />IF YOU WANT TO FIX A GENERATION , YOU MUST FIX A COUPLE OF GENERATION. Gereja harus memperbaiki fondasi yang salah bukan hanya melulu berbicara soal BERKAT. Gereja juga harus menjadi PROBLEM SHOOTER. Oleh karena itu penting sekali untuk mengetahui tentang GENERASI BAPA.</p>\r\n<p>Saya masih ingat tentang anak saya vanessa. Ketika masih kecil dan saya ajak dia bersama istri saya ke luar negeri. Pada waktu itu dia nangis terus. Jujur , saya pada waktu itu sempet merasa gagal sebagai seorang papa. Karena saya panik , koq anak saya nangis terus. Ternyata anak saya cuma minta susu. <br />Simple bukan ? <br />Kabar buruk nya kita sebagai orang tua sempet merasa bahwa kita gagal. <br />Tapi , kabar baik nya adalah TIDAK ADA YANG SEMPURNA. Kita semua masih harus BELAJAR dan Kita semua masih harus MENJAGA keluarga kita bahkan anak anak kita.</p>\r\n<p>Sebagai seorang papa <br />Dibutuhkan <br />- komitmen , papa akan selalu hadir pada keadaan apapun baik dalam susah maupun senang. <br />- usaha , papa tidak boleh pasrah. anak ku mau jadi apa terserah. Whatever will be will be. Ini tidak boleh. Dibutuhkan usaha dari seorang papa untuk mendidik dan mengarahkan anak anak nya. <br />- pengorbanan , papa harus rela mengorbankan hobby pribadi nya dan memilih hal hal yang berorientasi kepada aktivitas keluarga.</p>\r\n<p>Perlu diketahui bahwa komitmen yang kita masukkan tidak akan hilang. Ayah yang komitmen terhadap keluarga nya. Akan juga komitmen terhadap pekerjaan nya. CHAMPION DAD IS A CHAMPION MAN.</p>\r\n<p>Untuk menjadi ayah yang baik dibutuhksn pengorbanan. Hargai suami anda hai para istri. Meskipun suami anda tidak kaya dan susmi anda tidak ganteng. <br />Jika suami anda setia dan suami anda bekerja keras buat keluarga sebaik nya para istri bersyukur dan para istri wajib untuk mendukung dan melayani suami nya.</p>\r\n<p>Ayah seperti apa yang kita harapkan</p>\r\n<p>- Mengapresiasi , arti nya : papa yang rajin memuji istri dan memuji anak anak nya di rumah. ( bukan di tempat yang lain ). <br />- Membimbing , artinya : papa yang mengoreksi bahkan jika perlu memberikan hukuman serta tindakan disiplin terhadap anak anak nya. <br />- Menguatkan , artinya : papa yang selalu memberikan semangat dan dorongan kepada anak anak nya. ( di segala situasi ).</p>\r\n<p>Tahukah anda ? <br />Bahwa Segala Profesi mu di bangun diatas family mu ? <br />And IT TAKES A LOT OF WORK. A DEEP DEEP WORK. <br />Apa kah anda sudah mengusahakan membangun fondasi yang terbaik untuk keluarga mu???????</p>\r\n<p>Saya pribadi menganjurkan anda untuk tidak melewatkan acara CMC ( Children Ministry Conference ) karena akan ada banyak keluarga yang akam dipulihksn Tuhan pada acara itu. </p>', '', '2018-02-05 18:31:48'),
(7, 36, 4, '2018-02-04', 5, 'PETA KELUARGA', '<p>Gereja Mawar Sharon <br />Minggu , 04-02-2018 <br />Pastor Philip Mantofa <br />Ibadah 10.00</p>\r\n<p><br />P e t a K e l u a r g a</p>\r\n<p>Apa yang lebih penting daripada foto keluarga ?</p>\r\n<p>Selain foto keluarga , Peta keluarga adalah sesuatu yang penting saudara saudara.</p>\r\n<p>Keluarga tidak boleh dibangun diatas dorongan seksual. <br />Keluarga bahagia harus selalu dibangun dengan patrun yang jelas <br />( contoh : Kasih &mdash;&mdash;&mdash; itu mengampuni )</p>\r\n<p>&nbsp;</p>\r\n<p>Amsal 29 ayat 18</p>\r\n<p>Mendengarkan suara roh kudus itu penting sekali. Dalam keluarga , harus ada pewahyuan.</p>\r\n<p>Kenapa saya mempercayakan keluarga saya pada Yesus ? ( because i know HE can handle it )</p>\r\n<p>Papa mama harus ada pewahyuan. Sekali kali saya naik ke Bukit Doa bersama istri saya untuk memperoleh pewahyuan dari Tuhan.</p>\r\n<p>Wahyu itu penting sekali. Kita perlu mendengar suara roh kudus buat keluarga kita.</p>\r\n<p>Sukses kerja tidak dapat menggantikan sukses keluarga anda. <br />Tetapi sukses dalam keluarga anda akan membangun pelan pelan sukses dalam kerjaan anda.</p>\r\n<p>Keluarga anda seperti apa <br />10 20 30 tahun kedepan ?</p>\r\n<p>Anda perlu mendengar suara roh kudus for our family. Di kerjaan kita punya perencanaan <br />Bagaimana dengan perencanaan di keluarga kita ?</p>\r\n<p>Yohanes 16 ayat 12 - 13</p>\r\n<p>Dia akan memimpin kamu di dalam kebenaran dan Ia akan memberikan hal hal yang akan datang kepada mu ( ini yang nama nya Wahyu ).</p>\r\n<p>Bagaimana dengan peta keluarga mu?</p>\r\n<p>Jika peta keluarga anda masih buta atau masih belon punya maka minta Tuhan mencelikkan mata mu.</p>\r\n<p>Saudara saudara , penghalang utama suara Tuhan adalah KESIBUKAN. <br />Kalo kita berani membuat anak anak kita , kita juga harus berani membesarkan anak anak kita.</p>\r\n<p>Papa mama harus bangun kerohanian. Sebuah keluarga bahagia harus dibangun secara teamwork.</p>\r\n<p>Jatuh bangun sebuah keluarga adalah karena kepemimpinan.</p>\r\n<p>Visi Papa , Intuisi Mama</p>\r\n<p>Seorang mama biasa nya lebih bisa ngerti bakat bakat anak nya. Dan seorang papa adalah pemimpin yang visionaris.</p>\r\n<p>Hukum (yang tidak tertulis )SAMA dengan Wahyu yang di komunikasikan.</p>\r\n<p>Ibrani 10 ayat 15-16</p>\r\n<p>Kita tidak membangkitkan sebuah generasi yang liar. Karena itu kita harus punya peta yang berisi value value besar.</p>\r\n<p>Saya akan buka value value nya Mantofa.</p>\r\n<p>Tahun lalu adalah 365 hari. Saya catat waktu waktu kualitas kami. ( bersama anak dan istri ). Keluar angka 167 out of 365 hari.</p>\r\n<p>Saya ingat waktu dan tempat nya dimana. Tidak harus ke restaurant yang mahal.</p>\r\n<p>Peta keluarga kami : ( Mantofa Value )</p>\r\n<p>1. Anak anak saya harus belajar tentang Tuhan dari mulut papa dan mama nya. Anak harus sering mendengar tentang Tuhan dari papa mama nya.</p>\r\n<p>2. Anak anak saya harus belajar tentang prioritas hidup. ( Tuhan dulu , orang , baru barang )</p>\r\n<p>3. Pernikahan itu harus holy baru happy. Kami juga menjelaskan tentang sex. Berikan pewahyuan yang sederhana sekali. Tidak usah di pertontonkan. Butuh kreativitas yang kebih keras saja.</p>\r\n<p>4. Berkat dan talenta <br />Memberikan motivasi kenapa harus lea chinese <br />Memberikan motivasi kenapa harus les piano.</p>\r\n<p>5. Masa depan dan Masa Tua <br />Tidak ada panti jompo dalam keluarga kami. Anak anak harus menjaga orang tua nya di masa tua nanti. <br />Jangan orang tua nya ditaruh di panti jompo.</p>\r\n<p>Are you that family ?</p>\r\n<p>Saudara saudara , di dalam hidup kita kita harus punya visi. Libatkan istri dan anak anak untuk membentuk peta keluarga mu.</p>\r\n<p>Bagaimana saya tahu kalo peta saya terbolak balik ? <br />Tanya istri dan anak - anak kita. Karena mereka yang merasakan.</p>\r\n<p>Sekali kali suami istri kencan sendiri. Anak anak di rumah. Lalu ketika keluar bersama sama , jangan ngobrol tentang gosip. Namun berbicara yang saling membangun.</p>\r\n<p>Dengarkan pasangan anda. Dan peta nya mulai dibangun.</p>\r\n<p>Apa saja yang anda terima dari Tuhan , cepet cepet sampaikan kepada anak anak mu.</p>\r\n<p>Jika kita sampaikan kepada anak anak kita. Papa harus setia sama mama. Dan mama harus setia samapapa. Kita harus mempraktekkan nya.</p>\r\n<p>Ada orang orang yang melakukan firman nya. Tetapi di rumah diam saja.</p>\r\n<p>Papa TALK TO THE KIDS. <br />Tidak harus jadi pengkhotbah. Taruh hp mu dan koran mu. <br />Speak to them. <br />Kalo anda melakukan sekalian ajarkan supaya anak anak bisa menjadikan anda sebagai batu loncatan.</p>\r\n<p>Jangan sampai anak anak belajar dari orang lain.</p>\r\n<p>It is better late than never.</p>\r\n<p>Anda sibuk. Saya juga.</p>\r\n<p>Saya bisa. Anda juga bisa.</p>\r\n<p>Mari kita berbicara sebagai ayah dalam kehidupan mereka.</p>\r\n<p>&nbsp;</p>', '', '2018-02-05 18:33:27'),
(8, 36, 4, '2018-02-04', 7, 'ROTAN KASIH', '<p>Gereja Mawar Sharon <br />Minggu , 04-02-2018 <br />Pastor Philip Mantofa <br />Ibadah 16.00</p>\r\n<p>R O T A N. K A S I H</p>\r\n<p>Amsal 23:12-14</p>\r\n<p>Ayat 12 Arahkanlah perhatianmu kepada didikan, dan telingamu kepada kata-kata pengetahuan.</p>\r\n<p>Goal nya adalah untuk mendidik dalam kebenaran. Untuk bisa membedakan mana yang benar mana yang salah.</p>\r\n<p>Setiap pilihan yang mereka ambil ada konsekuensi nya.</p>\r\n<p>Kesalahan orang tua biasa nya asal marah , main pukul dan main hukum serta tidak ada penjelasan. Kadang ini yang membuat anak bingung.</p>\r\n<p>Kita harus angkat bicara , bukan main hukum saja. Di area ini kita biasa nya sering mempunyai banyak alasan ( Wong belon mencoba koq sudah bilang tidak bisa ).</p>\r\n<p>Be a teaching parents for your children. <br />Stop making excuses. Because YOU CAN.</p>\r\n<p>Jangan hanya bisa memukul. Ayah yang sibuk kadang kadang tidak mau ikut campur mendidik anak. Dan mempercayakan kepada istri nya. Alangkah baik nya jika dilakukan bersama sama.</p>\r\n<p>&nbsp;</p>\r\n<p>Ayat 13 Jangan menolak didikan dari anakmu ia tidak akan mati kalau engkau memukulnya dengan rotan.</p>\r\n<p>Terlalu banyak papa yang berpikiran bahwa mendidik anak adalah tugas istri nya ataupun tugas dari guru nya di sekolah.</p>\r\n<p>Mari ubah pikiran seperti ini. <br />Jangan pernah mendelegasikan rotan disiplin kepada orang lain.</p>\r\n<p>Free Thinking family usually become a broken family. Kasihan anak anak.</p>\r\n<p>Ketahuilah bahwa suatu hari anak anak anda akan mengenang indah didikan dari papa dan mama nya. <br />Dan mereka akan say thank you. ( mereka akan ber terima kasih kepada MU ). <br />Bahkan mereka akan melakukan hal yang SAMA kepada anak anak nya.</p>\r\n<p>Sebalik nya , anak yang dilepas. Tidak akan pernah kembali lagi kepada orang tua nya.</p>\r\n<p>Hati - Hati.</p>\r\n<p>Ayah dan ibu yang tidak pernah mendisiplinkan anak nya TIDAK PERNAH DIINGAT OLEH ANAK ANAK NYA.</p>\r\n<p>Semakin besar anak mu. Semakin anda diperlukan. TEACH THEM. Mungkin nda pake rotan. Tapi TEGOR. <br />Pake rotan anda dengan cara sesuai USIA.</p>\r\n<p>Nda pernah pensiun jadi papa mama itu. Anak anda nanti akan melihat anda sampe tua bagaimana memperlakukan pasangan. Karena anak anda nanti akan melewati masa masa seperti anda.</p>\r\n<p>Speak into their life ( bicara dalam kehidupan mereka )</p>\r\n<p>&nbsp;</p>\r\n<p>&nbsp;</p>\r\n<p>&nbsp;</p>\r\n<p>Ayat 14. Engkau memukulnya dengan rotan, tetapi engkau menyelamatkan nyawanya dari dunia orang mati.</p>\r\n<p><br />Jangan pernah lakukan hanya untuk lukai perasaan mereka. Setiap rotan yang kita pakai hanya untuk mendidik mereka di dalam kebenaran.</p>\r\n<p>Jangan marah dosis terlalu tinggi. Sesuaikan dengan usia. <br />Ingat kita punya anak kepribadian nya berbeda beda satu sama lain.</p>\r\n<p>Pakailah alat untuk mendidik mereka. Jangan pakai memukul. Supaya anak anak tahu setiap perbuatan itu ada konsekuensi nya.</p>\r\n<p>Pastikan kita siapkan dengan penjelasan. Kemudian kita didik. <br />Ini prinsip 2 banding 1.</p>\r\n<p>Contoh <br />Papa mama sayang sama kamu. Tapi papa mama KECEWA dengan perbuatan kamu.</p>\r\n<p>Jadi kita balut dulu dengan kasih sayang kemudian kita disiplinkan mereka. <br />Perlihatkan mereka dengan KASIH.</p>\r\n<p>Ibrani 12 ayat 5 - 7</p>\r\n<p>Kita harus bisa memberikan rasa DAMAI kepada anak anak kita. Rasa damai ini tidak bisa diganti dengan emas , saham , bahkan properti dari papa dan mama nya.</p>\r\n<p>Papa mama yang mendisiplinkan anak nya adalah pembela dan pelindung bagi putra dan putri nya.</p>\r\n<p>Teach your children parents.</p>\r\n<p>&nbsp;</p>\r\n<p>&nbsp;</p>\r\n<p>&nbsp;</p>', '', '2018-02-08 02:56:06'),
(9, 36, 4, '2018-02-04', 8, 'Kasih yang disengaja', '<p>Gereja Mawar Sharon <br />Minggu , 04-02-2018 <br />Pastor Philip Mantofa <br />Ibadah 19.00</p>\r\n<p><br /> Kasih yang Disengaja </p>\r\n<p>1 Petrus 4:8<br />Tetapi yang terutama: kasihilah sungguh-sungguh seorang akan yang lain, sebab kasih menutupi banyak sekali dosa.</p>\r\n<p>Ada 4 wujud bahasa cinta :</p>\r\n<p>1. komitmen. <br />Fondasi keluarga adalah komitmen papa dan mama. Kemudian anak mengikuti. <br />Kalo papa cuci tangan , mama juga cuek , mana bisa kita memetik rencana Tuhan. <br />Kasih harus sungguh sungguh. Tidak boleh pura pura. Anak anak anda ( keluarga ) anda tidak akan dapat diberkati.</p>\r\n<p>Dari sini kita tahu bahwa fondasi keluarga adalah komitmen.</p>\r\n<p>Children spell love T I M E ( all the children in the world )</p>\r\n<p>Apapun alasan nya , jika kita tidak punya waktu untuk anak anak kita. Itu hanya alasan belaka.</p>\r\n<p>365 hari tahun lalu. Saya punya 167 waktu saya dengan anak anak saya. Saya bukan ayah yang sempurna. Untuk bisa mendapat konsisten yang berkualitas harus ada KOMITMEN.</p>\r\n<p>Tidak ada cerita nya TIDAK ADA WAKTU. Sesibuk sibuk ayah. Semua itu pilihan koq. Kalo saya bisa anda juga bisa.</p>\r\n<p>Keluarga perlu merasakan KEHADIRAN MU bukan hanya PEMBERIAN MU.</p>\r\n<p>Kasih harus disengaja.</p>\r\n<p>2. kesetiaan<br />artinya kesetiaan pernikahan. Jangan pernah seorang pria membuat lelucon tentang istri nya di depan teman teman nya. <br />Hargai istri mu. Jangan mulai menari dengan ular kobra. Cepat dibunuh sebelum ular ini memagut mu.</p>\r\n<p>Jauhkan pernikahan dari selingkuh. Menjaga pernikahan sama dengan menjaga anak anak. Warisan yang terpenting adalah memberikan pernikahan yang bahagia bagi anak anak kita. Bukan harta. atau uang</p>\r\n<p>3. kasih karunia</p>\r\n<p>Kalo keluarga itu penuh kasih. Yang happy adalah anda sendiri. Statistik mengatakan pria hampir berakhir dulu di kursi roda. Kalo kita tidak cinta istri kita. Siapa yang akan menjaga kita ? <br />Komitmen kita kepada istri dan anak anak akan membuahkan komitmen mereka kepada mu.</p>\r\n<p>Mari kita belajar bahasa kasih supaya bisa membuat keluarga kita berhasil. Yaitu GRACE. <br />Contoh : <br />Bedakan antara maling dan anak.</p>\r\n<p>Jika kita pecahkan vas , dan anak kita ngaku , yang mahal sekalian dan ngaku. Saya akan ampuni dia.</p>\r\n<p>Tapi ada maling yang pecahkan. Saya akan panggil polisi.</p>\r\n<p>Ini yang nama nya KASIH KARUNIA</p>\r\n<p>Kalo kita punya anak kita harus sering mengampuni.</p>\r\n<p>Momen kasih : jika anak menabrakkan mobil kita. <br />Papa sedih kamu tabrakkan mobil papa. Tapi papa tetap bersyukur kamu tidak apa apa. Mobil tetap bisa di perbaiki. Tetapi kamu adalah anak papa. <br />Jangan dimarahi.</p>\r\n<p>Tunjukkan kecewa dan konsekuensi nya.</p>\r\n<p>Momen edukasi : <br />Tunjukkan kesalahan anak dimana <br />Tunjukkan bagaimana anak bisa memperbaiki nya. <br />Memastikan kepada anak kita bahwa kita tetap mengasihi anak kita.</p>\r\n<p>Apapun yang terjadi , katakan bahwa PAPA tetap mengasihi anak anak. Dan hukuman tetap di jalankan.</p>\r\n<p>Kalo anda dan saya pake KASIH KARUNIA itu seperti deposito. Nanti kalo anak anda sudah remaja. Deposito nya akan di cash kan lewat atm. <br />contoh ; <br />Ketika anak anak saya tidak mau pulang dan besok harus sekolah. Saya beritahu ayo V J W masuk. ( inisial anak anak saya ) <br />Kalo anda rajin tabung KASIH KARUNIA , maka ketika anda ketik P U L A N G , maka anak anak anda akan menurut.</p>\r\n<p>Ganti bahasa nya <br />Jangan bodoh bodohkan <br />Jangan saling menyalahkan</p>\r\n<p>4. kelemah lembutan</p>\r\n<p>kalo kita pulang ke rumah. Kita kasar. Lemah lembut harus disiapkan sebelum kita pulang ke rumah. <br />Datang apa ada nya ke mereka bahkan bisa berani menunjukkan perasaan yang apa ada nya. <br />Family lebih suka orang yang real. <br />Tanggalkan semua topeng mu.</p>\r\n<p>Saya paling seger <br />Saya paling wangi <br />Kalo sama keluarga.</p>\r\n<p>Inginkan keluarga mu.</p>\r\n<p>Tapi kalo bicara tentang lemah lembut , kita terkadang gengsi. Ingat , setiap orang ada kelemahan nya. Apa yang kita anggap sebagai kelemahan nya maka itu adalah ingredient keluarga yang bahagia. <br />Bukan kelemahan dalam arti DOSA.</p>\r\n<p>Contoh : <br />Berani berkata I LOVE YOU <br />Bagi sebagian pria sangat susah mengatakan demikian.</p>\r\n<p>When in the family , GENTLENESS WILL WORKS.</p>\r\n<p>BE SOFT WITH THEM <br />BE GENTLE</p>\r\n<p>Belajar jangan bentak bentak seperti sersan membentak bentak ke prajurit nya.</p>\r\n<p>Bilang papa mau bicara sama kamu. Lihat ke mata nya. <br />Bicara tentang apa yang anak anda suka.</p>\r\n<p>Kalo kita pake kelemahlembutan keluarga kita akan diberkati TUHAN.</p>\r\n<p>&nbsp;</p>\r\n<p>&nbsp;</p>\r\n<p>&nbsp;</p>\r\n<p>&nbsp;</p>\r\n<p>&nbsp;</p>', '', '2018-02-09 18:04:55');
INSERT INTO `apostolic_sermon_notes` (`id`, `gms_origin`, `speaker`, `date`, `service_id`, `title`, `body`, `tags`, `timestamp`) VALUES
(10, 36, 39, '2018-02-11', 4, 'Fokus kepada Tuhan Yesus', '<p>&nbsp;</p>\r\n<p>Gereja Mawar Sharon <br />Minggu , 11-02-2018 <br />Pastor Welyar Kauntu<br />Ibadah 07.00</p>\r\n<p>Fokus kepada Tuhan Yesus</p>\r\n<p>Supaya kita melakukan kehendak Tuhan mata kita harus tertuju kepada Tuhan. Kalo mata kita tertuju kepada Tuhan , kita akan dituntun dari waktu ke waktu.</p>\r\n<p>Ibrani 12 ayat 1-2a</p>\r\n<p>Percuma segala yang kita miliki di dunia ini kalo ujung nya tidak masuk sorga. Apa yang kita kerjakan hari ini tujuan nya itu apa ? Mari kita pikirkan lagi.</p>\r\n<p>Saya berdoa kita semua masuk sorga. Untuk supaya bisa terjadi marilah mata kita tertuju pada YESUS. Waktu kita memandang pada YESUS , mujizat terjadi dan Iman kita makin bangkit.</p>\r\n<p>Memang , itu tidak mudah. Ternyata kita sedang di proses. Saya berdoa kita berjalan di rencana Tuhan sampai garis akhir.</p>\r\n<p>Fokus kita sering beralih . Dan mata kita tidak tertuju kepada Tuhan. Senantiasa sering tertuju pada MASALAH yang ada di sekitar kita.</p>\r\n<p>Mazmur 121 ayat 1-2</p>\r\n<p>Gunung berbicara tentang masalah yang BESAR. Gunung nya terlalu tinggi. Rasa nya masalah dalam hidup begitu besar. <br />Dari mana datang nya pertolongan ku? Pertolongan ku datang nya dari TUHAN.</p>\r\n<p>Saya tidak tahu gunung apa yang menghadang di depan kita. Tapi saudara mesti ingat BAGI DIA TIDAK ADA yang MUSTAHIL. <br />Mungkin kita mulai kehilangan pengharapan. Dengar firman Tuhan hari ini. Biar mata kita tertuju pada Tuhan.</p>\r\n<p>Banyak orang yang fokus pada keadaan di sekitar kita.</p>\r\n<p>Matius 14 ayat 28-30</p>\r\n<p>- Jangan fokus pada keadaan <br />Koq petrus bisa jalan di atas air ? <br />Karena firman Tuhan berkata &ldquo; Jalan &ldquo;</p>\r\n<p>Waktu kita lihat keadaan sekitar , kita mulai ragu ragu. Dan di saat itulah kita akan jatuh. <br />Tetapi jika kita berjalan bersama Tuhan. Kita tidak akan jatuh saudara saudara.</p>\r\n<p>Biar kita terus berjalan dari Iman kepada Iman supaya mata kita terus tertuju kepada Tuhan.</p>\r\n<p>Arahkan pandangan kita kepada Yesus. Waktu mata kita silau melihat dunia ini kita bisa jatuh. ( kita tidak memandang pada Yesus ). <br />Jika kita memandang pada Yesus , dunia akan menjadi redup.</p>\r\n<p>&nbsp;</p>\r\n<p>- Jangan fokus pada diri sendiri</p>\r\n<p><br />Banyak orang tidak maju , karena dia melihat kelemahan nya. Saya ingat cerita tentang Gideon ( Hakim Hakim 6 ). <br />Dan Gideon berasal dari suku benyamin ( suku yang tidak di perhitungkan ).</p>\r\n<p>Ketika Malaikat Tuhan memanggil. Dia bilang siapa saya ? <br />Kadang kita juga seperti Gideon. <br />Siapa saya ? Mana mungkin saya dipakai Tuhan ?</p>\r\n<p>Jangan biarkan mimpi yang Tuhan berikan mati karena kita hanya melihat diri kita.</p>\r\n<p>Orang yang terus melihat diri nya. Bisa kehilangan panggilan Tuhan.</p>\r\n<p><br />Kolam Bethesda</p>\r\n<p>Yang masuk kolam ini akan sembuh. Ada seorang yang sakit sudah 38 tahun. Dia lumpuh dan tidak ada yang bantu. Satu kali Tuhan Yesus datang. Dia berta nya Mau kah Engkau Sembuh ? <br />Tapi jawaban orang ini panjang. <br />Saya ini tidak bisa <br />Saya ini tidak ada yang bantu.</p>\r\n<p>Lalu Tuhan Yesus berkata <br />Angkat Tilam mu , Berjalan lah. <br />Dan Mujizat terjadi</p>\r\n<p>Dari cerita ini sekali lagi kita tidak boleh melihat diri kita sendiri. Dia tidak mau menyaksikan tentang kemuliaan Tuhan. <br />Mungkin kisah ini simple. Tetapi banyak dari kita seperti orang ini. Mata kita hanya tertuju pada diri kita sendiri. Hanya tertuju pada masalah kita.</p>\r\n<p>&nbsp;</p>\r\n<p>&nbsp;</p>\r\n<p>&nbsp;</p>\r\n<p>&nbsp;</p>', '', '2018-02-12 02:41:36'),
(11, 36, 39, '2018-02-11', 5, 'F O K U S ', '<p>Gereja Mawar Sharon <br />Minggu, 11-02-2018 <br />Pastor Welyar Kauntu<br />Ibadah 10.00</p>\r\n<p>Ibrani 12 ayat 1 - 2a</p>\r\n<p>Semua pencapaian kita akan menjadi sia sia kalo saudara dan saya tidak masuk sorga. Mari kita sepakat memilih SORGA.</p>\r\n<p>Jangan sampai kita gagal. Untuk bisa mencapai garis finish mari kita memakai mata yang fokus pada Yesus.</p>\r\n<p>Orang yang mengikuti kehendak Tuhan akan sering berhadapan dengan hal yang tidak masuk akal. Tetapi jika mata kita tertuju pada Yesus maka Mujizat akan terjadi.</p>\r\n<p>Banyak orang Kristen yang tidak berjalan pada tujuan awal. Banyak orang yang tidak fokus karena situasi yang terjadi. <br />Jika kita tidak fokus pada kehendak Tuhan kita akan fokus pada kehendak kita sendiri.</p>\r\n<p>Apa yang menjafi fokus kita ? <br />Masalah ? <br />Ketakutan ?</p>\r\n<p>Seringkali kita mau melangkah. Tapi ada gunung yang besar. Ternyata gunung gunung yang besar itu MASALAH.</p>\r\n<p>Saya berdoa kalo kita punya IMAN. Jika kita katakan PINDAH. Maka gunung ini akan menyingkir. <br />Saya tidak tahu gunung apa yang anda hadapi. <br />Punya ilah iman sebiji sesawi.</p>\r\n<p>Punya satu komitmen yang baru. Dengan mata kita tertuju pada Tuhan. Kita akan melakukan perkara perkara yang BESAR.</p>\r\n<p>Iblis tidak akan tinggal diam.</p>\r\n<p>Strategi iblis untuk membinasakan orang percaya :</p>\r\n<p>Yohanes 10 ayat 10</p>\r\n<p>Tuhan menjanjikan kita untuk hidup dalam kelimpahan. Tapi iblis mau menggagalkan ( dia mau mencuri , membunuh , membinasakan )</p>\r\n<p>- Apa yang di curi iblis ?</p>\r\n<p>Fokus kita atau perhatian kita. Ketika adam dan hawa jatuh ke dalam dosa. Yang dicuri adalah perhatian nya. <br />Nah , iblis mencuri PERHATIAN kita. <br />Hampir semua kita tidak sadar waktu PERHATIAN kita di curi.</p>\r\n<p>Saudara , gereja saya di Mall. Cobaan nya banyak. Makan dulu , Shopping dulu , kebaktian nya nanti saja. Ini mungkin hanya contoh contoh iseng. Tetapi berapa banyak anda sering alami hal ini.</p>\r\n<p>Perselingkuhan terjadi ketika perhatian kita di curi.</p>\r\n<p>Sebenar nya yang dicuri : <br />Waktu kita dicuri , ( waktu beristirahat , waktu dalam pekerjaan , waktu dengan keluarga , waktu dengan Tuhan )</p>\r\n<p>Saudara saudara investasi yang kita berikan kepada kekuarga adalah WAKTU. Banyak orang yang SIBUK dalam hal pekerjaan. Dan mengorbankan waktu dengan keluarga. Atau untuk mengejar sesuatu.</p>\r\n<p>Banyak orang tua yang hanya kasih gadget pada anak. Hanya untuk mengejar sesuatu. Itu dimulai ketika tidak memberikan WAKTU kepada anak anak kita. Jangan salahkan jika anak kita tidak terbuka sama kita.</p>\r\n<p>Selain itu kita juga biasa mengorbankan waktu kita denga Tuhan. Dengan mudah kita mengorbankan waktu dengan Tuhan. Dalam setiap hari ada yang nama nya WAKTU yang BERKUALITAS yaitu waktu kita dengan Tuhan.</p>\r\n<p>Jika kita menggunakan Waktu dengan Tuhan maka Tuhan akan mengeliminasi setiap gangguan yang akan mengganggu kita. <br />Tahukah anda ?</p>\r\n<p>Ketika waktu dicuri , akan ada hal hal yang hilang yaitu : <br />- Kesehatan kita akan hilang <br />- Produktifitas <br />- Berkat yang Tuhan berikan <br />- Kebahagiaan keluarga <br />- Damai sejahtera <br />- Benih ( firman )</p>\r\n<p>Waktu mendengar firman. Kita juga mengevaluasi hidup kita.</p>\r\n<p>Ada juga hal hal yang mulai dibunuh <br />- Visi dan mimpi <br />- Kebenaran dalambatin <br />- Hubungan yang berharga <br />- Keluarga <br />- Hubungan dengan Tuhan</p>\r\n<p>Disinilah awal dari kebinasaan. <br />Ini strategi iblis sehingga satu persatu akan hilang.</p>\r\n<p>Kita ada di mana ?</p>\r\n<p>Firman Tuhan berbicara , kembalikan Fokus kita kepada TUHAN. <br />Ayo buka hati kita.</p>\r\n<p>Bagaimana bisa fokus</p>\r\n<p>Mazmur 123 ayat 1-2</p>\r\n<p>Mencari kehendak Tuhan <br />Mencari pembelaan Tuhan <br />Demikian lah jika mata kita tertuju kepada Tuhan.</p>\r\n<p>Penyembahan itu mengembalikan fokus kita kepada Tuhan Yesus. <br />Menyembah adalah waktu mata kita tertuju kepada Tuhan.</p>\r\n<p>Ingat , menyanyi belum tentu menyembah.</p>\r\n<p>Apa yang sudah hilang bisa kembali ? <br />Bagi Allah tidak ada yang mustahil.</p>\r\n<p>Penyembahan itu adalah awal daripada Pemulihan.</p>\r\n<p>2 Tawarikh 7 ayat 14</p>\r\n<p>Saya tidak tahu apa yang hilang dari saudara. Mungkin kesehatan , kebahagiaan , harta , asset , rumah , hubungan dalam keluarga.</p>\r\n<p>Tuhan apakah itu bisa kembali ? <br />Saya cuma jawab bagi Allah Tidak ada yang Mustahil.</p>\r\n<p>&nbsp;</p>\r\n<p>&nbsp;</p>', '', '2018-02-13 02:47:32');

-- --------------------------------------------------------

--
-- Table structure for table `auth_assignment`
--

CREATE TABLE `auth_assignment` (
  `item_name` varchar(64) COLLATE utf8_unicode_ci NOT NULL,
  `user_id` varchar(64) COLLATE utf8_unicode_ci NOT NULL,
  `created_at` int(11) DEFAULT NULL
) ENGINE=InnoDB DEFAULT CHARSET=utf8 COLLATE=utf8_unicode_ci;

--
-- Dumping data for table `auth_assignment`
--

INSERT INTO `auth_assignment` (`item_name`, `user_id`, `created_at`) VALUES
('[TEAM] Support Leaders', '5', 1519083053),
('PrayerData', '1', 1519003586),
('PrayerData', '5', 1519003578);

-- --------------------------------------------------------

--
-- Table structure for table `auth_item`
--

CREATE TABLE `auth_item` (
  `name` varchar(64) COLLATE utf8_unicode_ci NOT NULL,
  `type` smallint(6) NOT NULL,
  `description` text COLLATE utf8_unicode_ci,
  `rule_name` varchar(64) COLLATE utf8_unicode_ci DEFAULT NULL,
  `data` blob,
  `created_at` int(11) DEFAULT NULL,
  `updated_at` int(11) DEFAULT NULL
) ENGINE=InnoDB DEFAULT CHARSET=utf8 COLLATE=utf8_unicode_ci;

--
-- Dumping data for table `auth_item`
--

INSERT INTO `auth_item` (`name`, `type`, `description`, `rule_name`, `data`, `created_at`, `updated_at`) VALUES
('[TEAM] Support Leaders', 1, 'Leaders of Support Team for PIC', NULL, NULL, 1519003264, 1519003316),
('[TEAM] Support Supervisor', 1, 'Supervisor of Support Team of PIC', NULL, NULL, 1519003296, 1519003296),
('/volunteer-register/index', 2, NULL, NULL, NULL, 1519003459, 1519003459),
('admin', 1, 'Administrator of this application', NULL, NULL, 1519002950, 1519002950),
('pic', 1, 'Person In Charge of Ministry', NULL, NULL, 1519003196, 1519003196),
('PrayerData', 2, 'Manage Prayer Data', NULL, NULL, 1519003069, 1519003069);

-- --------------------------------------------------------

--
-- Table structure for table `auth_item_child`
--

CREATE TABLE `auth_item_child` (
  `parent` varchar(64) COLLATE utf8_unicode_ci NOT NULL,
  `child` varchar(64) COLLATE utf8_unicode_ci NOT NULL
) ENGINE=InnoDB DEFAULT CHARSET=utf8 COLLATE=utf8_unicode_ci;

--
-- Dumping data for table `auth_item_child`
--

INSERT INTO `auth_item_child` (`parent`, `child`) VALUES
('PrayerData', '/volunteer-register/index');

-- --------------------------------------------------------

--
-- Table structure for table `auth_rule`
--

CREATE TABLE `auth_rule` (
  `name` varchar(64) COLLATE utf8_unicode_ci NOT NULL,
  `data` blob,
  `created_at` int(11) DEFAULT NULL,
  `updated_at` int(11) DEFAULT NULL
) ENGINE=InnoDB DEFAULT CHARSET=utf8 COLLATE=utf8_unicode_ci;

-- --------------------------------------------------------

--
-- Table structure for table `cmc_data`
--

CREATE TABLE `cmc_data` (
  `id` int(11) NOT NULL,
  `name` varchar(100) COLLATE utf8_unicode_ci NOT NULL,
  `birth_date` date NOT NULL,
  `mobile` int(11) NOT NULL,
  `address` text COLLATE utf8_unicode_ci NOT NULL,
  `timestamp` timestamp NOT NULL DEFAULT CURRENT_TIMESTAMP ON UPDATE CURRENT_TIMESTAMP
) ENGINE=InnoDB DEFAULT CHARSET=utf8 COLLATE=utf8_unicode_ci;

-- --------------------------------------------------------

--
-- Table structure for table `data_members`
--

CREATE TABLE `data_members` (
  `id` int(11) NOT NULL,
  `nij` int(11) NOT NULL,
  `fullname` varchar(100) NOT NULL,
  `nickname` varchar(100) NOT NULL,
  `dob` date NOT NULL,
  `gender` smallint(6) NOT NULL,
  `birthplace` varchar(100) NOT NULL,
  `cloth_size` varchar(100) NOT NULL,
  `recommitment_start` datetime DEFAULT NULL,
  `recommitment_end` datetime DEFAULT NULL,
  `iconnect_presence` int(11) NOT NULL DEFAULT '0',
  `iconnect_filename` varchar(40) NOT NULL
) ENGINE=InnoDB DEFAULT CHARSET=latin1;

--
-- Dumping data for table `data_members`
--

INSERT INTO `data_members` (`id`, `nij`, `fullname`, `nickname`, `dob`, `gender`, `birthplace`, `cloth_size`, `recommitment_start`, `recommitment_end`, `iconnect_presence`, `iconnect_filename`) VALUES
(83, 161109, 'Ester', 'Ester', '0000-00-00', 0, 'Bogor', 'L', NULL, NULL, 0, ''),
(118, 161309, 'Teguh Prasetyo Anggono', 'Teguh', '0000-00-00', 0, 'Surabaya', 'L', NULL, NULL, 0, ''),
(126, 153790, 'Gary Haogan Thekimman', 'Gary, Ger', '0000-00-00', 0, 'Surabaya', 'XXL', NULL, NULL, 0, ''),
(174, 31648, 'Sindu Saputra', 'Sindu', '0000-00-00', 0, 'Surabaya', 'L', NULL, NULL, 2, '27240718265a6c292b236dc0.27579789'),
(182, 101980, 'Ng Chu En', 'Papi Chu', '1990-03-01', 0, 'Medan', 'M', '2018-03-03 11:52:38', '2018-01-19 10:24:42', 2, '17150818195a62fa95a9dea0.12881061');

-- --------------------------------------------------------

--
-- Table structure for table `data_members_church`
--

CREATE TABLE `data_members_church` (
  `nij` int(11) NOT NULL,
  `gms_origin` int(11) NOT NULL,
  `gms_service` varchar(100) NOT NULL,
  `baptism_water` smallint(6) NOT NULL,
  `baptism_holyspirit` smallint(6) NOT NULL,
  `msj` smallint(6) NOT NULL,
  `cgt` smallint(6) NOT NULL,
  `cg_code` varchar(100) NOT NULL,
  `cg_cgl_fullname` varchar(100) NOT NULL,
  `cg_cgl_phone` varchar(100) NOT NULL,
  `cg_position` varchar(100) NOT NULL,
  `cg_cgl_coach` varchar(100) NOT NULL
) ENGINE=InnoDB DEFAULT CHARSET=latin1;

--
-- Dumping data for table `data_members_church`
--

INSERT INTO `data_members_church` (`nij`, `gms_origin`, `gms_service`, `baptism_water`, `baptism_holyspirit`, `msj`, `cgt`, `cg_code`, `cg_cgl_fullname`, `cg_cgl_phone`, `cg_position`, `cg_cgl_coach`) VALUES
(31648, 1, 'PRO M', 1, 1, 0, 0, 'PRO N5', 'Sindu Saputra', '8121636060', 'Coach', 'Sindu Saputra'),
(101980, 1, 'UMUM 1', 1, 1, 0, 0, 'P.188', 'Ferry Sugianto', '08123129456', 'Member', 'Emanuel Santoso'),
(153790, 1, 'UMUM 1', 1, 1, 0, 0, 'PRO B-13', 'Petrus', '812345678', 'Sponsor', 'Alex'),
(161109, 1, 'UMUM 1', 1, 1, 0, 0, 'CG144', 'surya', '85100650993', 'Sponsor', 'glen'),
(161309, 1, 'UMUM 1', 1, 1, 0, 0, 'CG144', 'surya', '85100650993', 'Sponsor', 'glen');

-- --------------------------------------------------------

--
-- Table structure for table `data_members_contacts`
--

CREATE TABLE `data_members_contacts` (
  `nij` int(11) NOT NULL,
  `address_1` varchar(200) NOT NULL,
  `address_2` varchar(200) NOT NULL,
  `phone` varchar(100) NOT NULL,
  `email` varchar(100) NOT NULL,
  `line` varchar(100) NOT NULL,
  `ig` varchar(100) NOT NULL
) ENGINE=InnoDB DEFAULT CHARSET=latin1;

--
-- Dumping data for table `data_members_contacts`
--

INSERT INTO `data_members_contacts` (`nij`, `address_1`, `address_2`, `phone`, `email`, `line`, `ig`) VALUES
(31648, 'Dharmahusada Indah Barat 2/58', 'Dharmahusada Indah Barat 2/58', '08121636060', 'y5in5ee@gmail.com', 'imgrand', '@a'),
(101980, 'Jl Kedondong Lor 1 No. 2A', 'Jl Bengkalis 1/47', '08197260779', 'chu.en@gms.or.id', 'chu_enz', '@'),
(153790, 'Pabean Sayangan 10', 'Jl. Kupang Indah XVI/36', '085733073777', 'vinlanlaser@gmail.com', 'GaryH-DS', '@a'),
(161109, 'darmo indah asri 1 ae4', 'villa sentra raya a6 no 9', '081703377837', 'prasetyo.teguh32@yahoo.com', '', '@a'),
(161309, 'darmo indah asri 1 ae4', 'villa sentra raya A6 no 9', '0818330969', 'prasetyo.teguh32@yahoo.com', '', '@a');

-- --------------------------------------------------------

--
-- Table structure for table `data_members_family`
--

CREATE TABLE `data_members_family` (
  `nij` int(11) NOT NULL,
  `relationship` varchar(100) NOT NULL,
  `no_of_siblings` smallint(6) NOT NULL,
  `spouse_fullname` varchar(100) DEFAULT NULL,
  `spouse_profession` varchar(100) DEFAULT NULL,
  `dom` date DEFAULT NULL,
  `no_of_children` smallint(6) DEFAULT NULL
) ENGINE=InnoDB DEFAULT CHARSET=latin1;

--
-- Dumping data for table `data_members_family`
--

INSERT INTO `data_members_family` (`nij`, `relationship`, `no_of_siblings`, `spouse_fullname`, `spouse_profession`, `dom`, `no_of_children`) VALUES
(31648, 'Single', 4, '', '', '0000-00-00', 0),
(101980, 'Single', 1, '', '', NULL, NULL),
(153790, 'Single', 1, '', '', '0000-00-00', 0),
(161109, 'Menikah', 3, 'teguh prasetyo anggono', 'Wiraswasta', '0001-09-03', 3),
(161309, 'Menikah', 4, 'ester ester', 'Wiraswasta', '0001-09-02', 3);

-- --------------------------------------------------------

--
-- Table structure for table `data_members_ministry`
--

CREATE TABLE `data_members_ministry` (
  `nij` int(11) NOT NULL,
  `ministry_year` year(4) NOT NULL,
  `team` int(11) NOT NULL,
  `position` int(11) NOT NULL,
  `status` int(11) NOT NULL
) ENGINE=InnoDB DEFAULT CHARSET=latin1;

--
-- Dumping data for table `data_members_ministry`
--

INSERT INTO `data_members_ministry` (`nij`, `ministry_year`, `team`, `position`, `status`) VALUES
(31648, 2016, 0, 1, 1),
(101980, 2015, 0, 1, 1),
(153790, 2016, 1, 1, 1),
(161109, 2015, 1, 1, 1),
(161309, 2015, 1, 1, 1);

-- --------------------------------------------------------

--
-- Table structure for table `data_members_occupation`
--

CREATE TABLE `data_members_occupation` (
  `nij` int(11) NOT NULL,
  `education` varchar(100) NOT NULL,
  `education_major` varchar(100) NOT NULL,
  `carrer` varchar(100) NOT NULL,
  `position` varchar(100) NOT NULL,
  `business_fields` varchar(200) NOT NULL,
  `skill` text NOT NULL
) ENGINE=InnoDB DEFAULT CHARSET=latin1;

--
-- Dumping data for table `data_members_occupation`
--

INSERT INTO `data_members_occupation` (`nij`, `education`, `education_major`, `carrer`, `position`, `business_fields`, `skill`) VALUES
(31648, 'S1', 'Teknik Informatika', 'Wiraswasta', 'Pemilik', 'Software House', 'Bermain Alat Musik, Programming'),
(101980, 'S1', 'Akuntansi', 'Rohaniawan', 'Staff', 'Rohani', 'Belajar'),
(153790, 'S1', 'Teknik Informatika', 'Karyawan / Profesional', 'Software Developer', 'Programmer', 'Bermain Alat Musik, Bahasa Asing, Desain, Memasak, Menyanyi, Programming, Fotografi'),
(161109, 'D3', 'ekonomi', '', '', '', 'lain'),
(161309, 'D3', 'economix', 'Wiraswasta', 'Pemilik', 'jasa angkutan trailer', 'kerja');

-- --------------------------------------------------------

--
-- Table structure for table `dcanggota`
--

CREATE TABLE `dcanggota` (
  `IdAnggota` int(11) NOT NULL,
  `Kode` varchar(50) DEFAULT NULL,
  `Nama` varchar(100) DEFAULT NULL,
  `AlamatTinggal` varchar(200) DEFAULT NULL,
  `AlamatRumah` varchar(200) DEFAULT NULL,
  `TglLahir` date DEFAULT NULL,
  `Aktif` smallint(1) DEFAULT NULL,
  `Hapus` smallint(1) DEFAULT NULL,
  `Keterangan` varchar(1000) DEFAULT NULL
) ENGINE=InnoDB DEFAULT CHARSET=latin1;

--
-- Dumping data for table `dcanggota`
--

INSERT INTO `dcanggota` (`IdAnggota`, `Kode`, `Nama`, `AlamatTinggal`, `AlamatRumah`, `TglLahir`, `Aktif`, `Hapus`, `Keterangan`) VALUES
(66, 'S00066', 'SINDU SAPUTRA', '', '', '0000-00-00', 1, 0, '');

-- --------------------------------------------------------

--
-- Table structure for table `dcanggotadcontact`
--

CREATE TABLE `dcanggotadcontact` (
  `IdAnggota` int(11) NOT NULL,
  `NoHP` varchar(100) DEFAULT NULL,
  `NoWA` varchar(100) DEFAULT NULL,
  `PinBB` varchar(10) DEFAULT NULL,
  `AccLine` varchar(100) DEFAULT NULL,
  `AccEmail` varchar(100) DEFAULT NULL,
  `AccIG` varchar(100) DEFAULT NULL
) ENGINE=InnoDB DEFAULT CHARSET=latin1;

--
-- Dumping data for table `dcanggotadcontact`
--

INSERT INTO `dcanggotadcontact` (`IdAnggota`, `NoHP`, `NoWA`, `PinBB`, `AccLine`, `AccEmail`, `AccIG`) VALUES
(66, '08121636060', '', '', '', 'y5in5ee@gmail.com', '');

-- --------------------------------------------------------

--
-- Table structure for table `dcanggotadgereja`
--

CREATE TABLE `dcanggotadgereja` (
  `IdAnggota` int(11) NOT NULL,
  `NIJ` varchar(10) DEFAULT NULL,
  `CG` varchar(20) DEFAULT NULL,
  `CGL` varchar(100) DEFAULT NULL,
  `Ministry` varchar(100) DEFAULT NULL,
  `Ibadah` varchar(100) DEFAULT NULL,
  `StatusPgmbln` varchar(100) DEFAULT NULL
) ENGINE=InnoDB DEFAULT CHARSET=latin1;

--
-- Dumping data for table `dcanggotadgereja`
--

INSERT INTO `dcanggotadgereja` (`IdAnggota`, `NIJ`, `CG`, `CGL`, `Ministry`, `Ibadah`, `StatusPgmbln`) VALUES
(66, '', 'Pro N5', 'Sindu', '', '', 'CGL/Coach');

-- --------------------------------------------------------

--
-- Table structure for table `erform`
--

CREATE TABLE `erform` (
  `id` int(11) NOT NULL,
  `etype` smallint(6) NOT NULL,
  `ename` varchar(255) NOT NULL,
  `evenue` varchar(255) NOT NULL,
  `est_attd` int(11) NOT NULL,
  `e_startdate` date NOT NULL,
  `e_enddate` date NOT NULL,
  `e_weekly` tinyint(1) NOT NULL,
  `pic_name` varchar(255) NOT NULL,
  `pic_phone` varchar(255) NOT NULL,
  `pic_email` varchar(255) NOT NULL,
  `pic_ministry` varchar(255) NOT NULL,
  `service_req` varchar(255) NOT NULL,
  `iclick` smallint(6) NOT NULL,
  `ireg_general` smallint(6) NOT NULL,
  `ireg_prayer` smallint(6) NOT NULL,
  `icount` smallint(6) NOT NULL,
  `notes` text NOT NULL,
  `status` smallint(6) NOT NULL,
  `timestamp` timestamp NOT NULL DEFAULT CURRENT_TIMESTAMP ON UPDATE CURRENT_TIMESTAMP
) ENGINE=InnoDB DEFAULT CHARSET=latin1;

--
-- Dumping data for table `erform`
--

INSERT INTO `erform` (`id`, `etype`, `ename`, `evenue`, `est_attd`, `e_startdate`, `e_enddate`, `e_weekly`, `pic_name`, `pic_phone`, `pic_email`, `pic_ministry`, `service_req`, `iclick`, `ireg_general`, `ireg_prayer`, `icount`, `notes`, `status`, `timestamp`) VALUES
(1, 4, 'MSJ', '1', 50000, '2018-01-20', '2018-01-28', 1, 'Budiman Jayanto', '08113289998', 'Budimanjayanto33@gmail.com', '1', '', 0, 1, 0, 0, 'Booth registrasi MSJ, crowd control 2org, signage 2org, registrasi 4org, utk ibadah ProM dan KU1-4', 1, '2018-01-11 12:48:09'),
(2, 4, 'BDI ( PUSH 15 )', '1', 5000, '2018-01-14', '2018-02-04', 1, 'Ivana Wijaya', '081232697345', 'meyliana@bdi.or.id', '1', '', 0, 1, 0, 0, '- Selama masa registrasi, tgl 14 januari 2018 s/d 4 Februari 2018, proses registrasi full akan dihandle oleh team ihub,  team dari BDI yang incharge hanya untuk kepentingan penerimaan uang tunai saja, apabila ada yang melakukan pembayaran secara tunai. \r\n- Mohon stand by di booth PUSH  sebelum ibadah berakhir.\r\n\r\nTerimakasih, Tuhan Yesus Memberkati.\r\n\r\n\r\n', 1, '2018-01-11 12:48:13'),
(3, 4, 'Booth CMC', '1', 100, '2018-01-13', '2018-01-14', 1, 'Tifani chandra', '081553213557', 'Tifanichandra82@gmail.com', '1', '', 0, 1, 0, 0, 'Minta tolong, kita butuh kira\" 3-4 orang per ibadah untuk jaga booth CMC. Booth CMC dibuka setiap hari sabtu dan minggu (ProM, AOG, ibadah umum). Saya minta nomor WA temen ihub yang bantu di booth juga ya. Thank you.', 1, '2018-01-11 12:48:16'),
(4, 3, 'Festival Kuasa Allah', '1', 500, '2018-01-20', '2018-03-18', 1, 'Sunny Santoso', '0811320508', 'sunny.santoso@outlook.com', '1', '[\"IREG\"]', 0, 0, 0, 0, 'Volunteer Management for FKA 26', 1, '2018-01-16 10:27:47'),
(5, 3, 'Connecting Time ProM', '1', 800, '2018-02-20', '2018-02-20', 0, 'Agung Setiawan', '085102461584', 'fiento83@gmail.com', '1', '[\"ICLICK\"]', 0, 0, 0, 0, 'Menghitung jumlah jemaat yang hadir di CT\r\nThx... GBU', 1, '2018-01-25 00:35:30'),
(6, 4, 'Retret 4D', '1', 800, '2018-03-03', '2018-04-15', 0, 'Eddy Sogiarto', '081703520101', 'komputer_153@yahoo.co.id', '1', '[\"IREG\"]', 0, 0, 0, 0, 'Minta dibantu untuk mengisi peserta 4D secara online pada tgl:\r\nSabtu 3 Maret\r\nMinggu 4 Maret\r\nSabtu 17 Maret\r\nMinggu 18 Maret\r\nSabtu 7 April\r\nMinggu 8 April\r\nSabtu 14 April\r\nMinggu 15 April\r\n\r\nthx u', 1, '2018-02-28 08:27:48');

-- --------------------------------------------------------

--
-- Table structure for table `ihub_absence`
--

CREATE TABLE `ihub_absence` (
  `idOpr` int(11) NOT NULL,
  `tglabsence` datetime NOT NULL,
  `ibadah` int(11) NOT NULL,
  `keterangan` varchar(255) DEFAULT NULL
) ENGINE=InnoDB DEFAULT CHARSET=latin1;

--
-- Dumping data for table `ihub_absence`
--

INSERT INTO `ihub_absence` (`idOpr`, `tglabsence`, `ibadah`, `keterangan`) VALUES
(0, '2016-08-13 21:23:03', 1, ''),
(0, '2016-08-13 21:30:32', 1, ''),
(0, '2016-08-13 21:30:33', 1, ''),
(0, '2017-03-05 16:50:53', 0, ''),
(0, '2017-06-15 15:25:48', 22, 'Check In'),
(0, '2017-06-15 21:00:00', 22, 'Check Out'),
(0, '2017-06-18 21:00:00', 4, 'Check Out'),
(0, '2017-06-18 23:32:32', 4, 'Check In'),
(0, '2017-07-17 19:06:38', 24, 'Check In'),
(0, '2017-07-17 19:22:46', 24, 'Check Out'),
(0, '2017-07-30 09:13:22', 2, 'Check In'),
(0, '2017-07-30 11:46:39', 2, 'Check In'),
(0, '2017-07-30 11:47:04', 2, 'Check Out'),
(0, '2017-07-30 12:00:00', 2, 'Check Out'),
(1, '0000-00-00 00:00:00', 10, 'Check In'),
(1, '2016-08-21 08:39:01', 2, ''),
(1, '2016-08-21 11:58:53', 2, ''),
(1, '2016-09-04 06:36:38', 1, ''),
(1, '2016-09-04 09:30:38', 1, ''),
(1, '2016-09-26 18:27:40', 11, ''),
(1, '2016-10-02 06:06:13', 1, ''),
(1, '2016-10-02 09:07:57', 1, ''),
(1, '2016-10-16 06:07:43', 1, ''),
(1, '2016-10-16 08:55:36', 1, ''),
(1, '2016-10-30 06:07:50', 1, ''),
(1, '2016-10-30 09:06:07', 1, ''),
(1, '2016-11-13 05:59:37', 1, ''),
(1, '2016-11-13 09:05:24', 2, ''),
(1, '2016-11-13 09:28:26', 1, ''),
(1, '2016-11-27 14:48:04', 3, ''),
(1, '2016-11-27 18:04:28', 3, ''),
(1, '2016-12-11 14:50:12', 3, ''),
(1, '2016-12-11 17:52:36', 3, ''),
(1, '2017-01-01 06:09:47', 1, ''),
(1, '2017-01-01 09:11:26', 1, ''),
(1, '2017-01-15 06:15:06', 1, ''),
(1, '2017-01-15 09:00:18', 1, ''),
(1, '2017-01-29 06:19:22', 1, ''),
(1, '2017-01-29 09:09:44', 1, ''),
(1, '2017-02-12 06:05:45', 1, ''),
(1, '2017-02-26 06:11:43', 1, ''),
(1, '2017-02-26 09:55:09', 1, ''),
(1, '2017-02-27 17:42:46', 13, ''),
(1, '2017-06-04 06:09:12', 1, ''),
(1, '2017-06-04 06:10:18', 1, ''),
(1, '2017-06-18 06:01:33', 1, 'Check In'),
(1, '2017-06-18 06:01:49', 1, 'Check Out'),
(1, '2017-06-25 06:05:36', 1, 'Check In'),
(1, '2017-06-25 09:00:00', 1, 'Check Out'),
(1, '2017-07-02 06:06:18', 1, 'Check In'),
(1, '2017-07-02 09:00:00', 1, 'Check Out'),
(1, '2017-07-16 06:06:16', 1, 'Check In'),
(1, '2017-07-16 09:00:00', 1, 'Check Out'),
(1, '2017-07-17 18:52:55', 24, 'Check In'),
(1, '2017-07-17 21:00:00', 24, 'Check Out'),
(1, '2017-07-21 21:00:00', 10, 'Check Out'),
(1, '2017-07-23 06:06:20', 1, 'Check In'),
(1, '2017-07-23 09:00:00', 1, 'Check Out'),
(1, '2017-08-11 18:23:38', 10, 'Check In'),
(1, '2017-08-11 21:00:00', 10, 'Check Out'),
(1, '2017-10-08 06:07:55', 1, 'Check In'),
(1, '2017-10-08 09:00:00', 1, 'Check Out'),
(1, '2017-11-05 06:06:51', 1, 'Check In'),
(1, '2017-11-05 09:00:00', 1, 'Check Out'),
(1, '2017-12-03 06:16:53', 1, 'Check In'),
(1, '2017-12-03 09:00:00', 1, 'Check Out'),
(2, '0000-00-00 00:00:00', 1, 'Check In'),
(2, '2016-08-21 08:37:58', 2, ''),
(2, '2016-08-21 11:58:49', 2, ''),
(2, '2016-08-29 18:24:48', 9, ''),
(2, '2016-09-04 05:59:35', 1, ''),
(2, '2016-09-04 08:55:57', 1, ''),
(2, '2016-09-18 05:58:07', 1, ''),
(2, '2016-09-18 08:56:34', 1, ''),
(2, '2016-10-02 05:54:25', 1, ''),
(2, '2016-10-02 09:03:39', 1, ''),
(2, '2016-10-16 05:56:45', 1, ''),
(2, '2016-10-16 09:01:08', 1, ''),
(2, '2016-10-16 09:24:50', 2, ''),
(2, '2016-10-16 11:57:41', 2, ''),
(2, '2016-10-30 05:57:39', 1, ''),
(2, '2016-10-30 09:05:34', 1, ''),
(2, '2016-11-13 05:59:55', 1, ''),
(2, '2016-11-13 09:07:53', 2, ''),
(2, '2016-11-27 15:09:45', 3, ''),
(2, '2016-11-27 18:03:54', 3, ''),
(2, '2017-01-15 06:01:37', 1, ''),
(2, '2017-01-15 08:59:04', 1, ''),
(2, '2017-01-23 17:06:58', 13, ''),
(2, '2017-01-29 05:59:54', 1, ''),
(2, '2017-01-29 09:05:59', 1, ''),
(2, '2017-02-12 05:57:34', 1, ''),
(2, '2017-02-26 06:09:26', 1, ''),
(2, '2017-02-26 09:04:53', 1, ''),
(2, '2017-02-27 18:10:55', 13, ''),
(2, '2017-06-04 06:05:28', 1, ''),
(2, '2017-06-11 09:12:56', 2, 'Check In'),
(2, '2017-06-11 12:00:00', 2, 'Check Out'),
(2, '2017-06-12 19:11:32', 21, 'Check In'),
(2, '2017-06-12 21:00:00', 21, 'Check Out'),
(2, '2017-06-18 06:01:51', 1, 'Check In'),
(2, '2017-06-18 09:00:00', 1, 'Check Out'),
(2, '2017-07-02 06:02:18', 1, 'Check In'),
(2, '2017-07-02 09:00:00', 1, 'Check Out'),
(2, '2017-07-09 08:43:07', 1, 'Check Out'),
(2, '2017-07-09 08:43:14', 1, 'Check In'),
(2, '2017-07-09 09:00:00', 1, 'Check Out'),
(2, '2017-07-16 06:01:31', 1, 'Check In'),
(2, '2017-07-16 09:00:00', 1, 'Check Out'),
(2, '2017-07-17 18:39:44', 24, 'Check In'),
(2, '2017-07-17 21:00:00', 24, 'Check Out'),
(2, '2017-07-23 06:16:32', 1, 'Check In'),
(2, '2017-07-23 09:00:00', 1, 'Check Out'),
(2, '2017-07-30 06:02:27', 1, 'Check In'),
(2, '2017-07-30 09:00:00', 1, 'Check Out'),
(2, '2017-10-08 05:59:49', 1, 'Check In'),
(2, '2017-10-08 09:00:00', 1, 'Check Out'),
(2, '2017-10-22 06:01:12', 1, 'Check In'),
(2, '2017-10-22 09:00:00', 1, 'Check Out'),
(2, '2017-10-30 18:37:56', 25, 'Check In'),
(2, '2017-10-30 21:30:00', 25, 'Check Out'),
(2, '2017-11-05 06:03:16', 1, 'Check Out'),
(2, '2017-11-05 06:03:20', 1, 'Check In'),
(2, '2017-11-05 09:00:00', 1, 'Check Out'),
(2, '2017-11-13 18:52:31', 26, 'Check In'),
(2, '2017-11-13 21:30:00', 26, 'Check Out'),
(2, '2017-11-19 06:04:57', 1, 'Check In'),
(2, '2017-11-19 09:00:00', 1, 'Check Out'),
(2, '2017-11-20 18:51:59', 27, 'Check In'),
(2, '2017-11-20 21:30:00', 27, 'Check Out'),
(3, '2016-08-21 10:43:38', 2, ''),
(3, '2016-08-21 11:57:46', 2, ''),
(3, '2016-09-18 06:38:41', 1, ''),
(3, '2016-09-18 08:59:00', 1, ''),
(3, '2016-10-02 06:04:45', 1, ''),
(3, '2016-10-02 09:05:11', 1, ''),
(3, '2016-10-16 06:08:40', 1, ''),
(3, '2016-10-16 08:55:02', 1, ''),
(3, '2016-10-30 09:03:22', 1, ''),
(3, '2016-11-13 06:42:39', 1, ''),
(3, '2016-11-13 09:00:32', 2, ''),
(3, '2016-11-27 15:03:24', 3, ''),
(3, '2016-11-27 18:05:11', 3, ''),
(3, '2017-01-01 09:10:40', 1, ''),
(3, '2017-01-15 06:45:04', 1, ''),
(3, '2017-01-15 08:54:07', 1, ''),
(3, '2017-01-23 18:07:59', 13, ''),
(3, '2017-01-29 06:40:14', 1, ''),
(3, '2017-01-29 09:04:35', 1, ''),
(3, '2017-02-12 06:08:17', 1, ''),
(3, '2017-02-26 06:39:42', 1, ''),
(3, '2017-02-26 09:01:11', 1, ''),
(3, '2017-06-04 06:33:34', 1, ''),
(3, '2017-07-16 06:23:55', 1, 'Check In'),
(3, '2017-07-16 09:00:00', 1, 'Check Out'),
(3, '2017-07-30 06:26:56', 1, 'Check In'),
(3, '2017-07-30 09:00:00', 1, 'Check Out'),
(3, '2017-10-08 06:29:10', 1, 'Check In'),
(3, '2017-10-08 09:00:00', 1, 'Check Out'),
(3, '2017-10-22 06:36:53', 1, 'Check In'),
(3, '2017-10-22 06:40:31', 1, 'Check Out'),
(3, '2017-11-05 06:24:09', 1, 'Check In'),
(3, '2017-11-05 09:00:00', 1, 'Check Out'),
(3, '2017-11-19 06:09:16', 1, 'Check In'),
(3, '2017-11-19 06:09:28', 1, 'Check Out'),
(3, '2017-11-19 06:09:37', 1, 'Check In'),
(3, '2017-11-19 09:00:00', 1, 'Check Out'),
(3, '2017-11-20 19:26:15', 27, 'Check In'),
(3, '2017-11-20 19:26:22', 27, 'Check Out'),
(3, '2017-12-03 07:18:15', 1, 'Check In'),
(3, '2017-12-03 09:00:00', 1, 'Check Out'),
(4, '2016-08-21 09:37:52', 2, ''),
(4, '2016-08-21 11:58:03', 2, ''),
(4, '2016-08-29 18:50:25', 9, ''),
(4, '2016-09-04 06:33:51', 1, ''),
(4, '2016-09-04 08:55:51', 1, ''),
(4, '2016-09-18 06:37:40', 1, ''),
(4, '2016-09-18 08:54:49', 1, ''),
(4, '2016-10-02 06:04:52', 1, ''),
(4, '2016-10-02 09:06:01', 1, ''),
(4, '2016-10-16 06:07:04', 1, ''),
(4, '2016-10-16 09:00:57', 1, ''),
(4, '2016-10-30 05:59:56', 1, ''),
(4, '2016-10-30 09:04:33', 1, ''),
(4, '2016-11-13 06:40:52', 1, ''),
(4, '2016-11-13 09:00:28', 2, ''),
(4, '2016-11-20 16:30:29', 4, ''),
(4, '2016-11-27 14:50:11', 3, ''),
(4, '2016-11-27 18:05:25', 3, ''),
(4, '2016-12-11 15:10:43', 3, ''),
(4, '2016-12-11 18:12:21', 3, ''),
(4, '2017-01-15 06:44:32', 1, ''),
(4, '2017-01-15 08:59:10', 1, ''),
(4, '2017-01-23 18:07:25', 13, ''),
(4, '2017-02-12 06:39:10', 1, ''),
(4, '2017-06-04 06:18:36', 1, ''),
(4, '2017-06-18 06:27:33', 1, 'Check In'),
(4, '2017-06-18 06:27:36', 1, 'Check Out'),
(4, '2017-07-02 06:23:10', 1, 'Check In'),
(4, '2017-07-02 06:23:13', 1, 'Check Out'),
(4, '2017-07-30 06:46:58', 1, 'Check In'),
(4, '2017-07-30 09:00:00', 1, 'Check Out'),
(4, '2017-10-08 06:21:16', 1, 'Check In'),
(4, '2017-10-08 09:00:00', 1, 'Check Out'),
(4, '2017-10-22 06:23:11', 1, 'Check In'),
(4, '2017-10-22 06:23:15', 1, 'Check Out'),
(4, '2017-11-05 06:46:10', 1, 'Check In'),
(4, '2017-11-05 09:00:00', 1, 'Check Out'),
(4, '2017-11-19 06:19:33', 1, 'Check In'),
(4, '2017-11-19 09:00:00', 1, 'Check Out'),
(4, '2017-11-20 19:27:12', 27, 'Check In'),
(4, '2017-11-20 19:27:18', 27, 'Check Out'),
(4, '2017-12-03 06:35:55', 1, 'Check In'),
(4, '2017-12-03 09:00:00', 1, 'Check Out'),
(5, '0000-00-00 00:00:00', 1, 'Check In'),
(5, '2016-08-21 09:38:21', 2, ''),
(5, '2016-08-21 12:01:21', 2, ''),
(5, '2016-08-29 18:35:26', 9, ''),
(5, '2016-09-04 05:58:40', 1, ''),
(5, '2016-09-04 08:56:03', 1, ''),
(5, '2016-09-18 06:07:55', 1, ''),
(5, '2016-09-18 08:49:43', 1, ''),
(5, '2016-10-02 05:58:03', 1, ''),
(5, '2016-10-02 09:08:14', 1, ''),
(5, '2016-10-16 06:37:41', 1, ''),
(5, '2016-10-16 09:01:38', 1, ''),
(5, '2016-10-24 19:38:00', 15, ''),
(5, '2016-10-25 16:46:01', 16, ''),
(5, '2016-10-30 05:57:27', 1, ''),
(5, '2016-10-30 09:06:31', 1, ''),
(5, '2016-11-13 05:57:15', 1, ''),
(5, '2016-11-13 09:09:18', 1, ''),
(5, '2016-11-27 14:50:17', 3, ''),
(5, '2016-11-27 18:05:48', 3, ''),
(5, '2016-12-11 15:23:20', 3, ''),
(5, '2016-12-18 05:54:10', 1, ''),
(5, '2017-01-01 06:12:21', 1, ''),
(5, '2017-01-01 09:11:10', 2, ''),
(5, '2017-01-01 09:11:33', 1, ''),
(5, '2017-01-15 06:01:53', 1, ''),
(5, '2017-01-15 09:00:40', 1, ''),
(5, '2017-01-23 17:58:07', 13, ''),
(5, '2017-01-29 06:39:58', 1, ''),
(5, '2017-01-29 09:06:03', 1, ''),
(5, '2017-02-12 06:01:23', 1, ''),
(5, '2017-02-12 10:07:05', 1, ''),
(5, '2017-02-19 09:18:56', 2, ''),
(5, '2017-02-19 12:50:03', 2, ''),
(5, '2017-02-26 06:07:54', 1, ''),
(5, '2017-02-26 09:55:16', 1, ''),
(5, '2017-02-27 18:21:15', 13, ''),
(5, '2017-06-04 06:29:33', 1, ''),
(5, '2017-06-18 06:25:41', 1, 'Check In'),
(5, '2017-06-18 09:00:00', 1, 'Check Out'),
(5, '2017-07-02 06:24:19', 1, 'Check In'),
(5, '2017-07-02 09:00:00', 1, 'Check Out'),
(5, '2017-07-17 19:26:39', 24, 'Check In'),
(5, '2017-07-17 21:00:00', 24, 'Check Out'),
(5, '2017-07-23 06:20:22', 1, 'Check In'),
(5, '2017-07-23 09:00:00', 1, 'Check Out'),
(5, '2017-10-08 06:26:38', 1, 'Check In'),
(5, '2017-10-08 09:00:00', 1, 'Check Out'),
(5, '2017-10-22 06:19:04', 1, 'Check In'),
(5, '2017-10-22 09:00:00', 1, 'Check Out'),
(5, '2017-11-05 06:18:20', 1, 'Check In'),
(5, '2017-11-05 09:00:00', 1, 'Check Out'),
(5, '2017-11-13 19:06:39', 26, 'Check In'),
(5, '2017-11-13 21:30:00', 26, 'Check Out'),
(5, '2017-11-19 06:36:02', 1, 'Check In'),
(5, '2017-11-19 09:00:00', 1, 'Check Out'),
(5, '2017-11-20 18:52:20', 27, 'Check In'),
(5, '2017-11-20 21:30:00', 27, 'Check Out'),
(5, '2017-12-03 06:04:16', 1, 'Check In'),
(5, '2017-12-03 09:00:00', 1, 'Check Out'),
(5, '2017-12-10 09:00:00', 1, 'Check Out'),
(6, '2016-08-21 09:36:27', 2, ''),
(6, '2016-08-21 11:58:19', 2, ''),
(6, '2016-09-04 06:33:58', 1, ''),
(6, '2016-09-04 09:03:32', 1, ''),
(6, '2016-09-18 06:37:54', 1, ''),
(6, '2016-10-02 06:04:59', 1, ''),
(6, '2016-10-02 09:03:23', 1, ''),
(6, '2016-10-16 06:03:16', 1, ''),
(6, '2016-10-16 09:00:18', 1, ''),
(6, '2016-10-30 06:07:43', 1, ''),
(6, '2016-10-30 09:01:41', 1, ''),
(6, '2016-11-13 06:02:33', 1, ''),
(6, '2016-11-13 09:03:53', 2, ''),
(6, '2016-11-27 14:50:24', 3, ''),
(6, '2016-11-27 18:04:53', 3, ''),
(6, '2016-12-11 15:10:38', 3, ''),
(6, '2016-12-11 18:10:53', 3, ''),
(6, '2017-01-01 06:13:28', 1, ''),
(6, '2017-01-01 09:08:14', 1, ''),
(6, '2017-01-15 06:13:09', 1, ''),
(6, '2017-01-15 08:55:26', 1, ''),
(6, '2017-01-23 18:07:33', 13, ''),
(6, '2017-01-29 06:08:59', 1, ''),
(6, '2017-01-29 09:05:33', 1, ''),
(6, '2017-02-12 06:11:28', 1, ''),
(6, '2017-02-26 06:15:51', 1, ''),
(6, '2017-02-26 09:02:51', 1, ''),
(6, '2017-06-04 06:08:42', 1, ''),
(6, '2017-06-18 06:04:55', 1, 'Check In'),
(6, '2017-06-18 06:04:59', 1, 'Check Out'),
(6, '2017-06-18 06:05:06', 1, 'Check In'),
(6, '2017-06-18 09:00:00', 1, 'Check Out'),
(6, '2017-07-02 06:06:11', 1, 'Check In'),
(6, '2017-07-02 09:00:00', 1, 'Check Out'),
(6, '2017-07-16 06:09:44', 1, 'Check In'),
(6, '2017-07-16 09:00:00', 1, 'Check Out'),
(6, '2017-07-23 06:18:39', 1, 'Check In'),
(6, '2017-07-23 09:00:00', 1, 'Check Out'),
(6, '2017-07-30 06:06:50', 1, 'Check In'),
(6, '2017-07-30 09:00:00', 1, 'Check Out'),
(6, '2017-10-08 06:19:55', 1, 'Check In'),
(6, '2017-10-08 09:00:00', 1, 'Check Out'),
(6, '2017-10-22 06:19:04', 1, 'Check In'),
(6, '2017-10-22 09:00:00', 1, 'Check Out'),
(6, '2017-10-30 20:37:12', 25, 'Check In'),
(6, '2017-10-30 21:30:00', 25, 'Check Out'),
(6, '2017-11-05 06:12:24', 1, 'Check In'),
(6, '2017-11-05 09:00:00', 1, 'Check Out'),
(6, '2017-11-19 06:10:37', 1, 'Check In'),
(6, '2017-11-19 09:00:00', 1, 'Check Out'),
(6, '2017-11-20 19:27:04', 27, 'Check In'),
(6, '2017-11-20 21:30:00', 27, 'Check Out'),
(6, '2017-12-03 06:36:57', 1, 'Check In'),
(6, '2017-12-03 09:00:00', 1, 'Check Out'),
(7, '2016-09-11 06:02:47', 1, ''),
(7, '2016-09-11 13:42:30', 1, ''),
(7, '2016-09-18 05:58:26', 1, ''),
(7, '2016-10-02 06:04:04', 1, ''),
(7, '2016-10-23 06:01:18', 1, ''),
(7, '2016-11-13 05:50:16', 1, ''),
(7, '2017-06-11 07:22:04', 1, 'Check In'),
(7, '2017-06-11 09:00:00', 1, 'Check Out'),
(7, '2017-06-18 06:21:25', 1, 'Check In'),
(7, '2017-06-18 06:21:29', 1, 'Check Out'),
(7, '2017-07-30 06:09:39', 1, 'Check In'),
(7, '2017-07-30 06:09:40', 1, 'Check Out'),
(7, '2017-07-30 06:09:44', 1, 'Check In'),
(7, '2017-07-30 09:00:00', 1, 'Check Out'),
(7, '2017-10-22 06:56:34', 1, 'Check In'),
(7, '2017-10-22 09:00:00', 1, 'Check Out'),
(7, '2017-10-29 06:21:52', 1, 'Check In'),
(7, '2017-10-29 09:00:00', 1, 'Check Out'),
(8, '2016-08-21 08:46:58', 2, ''),
(8, '2016-08-21 12:36:41', 2, ''),
(8, '2016-08-21 12:36:45', 2, ''),
(8, '2016-08-21 12:36:58', 2, ''),
(8, '2016-08-27 16:24:49', 7, ''),
(8, '2016-08-29 18:43:43', 9, ''),
(8, '2016-09-04 05:59:03', 1, ''),
(8, '2016-09-18 08:53:01', 1, ''),
(8, '2016-09-25 09:05:08', 2, ''),
(8, '2016-09-25 12:02:34', 2, ''),
(8, '2016-09-26 18:10:31', 11, ''),
(8, '2016-10-02 06:36:53', 1, ''),
(8, '2016-10-02 09:10:27', 1, ''),
(8, '2016-10-16 06:31:18', 1, ''),
(8, '2016-10-16 08:54:35', 1, ''),
(8, '2016-10-23 09:20:11', 2, ''),
(8, '2016-11-13 05:52:13', 1, ''),
(8, '2016-11-13 09:05:30', 2, ''),
(8, '2016-11-20 09:06:55', 2, ''),
(8, '2016-11-27 14:51:14', 3, ''),
(8, '2016-11-27 18:05:42', 3, ''),
(8, '2016-12-11 14:41:33', 3, ''),
(8, '2017-01-15 06:14:10', 1, ''),
(8, '2017-01-15 09:00:09', 1, ''),
(8, '2017-01-22 09:08:56', 1, ''),
(8, '2017-01-22 11:55:38', 2, ''),
(8, '2017-01-29 06:43:24', 1, ''),
(8, '2017-01-29 09:12:48', 1, ''),
(8, '2017-02-12 06:40:42', 1, ''),
(8, '2017-02-12 09:47:00', 2, ''),
(8, '2017-06-11 06:40:33', 1, 'Check In'),
(8, '2017-06-11 06:40:58', 1, 'Check Out'),
(8, '2017-06-18 06:23:25', 1, 'Check In'),
(8, '2017-06-18 06:27:43', 1, 'Check Out'),
(8, '2017-06-25 08:06:24', 1, 'Check In'),
(8, '2017-06-25 08:06:29', 1, 'Check Out'),
(8, '2017-07-02 07:14:27', 1, 'Check In'),
(8, '2017-07-02 07:14:31', 1, 'Check Out'),
(8, '2017-07-16 06:03:04', 1, 'Check In'),
(8, '2017-07-16 09:00:00', 1, 'Check Out'),
(8, '2017-07-23 06:20:23', 1, 'Check In'),
(8, '2017-07-23 09:00:00', 1, 'Check Out'),
(8, '2017-07-30 06:17:07', 1, 'Check In'),
(8, '2017-07-30 06:27:39', 1, 'Check Out'),
(8, '2017-10-22 06:05:32', 1, 'Check In'),
(8, '2017-10-22 06:05:59', 1, 'Check Out'),
(8, '2017-11-12 10:16:57', 2, 'Check In'),
(8, '2017-11-12 10:17:00', 2, 'Check Out'),
(8, '2017-11-13 18:24:24', 26, 'Check In'),
(8, '2017-11-13 21:30:00', 26, 'Check Out'),
(8, '2017-11-26 09:12:17', 2, 'Check In'),
(8, '2017-11-26 12:00:00', 2, 'Check Out'),
(9, '2016-08-21 08:51:06', 2, ''),
(9, '2016-08-21 12:00:22', 2, ''),
(9, '2016-09-04 06:34:40', 1, ''),
(9, '2016-09-04 10:06:18', 1, ''),
(9, '2016-09-18 06:01:00', 1, ''),
(9, '2016-09-18 08:58:52', 1, ''),
(9, '2016-10-16 05:53:00', 1, ''),
(9, '2016-10-16 09:03:35', 1, ''),
(9, '2016-10-30 05:52:04', 1, ''),
(9, '2016-10-30 09:06:55', 1, ''),
(9, '2016-11-13 05:56:11', 1, ''),
(9, '2016-11-13 09:07:39', 2, ''),
(9, '2016-11-27 15:11:22', 3, ''),
(9, '2016-11-27 18:05:56', 3, ''),
(9, '2016-12-11 14:52:52', 3, ''),
(9, '2017-01-29 05:59:42', 1, ''),
(9, '2017-01-29 09:05:39', 1, ''),
(9, '2017-02-12 05:58:37', 1, ''),
(9, '2017-02-26 06:08:17', 1, ''),
(9, '2017-02-26 09:02:34', 1, ''),
(9, '2017-06-04 06:22:31', 1, ''),
(9, '2017-06-18 06:21:24', 1, 'Check In'),
(9, '2017-06-18 06:22:01', 1, 'Check Out'),
(9, '2017-07-16 06:20:34', 1, 'Check In'),
(9, '2017-07-16 09:00:00', 1, 'Check Out'),
(9, '2017-07-23 06:09:07', 1, 'Check In'),
(9, '2017-07-23 09:00:00', 1, 'Check Out'),
(9, '2017-07-30 06:12:15', 1, 'Check In'),
(9, '2017-07-30 09:00:00', 1, 'Check Out'),
(9, '2017-10-08 06:22:27', 1, 'Check In'),
(9, '2017-10-08 09:00:00', 1, 'Check Out'),
(9, '2017-10-22 06:23:29', 1, 'Check In'),
(9, '2017-10-22 09:00:00', 1, 'Check Out'),
(9, '2017-10-30 18:36:28', 25, 'Check In'),
(9, '2017-10-30 21:30:00', 25, 'Check Out'),
(9, '2017-11-05 06:32:22', 1, 'Check In'),
(9, '2017-11-05 09:00:00', 1, 'Check Out'),
(9, '2017-11-13 18:47:02', 26, 'Check In'),
(9, '2017-11-13 21:30:00', 26, 'Check Out'),
(9, '2017-11-19 06:25:00', 1, 'Check In'),
(9, '2017-11-19 09:00:00', 1, 'Check Out'),
(9, '2017-11-20 18:52:21', 27, 'Check In'),
(9, '2017-11-20 21:30:00', 27, 'Check Out'),
(9, '2017-12-03 06:35:45', 1, 'Check In'),
(9, '2017-12-03 09:00:00', 1, 'Check Out'),
(9, '2017-12-10 05:59:44', 1, 'Check In'),
(9, '2017-12-10 09:00:00', 1, 'Check Out'),
(10, '2016-08-14 09:00:00', 2, ''),
(10, '2016-08-14 11:50:00', 2, ''),
(10, '2016-08-21 08:32:51', 2, ''),
(10, '2016-08-21 12:00:44', 2, ''),
(10, '2016-08-29 18:22:54', 9, ''),
(10, '2016-09-04 05:58:52', 1, ''),
(10, '2016-09-04 13:08:09', 2, ''),
(10, '2016-09-11 10:14:07', 2, ''),
(10, '2016-09-18 06:07:33', 1, ''),
(10, '2016-09-18 08:57:28', 1, ''),
(10, '2016-09-25 08:26:06', 1, ''),
(10, '2016-09-25 08:27:18', 2, ''),
(10, '2016-09-25 12:08:35', 2, ''),
(10, '2016-10-02 05:57:03', 1, ''),
(10, '2016-10-02 09:07:45', 1, ''),
(10, '2016-10-02 15:07:08', 3, ''),
(10, '2016-10-02 18:05:02', 3, ''),
(10, '2016-10-09 09:11:43', 2, ''),
(10, '2016-10-16 06:09:08', 1, ''),
(10, '2016-10-16 09:01:44', 1, ''),
(10, '2016-10-23 09:26:18', 2, ''),
(10, '2016-10-23 12:16:44', 2, ''),
(10, '2016-10-30 06:10:32', 1, ''),
(10, '2016-10-30 09:09:23', 1, ''),
(10, '2016-10-30 15:05:29', 3, ''),
(10, '2016-10-30 18:13:17', 3, ''),
(10, '2016-11-06 09:07:27', 2, ''),
(10, '2016-11-06 11:58:03', 2, ''),
(10, '2016-11-13 06:40:46', 1, ''),
(10, '2016-11-13 09:07:16', 2, ''),
(10, '2016-11-20 09:05:43', 2, ''),
(10, '2016-11-20 11:58:43', 2, ''),
(10, '2016-11-27 09:38:48', 1, ''),
(10, '2016-11-27 12:10:29', 2, ''),
(10, '2016-11-27 14:55:40', 3, ''),
(10, '2016-11-27 18:04:46', 3, ''),
(10, '2016-12-04 14:50:44', 3, ''),
(10, '2016-12-11 10:24:27', 2, ''),
(10, '2016-12-11 14:38:15', 3, ''),
(10, '2017-01-08 09:49:54', 2, ''),
(10, '2017-01-08 12:04:04', 2, ''),
(10, '2017-01-15 06:32:20', 1, ''),
(10, '2017-01-15 09:00:01', 1, ''),
(10, '2017-01-23 18:48:43', 13, ''),
(10, '2017-02-12 07:05:55', 1, ''),
(10, '2017-02-12 09:47:35', 2, ''),
(10, '2017-02-26 06:08:19', 1, ''),
(10, '2017-02-26 09:04:46', 1, ''),
(10, '2017-06-11 06:41:19', 1, 'Check In'),
(10, '2017-06-11 09:00:00', 1, 'Check Out'),
(10, '2017-07-17 18:41:25', 24, 'Check In'),
(10, '2017-07-17 21:00:00', 24, 'Check Out'),
(10, '2017-10-08 16:07:47', 3, 'Check In'),
(10, '2017-10-08 18:00:00', 3, 'Check Out'),
(10, '2017-10-30 18:48:14', 25, 'Check In'),
(10, '2017-10-30 21:30:00', 25, 'Check Out'),
(10, '2017-11-19 15:47:18', 3, 'Check In'),
(10, '2017-11-19 18:00:00', 3, 'Check Out'),
(11, '2017-10-08 10:04:18', 2, 'Check In'),
(11, '2017-10-08 12:00:00', 2, 'Check Out'),
(11, '2017-10-22 09:54:26', 2, 'Check In'),
(11, '2017-10-22 12:00:00', 2, 'Check Out'),
(11, '2017-11-19 09:12:28', 2, 'Check In'),
(11, '2017-11-19 12:00:00', 2, 'Check Out'),
(11, '2017-12-03 10:05:07', 2, 'Check In'),
(11, '2017-12-03 12:00:00', 2, 'Check Out'),
(21, '2016-08-14 08:43:00', 2, ''),
(21, '2016-08-14 11:03:00', 2, ''),
(21, '2016-08-28 08:45:52', 2, ''),
(21, '2016-08-28 11:42:44', 2, ''),
(21, '2016-08-29 18:09:00', 9, ''),
(21, '2016-09-11 06:00:50', 1, ''),
(21, '2016-09-11 10:12:09', 2, ''),
(21, '2016-09-25 06:05:20', 1, ''),
(21, '2016-09-25 08:28:12', 1, ''),
(21, '2016-10-09 06:05:16', 1, ''),
(21, '2016-10-09 08:54:08', 1, ''),
(21, '2016-10-23 06:04:39', 1, ''),
(21, '2016-10-23 08:44:20', 1, ''),
(21, '2016-11-06 06:03:00', 1, ''),
(21, '2016-11-06 08:50:02', 2, ''),
(21, '2016-11-20 06:14:34', 1, ''),
(21, '2016-11-20 08:48:29', 1, ''),
(21, '2016-12-04 14:59:07', 3, ''),
(21, '2016-12-18 15:20:10', 3, ''),
(21, '2016-12-18 17:36:55', 3, ''),
(21, '2017-01-08 06:10:35', 1, ''),
(21, '2017-01-08 08:51:35', 1, ''),
(21, '2017-01-22 06:44:33', 1, ''),
(21, '2017-01-22 08:51:36', 1, ''),
(21, '2017-02-19 06:50:55', 1, ''),
(21, '2017-03-05 06:49:39', 1, ''),
(21, '2017-06-11 06:34:40', 1, 'Check In'),
(21, '2017-06-11 09:00:00', 1, 'Check Out'),
(21, '2017-06-25 06:16:46', 1, 'Check In'),
(21, '2017-06-25 09:00:00', 1, 'Check Out'),
(21, '2017-06-25 11:23:18', 1, 'Check Out'),
(21, '2017-07-02 06:10:53', 1, 'Check In'),
(21, '2017-07-02 09:00:00', 1, 'Check Out'),
(21, '2017-07-02 09:58:45', 1, 'Check Out'),
(21, '2017-07-23 06:15:19', 1, 'Check In'),
(21, '2017-07-23 09:00:00', 1, 'Check Out'),
(21, '2017-08-06 06:19:17', 1, 'Check In'),
(21, '2017-08-06 09:00:00', 1, 'Check Out'),
(21, '2017-10-01 06:32:24', 1, 'Check In'),
(21, '2017-10-01 09:00:00', 1, 'Check Out'),
(21, '2017-10-15 06:25:54', 1, 'Check In'),
(21, '2017-10-15 09:00:00', 1, 'Check Out'),
(21, '2017-10-29 06:16:42', 1, 'Check In'),
(21, '2017-10-29 09:00:00', 1, 'Check Out'),
(21, '2017-10-30 19:57:19', 25, 'Check In'),
(21, '2017-10-30 21:30:00', 25, 'Check Out'),
(21, '2017-11-12 06:31:06', 1, 'Check In'),
(21, '2017-11-12 09:00:00', 1, 'Check Out'),
(21, '2017-11-20 18:52:23', 27, 'Check In'),
(21, '2017-11-20 21:30:00', 27, 'Check Out'),
(21, '2017-11-26 06:26:43', 1, 'Check In'),
(21, '2017-11-26 09:00:00', 1, 'Check Out'),
(21, '2017-12-10 06:02:21', 1, 'Check In'),
(21, '2017-12-10 09:00:00', 1, 'Check Out'),
(22, '2016-08-14 08:40:00', 2, ''),
(22, '2016-08-14 11:02:00', 2, ''),
(22, '2016-08-28 09:26:17', 2, ''),
(22, '2016-08-28 13:10:43', 2, ''),
(22, '2016-08-29 18:35:32', 9, ''),
(22, '2016-09-11 06:33:02', 1, ''),
(22, '2016-09-11 17:21:04', 1, ''),
(22, '2016-09-11 17:21:27', 3, ''),
(22, '2016-09-25 06:36:41', 1, ''),
(22, '2016-09-25 08:39:40', 1, ''),
(22, '2016-10-09 06:12:01', 1, ''),
(22, '2016-10-09 10:32:30', 1, ''),
(22, '2016-10-23 06:04:15', 1, ''),
(22, '2016-10-23 08:44:30', 1, ''),
(22, '2016-10-23 12:14:05', 2, ''),
(22, '2016-10-24 19:37:58', 15, ''),
(22, '2016-10-25 19:22:14', 16, ''),
(22, '2016-11-06 06:19:57', 1, ''),
(22, '2016-11-06 08:47:15', 2, ''),
(22, '2016-11-06 08:47:54', 1, ''),
(22, '2016-12-18 11:44:19', 2, ''),
(22, '2017-01-08 06:16:03', 1, ''),
(22, '2017-01-08 08:54:36', 1, ''),
(22, '2017-01-22 06:49:46', 1, ''),
(22, '2017-01-22 08:53:21', 1, ''),
(22, '2017-02-05 06:03:56', 1, ''),
(22, '2017-02-19 06:00:37', 1, ''),
(22, '2017-02-19 10:04:38', 1, ''),
(22, '2017-02-27 18:03:33', 13, ''),
(22, '2017-06-04 18:49:20', 4, ''),
(22, '2017-06-04 18:52:21', 4, ''),
(22, '2017-06-18 18:22:04', 4, 'Check In'),
(22, '2017-06-18 21:06:08', 4, 'Check Out'),
(22, '2017-07-16 12:30:00', 12, 'Check In'),
(22, '2017-07-16 15:00:00', 12, 'Check Out'),
(22, '2017-07-23 12:10:01', 12, 'Check In'),
(22, '2017-07-23 15:00:00', 12, 'Check Out'),
(22, '2017-07-30 17:48:02', 4, 'Check In'),
(22, '2017-07-30 21:00:00', 4, 'Check Out'),
(22, '2017-10-08 18:06:23', 4, 'Check In'),
(22, '2017-10-08 21:00:00', 4, 'Check Out'),
(22, '2017-10-22 17:47:04', 4, 'Check In'),
(22, '2017-10-22 21:00:00', 4, 'Check Out'),
(22, '2017-10-30 19:03:57', 25, 'Check In'),
(22, '2017-10-30 21:30:00', 25, 'Check Out'),
(22, '2017-11-05 18:11:55', 4, 'Check In'),
(22, '2017-11-05 21:00:00', 4, 'Check Out'),
(22, '2017-11-13 19:09:38', 26, 'Check In'),
(22, '2017-11-13 21:30:00', 26, 'Check Out'),
(22, '2017-11-19 18:03:48', 4, 'Check In'),
(22, '2017-11-19 21:00:00', 4, 'Check Out'),
(22, '2017-12-03 17:51:48', 4, 'Check In'),
(22, '2017-12-03 21:00:00', 4, 'Check Out'),
(23, '2016-08-14 08:40:00', 2, ''),
(23, '2016-08-14 11:05:00', 2, ''),
(23, '2016-08-28 08:45:01', 2, ''),
(23, '2016-08-28 11:43:11', 2, ''),
(23, '2016-09-11 17:25:19', 3, ''),
(23, '2016-09-25 06:01:57', 1, ''),
(23, '2016-09-25 08:39:09', 1, ''),
(23, '2016-10-23 06:09:43', 1, ''),
(23, '2016-10-23 08:47:17', 1, ''),
(23, '2016-10-25 16:45:49', 16, ''),
(23, '2016-11-06 06:19:34', 1, ''),
(23, '2016-11-06 08:51:42', 1, ''),
(23, '2016-11-20 06:42:01', 1, ''),
(23, '2016-11-20 08:09:19', 1, ''),
(23, '2016-12-04 06:02:37', 1, ''),
(23, '2016-12-04 15:23:56', 3, ''),
(23, '2016-12-04 16:55:29', 3, ''),
(23, '2016-12-11 06:21:41', 1, ''),
(23, '2016-12-18 15:21:39', 3, ''),
(23, '2016-12-18 17:37:05', 3, ''),
(23, '2017-01-08 06:04:00', 1, ''),
(23, '2017-01-08 08:55:21', 1, ''),
(23, '2017-01-22 06:10:41', 1, ''),
(23, '2017-01-22 08:52:40', 1, ''),
(23, '2017-01-23 18:07:53', 13, ''),
(23, '2017-02-05 06:36:58', 1, ''),
(23, '2017-02-05 09:01:11', 1, ''),
(23, '2017-02-19 06:50:17', 1, ''),
(23, '2017-02-19 10:01:11', 1, ''),
(23, '2017-02-27 17:46:40', 13, ''),
(23, '2017-03-05 06:23:24', 1, ''),
(23, '2017-03-05 10:02:27', 2, ''),
(23, '2017-03-05 10:03:18', 1, ''),
(24, '2016-08-14 08:40:00', 2, ''),
(24, '2016-08-14 11:05:00', 2, ''),
(24, '2016-09-06 17:44:31', 5, ''),
(24, '2016-09-11 06:10:49', 1, ''),
(24, '2016-09-11 08:09:16', 1, ''),
(24, '2016-09-25 06:56:34', 1, ''),
(24, '2016-09-25 08:35:59', 1, ''),
(24, '2017-10-30 18:51:22', 25, 'Check In'),
(24, '2017-10-30 18:51:47', 25, 'Check Out'),
(24, '2017-10-30 18:52:03', 25, 'Check In'),
(24, '2017-10-30 21:30:00', 25, 'Check Out'),
(24, '2017-11-04 15:23:49', 17, 'Check In'),
(24, '2017-11-04 18:03:51', 17, 'Check Out'),
(24, '2017-11-11 15:06:12', 17, 'Check In'),
(24, '2017-11-11 18:01:00', 17, 'Check Out'),
(24, '2017-11-13 18:42:19', 26, 'Check In'),
(24, '2017-11-13 21:30:00', 26, 'Check Out'),
(24, '2017-11-18 14:41:22', 17, 'Check In'),
(24, '2017-11-18 18:01:00', 17, 'Check Out'),
(24, '2017-11-20 17:40:09', 27, 'Check In'),
(24, '2017-11-25 12:33:59', 27, 'Check Out'),
(24, '2017-11-25 12:34:03', 17, 'Check In'),
(24, '2017-11-25 18:01:00', 17, 'Check Out'),
(24, '2017-12-02 15:02:19', 17, 'Check In'),
(24, '2017-12-02 18:01:00', 17, 'Check Out'),
(24, '2017-12-09 15:06:35', 17, 'Check In'),
(24, '2017-12-09 18:01:00', 17, 'Check Out'),
(25, '2016-08-14 08:38:00', 2, ''),
(25, '2016-08-14 11:30:00', 2, ''),
(25, '2016-08-28 09:43:41', 2, ''),
(25, '2016-08-28 11:41:50', 2, ''),
(25, '2016-08-29 18:21:21', 9, ''),
(25, '2016-09-06 18:26:01', 5, ''),
(25, '2016-09-25 06:09:18', 1, ''),
(25, '2016-09-25 08:47:10', 1, ''),
(25, '2016-10-09 06:14:35', 1, ''),
(25, '2016-10-09 08:57:57', 1, ''),
(25, '2016-10-23 06:06:15', 1, ''),
(25, '2016-10-23 08:53:19', 1, ''),
(25, '2016-11-06 06:07:02', 1, ''),
(25, '2016-11-06 08:50:49', 1, ''),
(25, '2016-11-20 06:13:44', 1, ''),
(25, '2016-11-20 08:48:45', 1, ''),
(25, '2016-12-04 14:58:59', 3, ''),
(25, '2016-12-04 17:06:23', 3, ''),
(25, '2016-12-18 15:20:31', 3, ''),
(25, '2016-12-18 17:37:34', 3, ''),
(25, '2017-01-08 06:12:36', 1, ''),
(25, '2017-01-08 09:00:49', 1, ''),
(25, '2017-02-05 05:58:25', 1, ''),
(25, '2017-02-05 08:59:33', 1, ''),
(25, '2017-02-19 06:12:43', 1, ''),
(25, '2017-02-19 07:58:36', 1, ''),
(25, '2017-02-27 18:15:48', 13, ''),
(25, '2017-03-05 07:23:19', 1, ''),
(25, '2017-06-12 21:00:00', 21, 'Check Out'),
(25, '2017-06-12 21:12:11', 21, 'Check In'),
(25, '2017-06-12 21:12:46', 21, 'Check Out'),
(25, '2017-06-18 12:35:23', 12, 'Check In'),
(25, '2017-06-18 12:35:55', 12, 'Check Out'),
(25, '2017-07-02 12:28:08', 12, 'Check In'),
(25, '2017-07-02 12:28:22', 12, 'Check Out'),
(25, '2017-07-02 12:28:33', 12, 'Check In'),
(25, '2017-07-02 12:28:42', 12, 'Check Out'),
(25, '2017-07-16 12:38:56', 12, 'Check In'),
(25, '2017-07-16 12:39:03', 12, 'Check Out'),
(25, '2017-07-17 18:50:23', 24, 'Check In'),
(25, '2017-07-17 18:50:33', 24, 'Check Out'),
(25, '2017-07-30 12:39:19', 12, 'Check In'),
(25, '2017-07-30 15:00:00', 12, 'Check Out'),
(25, '2017-10-01 12:20:38', 12, 'Check In'),
(25, '2017-10-01 15:00:00', 12, 'Check Out'),
(25, '2017-10-15 12:30:04', 12, 'Check In'),
(25, '2017-10-15 15:00:00', 12, 'Check Out'),
(25, '2017-10-29 12:27:33', 12, 'Check In'),
(25, '2017-10-29 15:00:00', 12, 'Check Out'),
(25, '2017-11-12 12:10:18', 12, 'Check In'),
(25, '2017-11-12 15:00:00', 12, 'Check Out'),
(25, '2017-11-13 21:23:21', 26, 'Check In'),
(25, '2017-11-13 21:30:00', 26, 'Check Out'),
(25, '2017-12-03 12:44:46', 12, 'Check In'),
(25, '2017-12-03 15:00:00', 12, 'Check Out'),
(26, '2016-09-04 06:00:49', 1, ''),
(26, '2016-09-04 08:56:43', 1, ''),
(26, '2016-09-18 06:06:16', 1, ''),
(26, '2016-09-18 08:53:22', 1, ''),
(26, '2016-09-24 17:59:27', 8, ''),
(26, '2016-09-24 20:14:49', 8, ''),
(26, '2016-09-25 06:12:34', 1, ''),
(26, '2016-09-25 08:29:42', 1, ''),
(26, '2016-09-26 17:24:09', 11, ''),
(26, '2016-10-01 17:42:10', 8, ''),
(26, '2016-10-01 20:19:43', 8, ''),
(26, '2016-10-09 06:12:08', 1, ''),
(26, '2016-10-15 18:22:56', 8, ''),
(26, '2016-10-15 20:31:49', 8, ''),
(26, '2016-10-16 06:02:20', 1, ''),
(26, '2016-10-16 08:52:12', 1, ''),
(26, '2016-10-29 18:21:34', 8, ''),
(26, '2016-10-29 20:15:32', 8, ''),
(26, '2016-10-30 05:45:06', 1, ''),
(26, '2016-10-30 09:03:57', 1, ''),
(26, '2016-11-19 18:01:23', 8, ''),
(26, '2016-11-19 21:02:43', 8, ''),
(26, '2016-11-20 06:13:31', 1, ''),
(26, '2016-11-20 10:05:49', 1, ''),
(26, '2017-01-01 06:32:40', 1, ''),
(26, '2017-01-01 13:22:53', 2, ''),
(26, '2017-01-08 05:57:17', 1, ''),
(26, '2017-01-08 08:52:23', 1, ''),
(26, '2017-01-14 18:21:29', 8, ''),
(26, '2017-01-22 06:23:13', 1, ''),
(26, '2017-01-22 10:33:18', 1, ''),
(26, '2017-01-23 17:07:46', 13, ''),
(26, '2017-01-29 05:59:26', 1, ''),
(26, '2017-01-29 10:13:08', 1, ''),
(26, '2017-02-11 18:52:59', 8, ''),
(26, '2017-02-11 21:48:08', 8, ''),
(26, '2017-02-12 06:02:10', 1, ''),
(26, '2017-02-19 06:02:12', 1, ''),
(26, '2017-02-19 09:43:35', 1, ''),
(26, '2017-02-27 17:48:08', 13, ''),
(26, '2017-03-05 16:56:07', 3, ''),
(26, '2017-06-04 06:22:00', 1, ''),
(26, '2017-07-09 06:17:55', 1, 'Check In'),
(26, '2017-07-09 06:18:02', 1, 'Check Out'),
(26, '2017-07-16 06:37:27', 1, 'Check In'),
(26, '2017-07-16 06:37:39', 1, 'Check Out'),
(26, '2017-07-30 06:24:08', 1, 'Check In'),
(26, '2017-07-30 06:24:28', 1, 'Check Out'),
(26, '2017-08-06 06:22:58', 1, 'Check In'),
(26, '2017-08-06 06:23:00', 1, 'Check Out'),
(26, '2017-10-01 06:31:20', 1, 'Check In'),
(26, '2017-10-01 06:31:29', 1, 'Check Out'),
(26, '2017-10-15 06:25:41', 1, 'Check In'),
(26, '2017-10-15 06:25:52', 1, 'Check Out'),
(26, '2017-10-22 06:03:33', 1, 'Check In'),
(26, '2017-10-22 06:04:04', 1, 'Check Out'),
(26, '2017-11-12 06:16:09', 1, 'Check In'),
(26, '2017-11-12 06:16:21', 1, 'Check Out'),
(26, '2017-11-19 06:23:33', 1, 'Check In'),
(26, '2017-11-19 06:23:35', 1, 'Check Out'),
(27, '2016-08-14 06:55:48', 1, ''),
(27, '2016-08-14 09:09:43', 1, ''),
(27, '2016-09-11 18:44:58', 4, ''),
(27, '2016-09-11 21:43:23', 4, ''),
(27, '2016-09-25 17:58:24', 4, ''),
(27, '2016-09-25 20:43:24', 4, ''),
(27, '2016-10-23 18:03:39', 3, ''),
(27, '2016-10-23 21:10:17', 4, ''),
(27, '2016-12-04 09:50:32', 2, ''),
(27, '2017-01-08 18:17:49', 3, ''),
(27, '2017-01-08 21:00:56', 4, ''),
(27, '2017-02-05 09:28:10', 1, ''),
(27, '2017-03-05 09:34:01', 2, ''),
(27, '2017-03-05 12:20:46', 2, ''),
(27, '2017-06-04 09:38:22', 2, ''),
(27, '2017-06-11 09:10:27', 2, 'Check In'),
(27, '2017-06-11 12:00:00', 2, 'Check Out'),
(27, '2017-06-25 09:29:04', 2, 'Check In'),
(27, '2017-06-25 12:00:00', 2, 'Check Out'),
(27, '2017-07-09 09:23:04', 2, 'Check In'),
(27, '2017-07-09 12:00:00', 2, 'Check Out'),
(27, '2017-07-23 09:11:51', 2, 'Check In'),
(27, '2017-07-23 12:00:00', 2, 'Check Out'),
(27, '2017-08-06 09:17:52', 2, 'Check In'),
(27, '2017-08-06 09:17:55', 2, 'Check Out'),
(27, '2017-11-20 19:41:55', 27, 'Check In'),
(27, '2017-11-20 19:42:00', 27, 'Check Out'),
(28, '0000-00-00 00:00:00', 1, 'Check Out'),
(28, '2016-08-14 09:10:00', 2, ''),
(28, '2016-08-14 11:15:00', 2, ''),
(28, '2016-08-28 08:51:26', 2, ''),
(28, '2016-08-28 12:06:08', 2, ''),
(28, '2016-09-25 06:28:08', 1, ''),
(28, '2016-09-25 08:39:54', 1, ''),
(28, '2016-09-26 18:34:05', 11, ''),
(28, '2016-10-09 06:42:51', 1, ''),
(28, '2016-10-09 09:01:31', 1, ''),
(28, '2016-10-23 06:24:33', 1, ''),
(28, '2016-10-23 09:07:40', 1, ''),
(28, '2016-11-20 06:41:47', 1, ''),
(28, '2016-11-20 08:49:04', 1, ''),
(28, '2016-12-18 15:37:56', 3, ''),
(28, '2016-12-18 17:38:15', 3, ''),
(28, '2017-01-22 06:48:15', 1, ''),
(28, '2017-01-22 08:52:15', 1, ''),
(28, '2017-02-05 06:41:05', 1, ''),
(28, '2017-02-05 08:59:42', 1, ''),
(28, '2017-02-19 06:51:15', 1, ''),
(28, '2017-02-19 10:01:07', 1, ''),
(28, '2017-02-25 16:55:17', 8, ''),
(28, '2017-02-25 21:41:39', 8, ''),
(28, '2017-02-27 17:46:35', 13, ''),
(28, '2017-03-05 06:50:35', 1, ''),
(28, '2017-03-05 10:03:13', 1, ''),
(28, '2017-06-11 06:33:43', 1, 'Check In'),
(28, '2017-06-11 09:00:00', 1, 'Check Out'),
(28, '2017-06-25 06:22:01', 1, 'Check In'),
(28, '2017-06-25 09:00:00', 1, 'Check Out'),
(28, '2017-07-23 06:35:52', 1, 'Check In'),
(28, '2017-08-06 06:24:06', 1, 'Check In'),
(28, '2017-08-06 09:07:53', 1, 'Check Out'),
(28, '2017-10-01 06:45:02', 1, 'Check In'),
(28, '2017-10-01 09:00:00', 1, 'Check Out'),
(28, '2017-10-15 06:52:19', 1, 'Check In'),
(28, '2017-10-15 09:00:00', 1, 'Check Out'),
(28, '2017-11-12 06:36:41', 1, 'Check In'),
(28, '2017-11-12 09:00:00', 1, 'Check Out'),
(28, '2017-11-20 19:49:35', 27, 'Check In'),
(28, '2017-11-20 21:30:00', 27, 'Check Out'),
(28, '2017-12-03 07:13:40', 1, 'Check In'),
(28, '2017-12-03 09:00:00', 1, 'Check Out'),
(28, '2017-12-10 06:21:03', 1, 'Check In'),
(28, '2017-12-10 09:00:00', 1, 'Check Out'),
(29, '2016-08-14 08:49:00', 2, ''),
(29, '2016-08-14 11:05:00', 2, ''),
(29, '2016-08-27 16:20:49', 7, ''),
(29, '2016-08-28 08:43:34', 2, ''),
(29, '2016-08-28 12:56:45', 2, ''),
(29, '2016-08-29 18:08:44', 9, ''),
(29, '2016-09-11 06:22:34', 1, ''),
(29, '2016-09-25 06:23:12', 1, ''),
(29, '2016-09-25 09:01:02', 1, ''),
(29, '2016-10-09 06:51:59', 1, ''),
(29, '2016-10-09 08:59:59', 1, ''),
(29, '2016-10-22 17:35:40', 14, ''),
(29, '2016-11-06 05:57:20', 1, ''),
(29, '2016-11-06 07:53:56', 1, ''),
(29, '2017-01-08 06:17:31', 1, ''),
(29, '2017-01-08 08:55:03', 1, ''),
(29, '2017-01-22 06:11:40', 1, ''),
(29, '2017-01-22 08:53:14', 1, ''),
(29, '2017-01-23 19:00:54', 13, ''),
(29, '2017-02-05 06:22:46', 1, ''),
(29, '2017-02-05 09:00:02', 1, ''),
(29, '2017-02-27 18:01:12', 13, ''),
(29, '2017-06-12 19:39:50', 21, 'Check In'),
(29, '2017-06-12 19:40:11', 21, 'Check Out'),
(29, '2017-10-15 06:37:14', 1, 'Check In'),
(29, '2017-10-15 09:00:00', 1, 'Check Out'),
(29, '2017-10-29 06:32:38', 1, 'Check In'),
(29, '2017-10-29 09:00:00', 1, 'Check Out'),
(29, '2017-10-30 18:54:07', 25, 'Check In'),
(29, '2017-10-30 21:30:00', 25, 'Check Out'),
(29, '2017-11-13 19:45:06', 26, 'Check In'),
(29, '2017-11-13 21:30:00', 26, 'Check Out'),
(30, '2016-09-25 06:40:50', 1, ''),
(30, '2016-09-25 08:28:46', 1, ''),
(30, '2016-10-09 06:17:31', 1, ''),
(30, '2016-10-23 06:36:56', 1, ''),
(30, '2016-11-06 06:07:25', 1, ''),
(30, '2016-11-06 07:59:23', 1, ''),
(30, '2016-11-20 06:14:10', 1, ''),
(30, '2017-01-08 06:42:54', 1, ''),
(30, '2017-01-08 08:51:59', 1, ''),
(30, '2017-02-19 07:59:25', 1, ''),
(30, '2017-06-11 06:34:25', 1, 'Check In'),
(30, '2017-06-11 09:00:00', 1, 'Check Out'),
(30, '2017-06-11 10:46:55', 1, 'Check Out'),
(30, '2017-07-17 19:18:04', 24, 'Check In'),
(30, '2017-07-17 21:00:00', 24, 'Check Out'),
(31, '2016-08-14 08:36:00', 2, ''),
(31, '2016-08-14 11:10:00', 2, ''),
(31, '2016-08-28 08:42:05', 2, ''),
(31, '2016-09-11 05:59:50', 1, ''),
(31, '2016-09-11 08:39:58', 2, ''),
(31, '2016-10-09 06:36:24', 1, ''),
(31, '2016-10-09 08:54:20', 1, ''),
(31, '2016-10-15 18:17:12', 8, ''),
(31, '2016-10-15 21:13:56', 8, ''),
(31, '2016-10-22 17:36:04', 14, ''),
(31, '2016-10-23 06:15:03', 1, ''),
(31, '2016-10-23 08:56:10', 1, ''),
(31, '2016-11-20 06:16:33', 1, ''),
(31, '2016-11-20 08:47:33', 1, ''),
(31, '2017-01-08 06:26:06', 1, ''),
(31, '2017-01-08 09:00:16', 1, ''),
(31, '2017-01-22 06:24:37', 1, ''),
(31, '2017-01-22 08:51:49', 1, ''),
(31, '2017-02-19 06:05:53', 1, ''),
(31, '2017-02-19 09:31:46', 1, ''),
(31, '2017-02-25 16:52:24', 8, ''),
(31, '2017-02-25 21:38:53', 8, ''),
(31, '2017-03-05 06:20:46', 1, ''),
(31, '2017-03-05 08:59:13', 1, ''),
(31, '2017-06-11 06:32:45', 1, 'Check In'),
(31, '2017-06-11 09:00:00', 1, 'Check Out'),
(31, '2017-07-09 06:16:08', 1, 'Check In'),
(31, '2017-07-09 09:00:00', 1, 'Check Out'),
(31, '2017-08-06 06:15:50', 1, 'Check In'),
(31, '2017-08-06 09:05:34', 1, 'Check Out'),
(31, '2017-10-01 06:39:52', 1, 'Check In'),
(31, '2017-10-01 09:00:00', 1, 'Check Out'),
(31, '2017-10-15 06:34:15', 1, 'Check In'),
(31, '2017-10-15 09:00:00', 1, 'Check Out'),
(31, '2017-11-12 06:27:41', 1, 'Check In'),
(31, '2017-11-12 06:28:52', 1, 'Check Out'),
(31, '2017-11-20 18:52:46', 27, 'Check In'),
(31, '2017-11-20 21:30:00', 27, 'Check Out'),
(31, '2017-11-26 06:33:22', 1, 'Check In'),
(31, '2017-11-26 09:00:00', 1, 'Check Out'),
(31, '2017-12-10 06:23:38', 1, 'Check In'),
(31, '2017-12-10 09:00:00', 1, 'Check Out'),
(32, '2016-08-14 08:57:00', 2, ''),
(32, '2016-08-14 11:30:00', 2, ''),
(32, '2016-08-28 10:50:39', 2, ''),
(32, '2016-08-29 18:38:26', 9, ''),
(32, '2016-09-06 17:46:16', 5, ''),
(32, '2016-09-11 06:11:56', 1, ''),
(32, '2016-09-11 10:05:02', 1, ''),
(32, '2016-09-25 06:13:33', 1, ''),
(32, '2016-09-25 08:49:48', 1, ''),
(32, '2016-09-26 18:47:08', 11, ''),
(32, '2016-10-09 06:20:55', 1, ''),
(32, '2016-10-09 09:01:13', 1, ''),
(32, '2016-10-23 06:15:47', 1, ''),
(32, '2016-10-23 08:53:45', 1, ''),
(32, '2016-10-25 16:46:43', 16, ''),
(32, '2016-11-06 06:19:23', 1, ''),
(32, '2016-11-06 08:51:24', 1, ''),
(32, '2016-11-20 06:42:30', 1, ''),
(32, '2016-11-20 08:48:54', 1, ''),
(32, '2016-12-04 15:37:10', 3, ''),
(32, '2016-12-18 15:31:08', 3, ''),
(32, '2016-12-18 18:02:20', 3, ''),
(32, '2017-01-08 06:18:37', 1, ''),
(32, '2017-01-08 09:00:27', 1, ''),
(32, '2017-01-22 06:09:37', 1, ''),
(32, '2017-01-22 08:52:06', 1, ''),
(32, '2017-01-23 19:01:04', 13, ''),
(32, '2017-02-05 06:58:19', 1, ''),
(32, '2017-02-05 08:59:27', 1, ''),
(32, '2017-02-19 06:51:22', 1, ''),
(32, '2017-02-19 10:03:24', 1, ''),
(32, '2017-02-27 18:04:58', 13, ''),
(32, '2017-03-05 06:49:56', 1, ''),
(32, '2017-03-05 09:31:50', 1, ''),
(32, '2017-06-11 06:34:16', 1, 'Check In'),
(32, '2017-06-11 09:00:00', 1, 'Check Out'),
(32, '2017-06-12 19:04:38', 21, 'Check In'),
(32, '2017-06-12 21:00:00', 21, 'Check Out'),
(32, '2017-07-02 06:14:14', 1, 'Check In'),
(32, '2017-07-02 09:00:00', 1, 'Check Out'),
(32, '2017-07-17 19:48:45', 24, 'Check In'),
(32, '2017-07-17 21:00:00', 24, 'Check Out'),
(33, '0000-00-00 00:00:00', 10, 'Check Out'),
(33, '2016-08-14 09:00:00', 2, ''),
(33, '2016-08-14 11:30:00', 2, ''),
(33, '2016-08-28 10:46:20', 2, ''),
(33, '2016-08-29 18:38:33', 9, ''),
(33, '2016-09-06 17:46:46', 5, ''),
(33, '2016-09-11 06:11:20', 1, ''),
(33, '2016-09-11 10:04:33', 2, ''),
(33, '2016-09-11 10:04:58', 1, ''),
(33, '2016-09-25 06:13:38', 1, ''),
(33, '2016-09-25 08:49:58', 1, ''),
(33, '2016-09-26 18:47:14', 11, ''),
(33, '2016-10-09 06:20:33', 1, ''),
(33, '2016-10-09 09:01:20', 1, ''),
(33, '2016-10-23 06:15:36', 1, ''),
(33, '2016-10-23 08:53:31', 1, ''),
(33, '2016-10-25 16:47:24', 16, ''),
(33, '2016-11-06 06:19:10', 1, ''),
(33, '2016-11-06 08:50:38', 1, ''),
(33, '2016-11-20 06:42:15', 1, ''),
(33, '2016-11-20 08:48:36', 1, ''),
(33, '2016-12-04 15:36:40', 3, ''),
(33, '2016-12-04 16:50:47', 3, ''),
(33, '2016-12-18 15:30:50', 3, ''),
(33, '2016-12-18 18:02:12', 3, ''),
(33, '2017-01-08 06:18:25', 1, ''),
(33, '2017-01-08 09:00:36', 1, ''),
(33, '2017-01-22 06:09:09', 1, ''),
(33, '2017-01-22 08:51:56', 1, ''),
(33, '2017-01-23 19:01:09', 13, ''),
(33, '2017-02-05 06:58:54', 1, ''),
(33, '2017-02-05 08:59:55', 1, ''),
(33, '2017-02-19 06:52:02', 1, ''),
(33, '2017-02-19 10:03:30', 1, ''),
(33, '2017-02-27 18:05:07', 13, ''),
(33, '2017-03-05 06:50:03', 1, ''),
(33, '2017-03-05 09:32:00', 1, ''),
(33, '2017-06-02 20:50:49', 10, ''),
(33, '2017-06-02 21:02:04', 10, ''),
(33, '2017-06-11 06:33:07', 1, 'Check In'),
(33, '2017-06-11 09:00:00', 1, 'Check Out'),
(33, '2017-06-12 19:02:19', 21, 'Check In'),
(33, '2017-06-12 19:02:55', 21, 'Check Out'),
(33, '2017-07-02 06:14:15', 1, 'Check In'),
(33, '2017-07-02 08:57:35', 1, 'Check Out'),
(33, '2017-07-17 19:49:20', 24, 'Check In'),
(33, '2017-07-20 18:42:41', 24, 'Check Out'),
(34, '2016-08-14 09:10:00', 2, ''),
(34, '2016-08-14 11:36:00', 2, ''),
(34, '2016-08-28 08:48:57', 2, ''),
(34, '2016-08-28 11:43:19', 2, ''),
(34, '2016-09-11 06:29:24', 1, ''),
(34, '2016-09-25 06:33:59', 1, ''),
(34, '2016-10-09 09:00:24', 1, ''),
(34, '2016-10-23 06:37:14', 1, ''),
(34, '2016-11-06 06:34:34', 1, ''),
(34, '2016-11-06 08:50:12', 2, ''),
(34, '2016-11-20 06:41:52', 1, ''),
(34, '2016-12-04 15:30:28', 3, ''),
(34, '2016-12-04 16:56:11', 3, ''),
(34, '2016-12-18 15:21:44', 3, ''),
(34, '2017-01-08 06:30:17', 1, ''),
(34, '2017-01-08 08:55:28', 1, ''),
(34, '2017-01-22 06:43:30', 1, ''),
(34, '2017-01-22 08:45:44', 1, ''),
(34, '2017-02-05 06:25:32', 1, ''),
(34, '2017-02-05 08:58:54', 2, ''),
(34, '2017-02-19 06:51:02', 1, ''),
(34, '2017-02-19 10:01:57', 1, ''),
(34, '2017-03-05 06:50:27', 1, ''),
(34, '2017-03-05 08:53:41', 2, ''),
(34, '2017-06-11 06:35:05', 1, 'Check In'),
(34, '2017-06-11 09:00:00', 1, 'Check Out'),
(34, '2017-07-23 06:34:28', 1, 'Check In'),
(34, '2017-07-23 09:00:00', 1, 'Check Out'),
(34, '2017-07-23 09:07:30', 1, 'Check Out'),
(34, '2017-08-06 06:36:18', 1, 'Check In'),
(34, '2017-08-06 09:00:00', 1, 'Check Out'),
(34, '2017-10-01 06:40:00', 1, 'Check In'),
(34, '2017-10-01 09:00:00', 1, 'Check Out'),
(34, '2017-10-15 06:22:51', 1, 'Check In'),
(34, '2017-10-15 09:00:00', 1, 'Check Out'),
(34, '2017-10-29 06:08:00', 1, 'Check In'),
(34, '2017-10-29 09:00:00', 1, 'Check Out'),
(34, '2017-11-12 06:25:19', 1, 'Check In'),
(34, '2017-11-12 09:00:00', 1, 'Check Out'),
(34, '2017-11-20 19:41:13', 27, 'Check In'),
(34, '2017-11-20 21:30:00', 27, 'Check Out'),
(34, '2017-12-10 06:13:36', 1, 'Check In'),
(34, '2017-12-10 09:00:00', 1, 'Check Out'),
(41, '2016-08-14 08:40:14', 2, ''),
(41, '2016-08-14 12:15:18', 2, ''),
(41, '2016-08-21 15:00:20', 3, ''),
(41, '2016-08-21 18:03:05', 3, ''),
(41, '2016-08-29 17:37:05', 9, ''),
(41, '2016-09-04 08:30:51', 2, ''),
(41, '2016-09-04 12:09:02', 2, ''),
(41, '2016-09-18 09:24:21', 2, ''),
(41, '2016-09-18 11:56:54', 2, ''),
(41, '2016-10-02 09:18:16', 2, ''),
(41, '2016-10-02 12:06:14', 2, ''),
(41, '2016-10-16 09:21:22', 2, ''),
(41, '2016-10-16 11:55:22', 2, ''),
(41, '2016-10-30 09:16:11', 2, ''),
(41, '2016-10-30 12:09:22', 2, ''),
(41, '2016-11-13 09:26:54', 2, ''),
(41, '2016-11-13 11:59:34', 2, ''),
(41, '2016-11-27 18:40:26', 4, ''),
(41, '2016-11-27 20:59:27', 4, ''),
(41, '2016-12-11 18:34:20', 4, ''),
(41, '2016-12-11 20:07:46', 3, ''),
(41, '2017-01-15 09:30:53', 2, ''),
(41, '2017-01-15 12:06:09', 2, ''),
(41, '2017-01-23 18:42:00', 13, ''),
(41, '2017-01-29 09:24:17', 2, ''),
(41, '2017-01-29 11:56:17', 2, ''),
(41, '2017-02-26 09:33:44', 2, ''),
(41, '2017-02-26 12:20:48', 2, ''),
(41, '2017-02-27 18:35:57', 13, ''),
(41, '2017-06-03 15:30:43', 8, ''),
(41, '2017-06-04 08:48:11', 1, ''),
(41, '2017-06-04 08:49:07', 2, ''),
(41, '2017-06-04 12:34:17', 1, ''),
(41, '2017-06-12 19:01:52', 21, 'Check In'),
(41, '2017-06-12 19:41:42', 21, 'Check Out'),
(41, '2017-06-18 09:07:58', 2, 'Check In'),
(41, '2017-06-18 12:00:00', 2, 'Check Out'),
(41, '2017-06-18 12:40:31', 2, 'Check Out'),
(41, '2017-07-02 09:37:34', 2, 'Check In'),
(41, '2017-07-02 12:00:00', 2, 'Check Out'),
(41, '2017-07-16 09:06:24', 2, 'Check In'),
(41, '2017-07-16 12:00:00', 2, 'Check Out'),
(41, '2017-07-17 18:49:58', 24, 'Check In'),
(41, '2017-07-17 21:00:00', 24, 'Check Out'),
(41, '2017-07-23 15:22:29', 3, 'Check In'),
(41, '2017-07-23 18:00:00', 3, 'Check Out'),
(41, '2017-07-30 09:18:10', 2, 'Check In'),
(41, '2017-07-30 12:00:00', 2, 'Check Out'),
(41, '2017-10-08 08:57:38', 2, 'Check In'),
(41, '2017-10-08 12:00:00', 2, 'Check Out'),
(41, '2017-10-22 08:55:27', 2, 'Check In'),
(41, '2017-10-22 12:00:00', 2, 'Check Out'),
(41, '2017-10-30 19:32:27', 25, 'Check In'),
(41, '2017-10-30 21:30:00', 25, 'Check Out'),
(41, '2017-11-05 09:15:36', 2, 'Check In'),
(41, '2017-11-05 12:00:00', 2, 'Check Out'),
(41, '2017-11-13 19:34:40', 26, 'Check In'),
(41, '2017-11-13 21:30:00', 26, 'Check Out'),
(41, '2017-11-19 09:09:52', 2, 'Check In'),
(41, '2017-11-19 12:00:00', 2, 'Check Out'),
(41, '2017-11-20 18:44:39', 27, 'Check In'),
(41, '2017-11-20 21:30:00', 27, 'Check Out'),
(41, '2017-12-03 08:52:04', 2, 'Check In'),
(41, '2017-12-03 12:00:00', 2, 'Check Out'),
(41, '2017-12-10 09:21:21', 2, 'Check In'),
(41, '2017-12-10 12:00:00', 2, 'Check Out'),
(42, '0000-00-00 00:00:00', 2, 'Check In'),
(42, '2016-08-21 15:06:20', 3, ''),
(42, '2016-08-21 18:01:12', 3, ''),
(42, '2016-08-29 17:32:05', 9, ''),
(42, '2016-09-04 08:40:31', 2, ''),
(42, '2016-09-04 13:07:37', 2, ''),
(42, '2016-09-11 14:58:36', 3, ''),
(42, '2016-09-11 19:03:03', 3, ''),
(42, '2016-09-18 09:24:49', 2, ''),
(42, '2016-09-18 11:51:58', 2, ''),
(42, '2016-09-26 18:21:00', 11, ''),
(42, '2016-10-16 09:21:36', 2, ''),
(42, '2016-10-16 12:04:20', 2, ''),
(42, '2016-10-30 09:17:31', 2, ''),
(42, '2016-10-30 12:13:50', 2, ''),
(42, '2016-11-27 21:02:25', 4, ''),
(42, '2016-12-11 18:35:23', 4, ''),
(42, '2017-01-01 09:29:01', 2, ''),
(42, '2017-01-01 12:18:27', 2, ''),
(42, '2017-01-15 09:31:37', 2, ''),
(42, '2017-01-15 12:08:11', 2, ''),
(42, '2017-01-23 17:53:34', 13, ''),
(42, '2017-02-12 09:37:36', 2, ''),
(42, '2017-02-12 12:52:35', 2, ''),
(42, '2017-02-26 09:34:13', 2, ''),
(42, '2017-02-26 12:21:46', 2, ''),
(42, '2017-06-04 09:10:14', 2, ''),
(42, '2017-06-12 19:08:05', 21, 'Check In'),
(42, '2017-06-12 19:08:21', 21, 'Check Out'),
(42, '2017-06-18 12:00:00', 2, 'Check Out'),
(42, '2017-06-25 09:13:23', 2, 'Check In'),
(42, '2017-06-25 12:00:00', 2, 'Check Out'),
(42, '2017-07-02 09:04:49', 2, 'Check In'),
(42, '2017-07-02 12:00:00', 2, 'Check Out'),
(42, '2017-07-16 09:24:24', 2, 'Check In'),
(42, '2017-07-16 12:00:00', 2, 'Check Out'),
(42, '2017-07-16 13:03:34', 2, 'Check Out'),
(42, '2017-07-17 19:04:05', 24, 'Check In'),
(42, '2017-07-17 21:00:00', 24, 'Check Out'),
(42, '2017-07-23 09:06:49', 2, 'Check In'),
(42, '2017-07-23 12:00:00', 2, 'Check Out'),
(42, '2017-10-22 10:02:36', 2, 'Check In'),
(42, '2017-10-22 12:00:00', 2, 'Check Out'),
(42, '2017-11-05 09:30:45', 2, 'Check In'),
(42, '2017-11-05 12:00:00', 2, 'Check Out'),
(42, '2017-12-03 09:13:10', 2, 'Check In'),
(42, '2017-12-03 12:00:00', 2, 'Check Out'),
(42, '2017-12-10 09:01:44', 2, 'Check In'),
(42, '2017-12-10 12:00:00', 2, 'Check Out'),
(43, '2016-09-04 08:35:30', 2, ''),
(43, '2016-09-04 11:06:12', 2, ''),
(43, '2016-12-04 14:58:41', 3, ''),
(44, '2016-08-21 15:22:07', 3, ''),
(44, '2016-08-21 17:29:44', 3, ''),
(44, '2016-08-29 17:37:12', 9, ''),
(44, '2016-09-18 09:24:56', 2, ''),
(44, '2016-09-18 11:57:09', 2, ''),
(44, '2016-09-26 18:35:01', 11, ''),
(44, '2016-10-02 09:18:11', 2, ''),
(44, '2016-10-02 12:07:44', 2, ''),
(44, '2016-10-16 09:21:52', 2, ''),
(44, '2016-10-16 11:02:37', 2, ''),
(44, '2016-11-13 09:26:25', 2, ''),
(44, '2016-11-13 11:59:50', 2, ''),
(44, '2016-11-27 18:45:32', 4, ''),
(44, '2016-11-27 21:02:46', 4, ''),
(44, '2016-12-11 18:41:14', 4, ''),
(44, '2016-12-11 20:41:30', 3, ''),
(44, '2017-01-15 09:30:37', 2, ''),
(44, '2017-01-15 12:07:00', 2, ''),
(44, '2017-02-12 09:36:34', 2, ''),
(44, '2017-02-12 12:46:38', 2, ''),
(44, '2017-06-04 11:40:03', 2, ''),
(44, '2017-07-23 09:58:55', 2, 'Check In'),
(44, '2017-07-23 12:00:00', 2, 'Check Out'),
(44, '2017-07-30 09:12:01', 2, 'Check In'),
(44, '2017-07-30 12:00:00', 2, 'Check Out'),
(45, '2016-08-21 14:50:13', 3, ''),
(45, '2016-08-21 17:46:43', 3, ''),
(45, '2016-08-29 17:20:01', 9, ''),
(45, '2016-09-04 08:51:18', 2, ''),
(45, '2016-09-04 13:02:45', 2, ''),
(45, '2016-09-18 09:27:03', 2, ''),
(45, '2016-09-18 11:51:21', 2, ''),
(45, '2016-09-26 17:36:38', 11, ''),
(45, '2016-10-02 09:05:44', 2, ''),
(45, '2016-10-02 12:06:53', 2, ''),
(45, '2016-10-16 08:51:47', 2, ''),
(45, '2016-10-16 11:55:43', 2, ''),
(45, '2016-10-30 09:16:52', 2, ''),
(45, '2016-10-30 12:27:06', 2, ''),
(45, '2016-11-13 09:26:10', 2, ''),
(45, '2016-11-13 11:59:39', 2, ''),
(45, '2016-11-27 18:45:23', 4, ''),
(45, '2016-11-27 19:57:33', 4, ''),
(45, '2016-12-11 18:34:09', 4, ''),
(45, '2016-12-11 20:30:58', 3, ''),
(45, '2017-01-01 09:27:46', 2, ''),
(45, '2017-01-01 12:00:44', 2, ''),
(45, '2017-01-15 10:08:43', 2, ''),
(45, '2017-01-15 11:45:09', 2, ''),
(45, '2017-01-23 17:44:37', 13, ''),
(45, '2017-02-12 09:43:33', 2, ''),
(45, '2017-02-26 09:26:41', 2, ''),
(45, '2017-02-26 12:19:07', 2, ''),
(45, '2017-02-27 19:13:50', 13, ''),
(45, '2017-06-04 08:49:49', 2, ''),
(45, '2017-06-18 08:39:56', 2, 'Check In'),
(45, '2017-06-18 12:00:00', 2, 'Check Out'),
(45, '2017-07-02 09:06:25', 2, 'Check In'),
(45, '2017-07-02 12:00:00', 2, 'Check Out'),
(45, '2017-07-16 09:21:25', 2, 'Check In'),
(45, '2017-07-16 12:00:00', 2, 'Check Out'),
(45, '2017-07-16 12:32:24', 2, 'Check Out'),
(45, '2017-07-30 08:52:19', 2, 'Check In'),
(45, '2017-07-30 12:00:00', 2, 'Check Out'),
(45, '2017-10-22 08:46:50', 2, 'Check In'),
(45, '2017-10-22 12:00:00', 2, 'Check Out'),
(45, '2017-10-29 06:23:11', 1, 'Check In'),
(45, '2017-10-29 09:00:00', 1, 'Check Out'),
(45, '2017-10-30 19:10:21', 25, 'Check In'),
(45, '2017-10-30 21:30:00', 25, 'Check Out'),
(45, '2017-11-12 06:09:06', 1, 'Check In'),
(45, '2017-11-12 09:00:00', 1, 'Check Out'),
(45, '2017-11-13 19:29:54', 26, 'Check In'),
(45, '2017-11-13 21:30:00', 26, 'Check Out'),
(45, '2017-11-20 18:52:51', 27, 'Check In'),
(45, '2017-11-20 21:30:00', 27, 'Check Out'),
(45, '2017-11-26 06:35:25', 1, 'Check In'),
(45, '2017-11-26 09:00:00', 1, 'Check Out'),
(45, '2017-12-03 06:04:05', 1, 'Check In'),
(45, '2017-12-03 09:00:00', 1, 'Check Out'),
(45, '2017-12-10 08:09:56', 1, 'Check In'),
(45, '2017-12-10 09:00:00', 1, 'Check Out'),
(46, '2016-08-21 15:16:44', 3, ''),
(46, '2016-08-21 18:02:08', 3, ''),
(46, '2016-08-29 17:14:34', 9, ''),
(46, '2016-09-18 09:41:15', 2, ''),
(46, '2016-09-18 11:52:53', 2, ''),
(46, '2016-09-26 18:49:05', 11, ''),
(46, '2016-12-11 17:52:15', 4, ''),
(46, '2017-01-23 18:49:13', 13, ''),
(47, '2016-07-31 15:19:28', 3, ''),
(47, '2016-08-21 14:48:14', 3, ''),
(47, '2016-08-21 18:01:27', 3, ''),
(47, '2016-08-28 18:23:57', 4, ''),
(47, '2016-08-28 20:25:30', 4, ''),
(47, '2016-09-04 12:05:47', 2, ''),
(47, '2016-09-04 12:05:52', 2, ''),
(47, '2016-09-18 10:00:29', 2, ''),
(47, '2016-09-18 11:53:33', 2, ''),
(47, '2016-09-26 18:40:24', 11, ''),
(47, '2016-10-16 10:35:39', 2, ''),
(47, '2016-10-30 09:36:13', 2, ''),
(47, '2016-10-30 11:53:10', 2, ''),
(47, '2016-11-13 09:25:44', 2, ''),
(47, '2016-11-13 11:59:24', 2, ''),
(47, '2016-11-27 18:34:41', 3, ''),
(47, '2016-11-27 19:56:42', 4, ''),
(47, '2016-12-11 18:34:15', 4, ''),
(47, '2017-01-29 11:53:10', 2, ''),
(48, '2016-08-21 15:09:18', 3, ''),
(48, '2016-08-21 18:02:47', 3, ''),
(48, '2016-09-04 08:39:26', 2, ''),
(48, '2016-09-04 13:01:18', 2, ''),
(48, '2016-09-18 09:24:17', 2, ''),
(48, '2016-09-18 11:56:59', 2, ''),
(48, '2016-10-02 09:15:07', 2, ''),
(48, '2016-10-02 12:06:20', 2, ''),
(48, '2016-10-16 09:21:28', 2, ''),
(48, '2016-10-16 11:57:50', 2, ''),
(48, '2016-10-30 09:16:47', 2, ''),
(48, '2016-10-30 12:09:42', 2, ''),
(48, '2016-11-13 09:26:33', 2, ''),
(48, '2016-11-13 11:55:05', 2, ''),
(48, '2016-11-27 18:39:10', 4, ''),
(48, '2016-11-27 19:56:48', 4, ''),
(48, '2016-12-04 17:54:29', 4, ''),
(48, '2016-12-04 19:50:19', 4, ''),
(48, '2017-01-01 09:28:41', 2, ''),
(48, '2017-01-01 12:15:16', 2, ''),
(48, '2017-01-15 09:31:33', 2, ''),
(48, '2017-01-15 12:06:23', 2, ''),
(48, '2017-01-23 17:26:38', 13, ''),
(48, '2017-01-29 09:24:00', 2, ''),
(48, '2017-01-29 11:56:13', 2, ''),
(48, '2017-02-12 09:36:13', 2, '');
INSERT INTO `ihub_absence` (`idOpr`, `tglabsence`, `ibadah`, `keterangan`) VALUES
(48, '2017-02-12 12:05:10', 2, ''),
(48, '2017-02-26 09:31:21', 2, ''),
(48, '2017-06-04 08:51:36', 2, ''),
(48, '2017-06-18 08:58:26', 2, 'Check In'),
(48, '2017-06-18 12:00:00', 2, 'Check Out'),
(48, '2017-06-25 09:09:39', 2, 'Check In'),
(48, '2017-06-25 12:00:00', 2, 'Check Out'),
(48, '2017-07-02 08:51:25', 2, 'Check In'),
(48, '2017-07-02 12:00:00', 2, 'Check Out'),
(48, '2017-07-16 08:49:29', 2, 'Check In'),
(48, '2017-07-16 12:00:00', 2, 'Check Out'),
(48, '2017-07-16 12:56:08', 2, 'Check Out'),
(48, '2017-07-23 09:08:09', 2, 'Check In'),
(48, '2017-07-23 12:00:00', 2, 'Check Out'),
(48, '2017-07-30 08:45:50', 2, 'Check In'),
(48, '2017-07-30 12:00:00', 2, 'Check Out'),
(48, '2017-10-08 09:02:52', 2, 'Check In'),
(48, '2017-10-08 12:00:00', 2, 'Check Out'),
(48, '2017-10-22 08:52:32', 2, 'Check In'),
(48, '2017-10-22 12:00:00', 2, 'Check Out'),
(48, '2017-10-30 18:59:40', 25, 'Check In'),
(48, '2017-10-30 21:30:00', 25, 'Check Out'),
(48, '2017-11-05 09:28:28', 2, 'Check In'),
(48, '2017-11-05 12:00:00', 2, 'Check Out'),
(48, '2017-11-13 18:58:50', 26, 'Check In'),
(48, '2017-11-13 21:30:00', 26, 'Check Out'),
(48, '2017-11-19 08:52:25', 2, 'Check In'),
(48, '2017-11-19 12:00:00', 2, 'Check Out'),
(48, '2017-12-03 09:01:24', 2, 'Check In'),
(48, '2017-12-03 12:00:00', 2, 'Check Out'),
(48, '2017-12-10 09:24:26', 2, 'Check In'),
(48, '2017-12-10 12:00:00', 2, 'Check Out'),
(49, '2016-10-02 09:15:14', 2, ''),
(49, '2016-10-02 12:08:10', 2, ''),
(49, '2016-10-30 09:17:21', 2, ''),
(49, '2016-10-30 12:27:30', 2, ''),
(49, '2016-11-13 09:26:38', 2, ''),
(49, '2016-11-13 12:00:04', 2, ''),
(49, '2016-11-27 18:39:19', 4, ''),
(49, '2016-11-27 21:00:52', 4, ''),
(49, '2017-01-15 12:03:59', 2, ''),
(49, '2017-01-23 19:24:23', 13, ''),
(49, '2017-01-29 09:24:24', 2, ''),
(49, '2017-01-29 11:53:19', 2, ''),
(49, '2017-02-12 10:13:54', 1, ''),
(49, '2017-02-12 10:14:05', 2, ''),
(49, '2017-02-12 12:05:19', 2, ''),
(49, '2017-02-26 09:31:45', 2, ''),
(49, '2017-02-26 12:12:50', 1, ''),
(49, '2017-06-04 09:10:50', 2, ''),
(49, '2017-06-12 19:04:46', 21, 'Check In'),
(49, '2017-06-12 21:00:00', 21, 'Check Out'),
(49, '2017-06-25 09:24:43', 2, 'Check In'),
(49, '2017-06-25 12:00:00', 2, 'Check Out'),
(49, '2017-07-30 09:07:35', 2, 'Check In'),
(49, '2017-07-30 12:00:00', 2, 'Check Out'),
(49, '2017-12-10 09:23:46', 2, 'Check In'),
(49, '2017-12-10 12:00:00', 2, 'Check Out'),
(50, '2016-08-21 15:08:32', 3, ''),
(50, '2016-08-21 18:31:45', 3, ''),
(50, '2016-08-28 09:45:37', 2, ''),
(50, '2016-08-28 12:03:47', 2, ''),
(50, '2016-08-29 17:51:21', 9, ''),
(50, '2016-09-04 09:38:31', 1, ''),
(50, '2016-09-04 13:01:58', 2, ''),
(50, '2016-09-18 09:34:09', 2, ''),
(50, '2016-09-18 11:51:31', 2, ''),
(50, '2016-10-02 09:18:34', 2, ''),
(50, '2016-10-02 12:08:53', 2, ''),
(50, '2016-10-16 09:21:59', 2, ''),
(50, '2016-10-16 12:00:30', 2, ''),
(50, '2016-10-30 09:18:23', 2, ''),
(50, '2016-10-30 12:13:44', 2, ''),
(50, '2016-11-13 09:31:29', 2, ''),
(50, '2016-11-13 12:06:51', 2, ''),
(50, '2016-11-27 18:39:57', 4, ''),
(50, '2016-11-27 21:03:43', 4, ''),
(50, '2016-12-04 15:35:18', 3, ''),
(50, '2016-12-04 18:18:21', 3, ''),
(50, '2016-12-11 18:38:47', 4, ''),
(50, '2016-12-11 21:56:42', 3, ''),
(50, '2016-12-18 15:42:15', 3, ''),
(50, '2016-12-18 17:40:59', 3, ''),
(50, '2017-01-08 09:55:01', 2, ''),
(50, '2017-01-08 12:05:14', 2, ''),
(50, '2017-01-15 09:33:01', 2, ''),
(50, '2017-01-15 12:11:53', 2, ''),
(50, '2017-01-23 18:21:16', 13, ''),
(50, '2017-01-29 09:25:18', 2, ''),
(50, '2017-01-29 12:02:34', 2, ''),
(50, '2017-02-12 09:36:49', 2, ''),
(50, '2017-02-12 12:30:26', 2, ''),
(50, '2017-02-26 09:33:34', 2, ''),
(50, '2017-02-26 11:54:21', 1, ''),
(50, '2017-02-26 12:22:04', 2, ''),
(50, '2017-02-27 17:43:04', 13, ''),
(50, '2017-06-04 08:59:55', 2, ''),
(50, '2017-06-18 09:18:19', 2, 'Check In'),
(50, '2017-06-18 12:00:00', 2, 'Check Out'),
(50, '2017-06-18 12:40:29', 2, 'Check Out'),
(50, '2017-06-18 12:40:34', 2, 'Check In'),
(50, '2017-06-18 12:40:35', 2, 'Check Out'),
(50, '2017-06-18 12:40:39', 2, 'Check In'),
(50, '2017-06-18 12:40:43', 2, 'Check Out'),
(50, '2017-07-16 09:27:45', 2, 'Check In'),
(50, '2017-07-16 12:00:00', 2, 'Check Out'),
(50, '2017-07-17 19:11:46', 24, 'Check In'),
(50, '2017-07-17 21:00:00', 24, 'Check Out'),
(50, '2017-07-30 09:30:13', 2, 'Check In'),
(50, '2017-07-30 12:00:00', 2, 'Check Out'),
(50, '2017-10-08 09:17:11', 2, 'Check In'),
(50, '2017-10-08 12:00:00', 2, 'Check Out'),
(50, '2017-10-22 09:34:37', 2, 'Check In'),
(50, '2017-10-22 12:00:00', 2, 'Check Out'),
(50, '2017-10-30 19:43:42', 25, 'Check In'),
(50, '2017-10-30 21:30:00', 25, 'Check Out'),
(50, '2017-11-05 09:38:04', 2, 'Check In'),
(50, '2017-11-05 12:00:00', 2, 'Check Out'),
(50, '2017-11-13 19:37:17', 26, 'Check In'),
(50, '2017-11-13 21:30:00', 26, 'Check Out'),
(50, '2017-11-19 09:22:50', 2, 'Check In'),
(50, '2017-11-19 12:00:00', 2, 'Check Out'),
(50, '2017-11-20 19:46:30', 27, 'Check In'),
(50, '2017-11-20 21:30:00', 27, 'Check Out'),
(50, '2017-12-10 08:52:26', 2, 'Check In'),
(50, '2017-12-10 12:00:00', 2, 'Check Out'),
(51, '2016-08-21 15:14:17', 3, ''),
(51, '2016-08-21 18:01:44', 3, ''),
(51, '2016-09-04 09:04:24', 2, ''),
(51, '2016-09-04 10:41:57', 2, ''),
(51, '2016-09-18 09:24:39', 2, ''),
(51, '2016-09-18 11:57:23', 2, ''),
(51, '2016-10-02 09:18:40', 2, ''),
(51, '2016-10-02 12:08:26', 2, ''),
(51, '2016-10-30 09:17:57', 2, ''),
(51, '2016-11-27 18:39:39', 4, ''),
(51, '2016-11-27 20:59:36', 4, ''),
(51, '2016-12-11 18:35:42', 4, ''),
(51, '2016-12-11 21:50:40', 3, ''),
(51, '2017-01-01 09:28:10', 2, ''),
(51, '2017-01-01 12:18:35', 2, ''),
(51, '2017-01-15 09:31:05', 2, ''),
(51, '2017-01-15 12:05:03', 2, ''),
(51, '2017-01-23 17:21:09', 13, ''),
(51, '2017-01-29 09:24:43', 2, ''),
(51, '2017-01-29 11:57:54', 2, ''),
(51, '2017-02-12 09:38:01', 2, ''),
(51, '2017-02-12 12:45:57', 2, ''),
(51, '2017-06-04 08:59:48', 2, ''),
(51, '2017-06-18 08:47:04', 2, 'Check In'),
(51, '2017-06-18 12:00:00', 2, 'Check Out'),
(51, '2017-06-18 12:02:12', 2, 'Check In'),
(51, '2017-06-18 12:04:41', 2, 'Check Out'),
(51, '2017-06-25 09:25:07', 2, 'Check In'),
(51, '2017-06-25 12:00:00', 2, 'Check Out'),
(51, '2017-07-16 09:05:09', 2, 'Check In'),
(51, '2017-07-16 12:00:00', 2, 'Check Out'),
(51, '2017-07-30 09:05:19', 2, 'Check In'),
(51, '2017-07-30 12:00:00', 2, 'Check Out'),
(51, '2017-07-30 12:23:37', 2, 'Check Out'),
(51, '2017-10-08 08:57:51', 2, 'Check In'),
(51, '2017-10-08 09:07:31', 2, 'Check In'),
(51, '2017-10-08 12:00:00', 2, 'Check Out'),
(51, '2017-10-22 09:07:38', 2, 'Check In'),
(51, '2017-10-22 12:00:00', 2, 'Check Out'),
(51, '2017-11-05 08:53:36', 2, 'Check In'),
(51, '2017-11-05 12:00:00', 2, 'Check Out'),
(51, '2017-11-20 19:31:58', 27, 'Check In'),
(51, '2017-11-20 21:30:00', 27, 'Check Out'),
(51, '2017-12-03 09:18:02', 2, 'Check In'),
(51, '2017-12-03 12:00:00', 2, 'Check Out'),
(52, '2016-08-21 15:12:38', 3, ''),
(52, '2016-08-21 18:02:25', 3, ''),
(52, '2016-08-29 17:40:08', 9, ''),
(52, '2016-09-04 09:29:16', 2, ''),
(52, '2016-09-04 13:01:12', 2, ''),
(52, '2016-10-16 09:20:58', 2, ''),
(52, '2016-10-16 11:57:46', 2, ''),
(52, '2016-10-30 09:16:21', 2, ''),
(52, '2016-10-30 12:09:29', 2, ''),
(52, '2016-11-13 09:26:43', 2, ''),
(52, '2016-11-13 12:06:36', 2, ''),
(52, '2016-11-20 09:22:54', 2, ''),
(52, '2016-11-27 18:38:59', 4, ''),
(52, '2016-11-27 19:57:30', 4, ''),
(52, '2016-12-04 18:09:10', 4, ''),
(52, '2016-12-04 21:55:50', 4, ''),
(52, '2016-12-11 21:16:49', 3, ''),
(52, '2017-01-01 09:28:37', 2, ''),
(52, '2017-01-01 12:15:23', 2, ''),
(52, '2017-01-15 09:31:29', 2, ''),
(52, '2017-01-15 12:06:27', 2, ''),
(52, '2017-01-23 17:20:31', 13, ''),
(52, '2017-01-29 09:24:06', 2, ''),
(52, '2017-01-29 11:50:08', 2, ''),
(52, '2017-02-12 09:36:42', 2, ''),
(52, '2017-02-26 09:31:27', 2, ''),
(52, '2017-02-26 12:19:15', 2, ''),
(52, '2017-10-08 09:19:10', 2, 'Check In'),
(52, '2017-10-08 12:00:00', 2, 'Check Out'),
(52, '2017-10-22 09:17:15', 2, 'Check In'),
(52, '2017-10-22 12:00:00', 2, 'Check Out'),
(52, '2017-11-05 09:25:45', 2, 'Check In'),
(52, '2017-11-05 12:00:00', 2, 'Check Out'),
(52, '2017-11-13 18:58:40', 26, 'Check In'),
(52, '2017-11-13 21:30:00', 26, 'Check Out'),
(52, '2017-11-19 09:09:11', 2, 'Check In'),
(52, '2017-11-19 12:00:00', 2, 'Check Out'),
(52, '2017-12-03 09:11:25', 2, 'Check In'),
(52, '2017-12-03 12:00:00', 2, 'Check Out'),
(53, '0000-00-00 00:00:00', 17, 'Check In'),
(53, '2016-08-21 15:08:08', 3, ''),
(53, '2016-08-21 17:36:41', 3, ''),
(53, '2016-08-29 17:42:33', 9, ''),
(53, '2016-09-04 10:03:13', 1, ''),
(53, '2016-09-04 13:07:25', 2, ''),
(53, '2016-09-18 09:24:30', 2, ''),
(53, '2016-09-18 11:32:04', 2, ''),
(53, '2016-09-26 18:20:53', 11, ''),
(53, '2016-10-02 09:18:21', 2, ''),
(53, '2016-10-02 12:07:50', 2, ''),
(53, '2016-10-09 09:32:48', 2, ''),
(53, '2016-10-09 12:02:14', 2, ''),
(53, '2016-10-24 19:34:09', 15, ''),
(53, '2016-10-25 17:43:41', 16, ''),
(53, '2016-10-30 09:17:39', 2, ''),
(53, '2016-10-30 12:10:09', 2, ''),
(53, '2016-11-13 09:31:03', 2, ''),
(53, '2016-11-13 12:00:32', 2, ''),
(53, '2016-11-27 18:39:46', 4, ''),
(53, '2016-11-27 21:02:37', 4, ''),
(53, '2016-12-11 18:35:31', 4, ''),
(53, '2016-12-11 21:54:02', 3, ''),
(53, '2017-01-01 09:28:15', 2, ''),
(53, '2017-01-01 12:18:17', 2, ''),
(53, '2017-01-15 09:30:44', 2, ''),
(53, '2017-01-15 12:08:02', 2, ''),
(53, '2017-01-22 09:32:25', 1, ''),
(53, '2017-01-22 12:00:20', 2, ''),
(53, '2017-01-23 18:18:47', 13, ''),
(53, '2017-02-12 09:37:19', 2, ''),
(53, '2017-02-12 12:45:43', 2, ''),
(53, '2017-02-26 09:34:00', 2, ''),
(53, '2017-02-26 12:12:56', 1, ''),
(53, '2017-06-17 17:35:24', 17, 'Check In'),
(53, '2017-06-17 17:35:48', 17, 'Check Out'),
(53, '2017-06-18 12:37:52', 12, 'Check In'),
(53, '2017-06-18 12:37:55', 12, 'Check Out'),
(53, '2017-07-02 12:43:09', 12, 'Check In'),
(53, '2017-07-02 12:43:15', 12, 'Check Out'),
(53, '2017-10-08 10:27:24', 2, 'Check In'),
(53, '2017-10-08 12:00:00', 2, 'Check Out'),
(53, '2017-11-13 18:55:45', 26, 'Check In'),
(53, '2017-11-13 21:30:00', 26, 'Check Out'),
(53, '2017-11-20 20:51:19', 27, 'Check In'),
(53, '2017-11-20 21:30:00', 27, 'Check Out'),
(53, '2017-12-03 08:48:17', 1, 'Check In'),
(53, '2017-12-03 08:48:20', 1, 'Check Out'),
(54, '2016-08-21 15:08:40', 3, ''),
(54, '2016-08-21 18:32:05', 3, ''),
(54, '2016-08-29 18:00:19', 9, ''),
(54, '2016-09-04 08:56:10', 2, ''),
(54, '2016-09-04 12:17:05', 2, ''),
(54, '2016-09-06 17:56:29', 5, ''),
(54, '2016-09-18 09:25:03', 2, ''),
(54, '2016-09-18 11:57:14', 2, ''),
(54, '2016-10-02 09:18:06', 2, ''),
(54, '2016-10-02 12:08:16', 2, ''),
(54, '2016-10-16 09:21:40', 2, ''),
(54, '2016-10-16 12:05:21', 2, ''),
(54, '2016-10-30 09:18:03', 2, ''),
(54, '2016-10-30 12:20:08', 2, ''),
(54, '2016-11-13 09:31:47', 2, ''),
(54, '2016-11-13 12:07:01', 2, ''),
(54, '2016-11-27 08:58:15', 2, ''),
(54, '2016-11-27 12:14:11', 2, ''),
(54, '2016-12-11 18:35:48', 4, ''),
(54, '2016-12-11 20:07:08', 3, ''),
(54, '2017-01-15 09:30:59', 2, ''),
(54, '2017-01-15 12:04:20', 2, ''),
(54, '2017-01-29 09:24:48', 2, ''),
(54, '2017-01-29 12:02:40', 2, ''),
(54, '2017-02-26 09:33:14', 2, ''),
(54, '2017-02-26 12:15:58', 1, ''),
(54, '2017-02-26 12:22:10', 2, ''),
(54, '2017-06-04 09:08:37', 2, ''),
(54, '2017-06-18 09:05:14', 2, 'Check In'),
(54, '2017-06-18 09:07:27', 2, 'Check Out'),
(54, '2017-06-18 09:07:43', 2, 'Check In'),
(54, '2017-06-18 12:00:00', 2, 'Check Out'),
(54, '2017-07-16 09:21:20', 2, 'Check In'),
(54, '2017-07-16 12:00:00', 2, 'Check Out'),
(54, '2017-07-23 09:26:23', 2, 'Check In'),
(54, '2017-07-23 12:00:00', 2, 'Check Out'),
(54, '2017-07-30 10:48:51', 2, 'Check In'),
(54, '2017-07-30 12:00:00', 2, 'Check Out'),
(54, '2017-10-08 09:09:51', 2, 'Check In'),
(54, '2017-10-08 12:00:00', 2, 'Check Out'),
(54, '2017-10-22 09:51:38', 2, 'Check In'),
(54, '2017-10-22 12:00:00', 2, 'Check Out'),
(54, '2017-11-05 09:13:42', 2, 'Check In'),
(54, '2017-11-05 12:00:00', 2, 'Check Out'),
(54, '2017-11-19 09:10:31', 2, 'Check In'),
(54, '2017-11-19 12:00:00', 2, 'Check Out'),
(54, '2017-12-03 09:37:09', 2, 'Check In'),
(54, '2017-12-03 12:00:00', 2, 'Check Out'),
(61, '2016-08-14 15:25:16', 3, ''),
(61, '2016-08-14 18:01:40', 3, ''),
(61, '2016-08-28 14:58:33', 3, ''),
(61, '2016-08-29 17:40:13', 9, ''),
(61, '2016-09-11 08:59:34', 2, ''),
(61, '2016-09-11 12:59:18', 2, ''),
(61, '2016-09-25 08:57:16', 2, ''),
(61, '2016-09-25 12:04:19', 2, ''),
(61, '2016-09-26 17:45:59', 11, ''),
(61, '2016-10-23 08:54:23', 2, ''),
(61, '2016-10-23 12:15:24', 2, ''),
(61, '2016-11-06 09:32:15', 2, ''),
(61, '2016-11-20 08:47:16', 2, ''),
(61, '2016-11-20 12:00:04', 2, ''),
(61, '2016-12-04 18:15:42', 4, ''),
(61, '2016-12-04 21:56:06', 4, ''),
(61, '2016-12-18 18:32:34', 4, ''),
(61, '2017-01-08 08:58:52', 2, ''),
(61, '2017-01-22 09:32:49', 1, ''),
(61, '2017-01-22 09:33:23', 2, ''),
(61, '2017-01-22 12:03:37', 2, ''),
(61, '2017-01-23 18:20:49', 13, ''),
(61, '2017-02-27 19:26:58', 13, ''),
(61, '2017-03-05 09:21:22', 1, ''),
(61, '2017-03-05 09:21:44', 2, ''),
(61, '2017-03-05 13:02:51', 2, ''),
(61, '2017-11-13 20:08:53', 26, 'Check In'),
(61, '2017-11-13 20:09:13', 26, 'Check Out'),
(62, '0000-00-00 00:00:00', 2, 'Check In'),
(62, '2016-08-14 12:27:54', 3, ''),
(62, '2016-08-14 18:09:04', 3, ''),
(62, '2016-08-28 11:44:44', 3, ''),
(62, '2016-08-28 19:05:22', 3, ''),
(62, '2016-08-29 17:58:25', 9, ''),
(62, '2016-09-11 09:11:53', 2, ''),
(62, '2016-09-11 12:57:46', 2, ''),
(62, '2016-10-09 09:13:32', 2, ''),
(62, '2016-10-09 12:04:06', 2, ''),
(62, '2016-10-23 08:58:14', 2, ''),
(62, '2016-10-23 12:16:19', 2, ''),
(62, '2016-11-06 09:17:15', 2, ''),
(62, '2016-11-06 12:01:28', 2, ''),
(62, '2016-11-20 08:58:23', 2, ''),
(62, '2016-11-20 12:01:41', 2, ''),
(62, '2016-12-04 16:34:31', 4, ''),
(62, '2016-12-04 21:56:41', 4, ''),
(62, '2016-12-18 17:37:49', 4, ''),
(62, '2017-01-08 08:59:03', 2, ''),
(62, '2017-01-08 12:09:11', 2, ''),
(62, '2017-01-22 08:50:04', 2, ''),
(62, '2017-01-22 12:06:25', 2, ''),
(62, '2017-01-23 19:09:04', 13, ''),
(62, '2017-02-05 08:55:21', 2, ''),
(62, '2017-02-05 12:51:55', 2, ''),
(62, '2017-02-19 07:05:56', 2, ''),
(62, '2017-02-19 13:18:45', 2, ''),
(62, '2017-02-27 17:41:43', 13, ''),
(62, '2017-03-05 08:57:15', 2, ''),
(62, '2017-03-05 12:55:56', 2, ''),
(62, '2017-06-04 09:04:39', 2, ''),
(62, '2017-06-12 21:00:00', 21, 'Check Out'),
(62, '2017-06-12 21:41:42', 21, 'Check In'),
(62, '2017-07-09 08:46:38', 2, 'Check In'),
(62, '2017-07-09 12:00:00', 2, 'Check Out'),
(62, '2017-07-17 18:35:14', 24, 'Check In'),
(62, '2017-07-17 21:00:00', 24, 'Check Out'),
(62, '2017-08-06 09:08:36', 2, 'Check In'),
(62, '2017-08-06 12:00:00', 2, 'Check Out'),
(62, '2017-10-01 09:25:33', 2, 'Check In'),
(62, '2017-10-01 12:00:00', 2, 'Check Out'),
(62, '2017-10-08 09:11:48', 2, 'Check Out'),
(62, '2017-10-08 09:11:55', 2, 'Check In'),
(62, '2017-10-08 12:00:00', 2, 'Check Out'),
(62, '2017-10-15 09:03:38', 2, 'Check Out'),
(62, '2017-10-15 09:03:48', 2, 'Check In'),
(62, '2017-10-15 12:00:00', 2, 'Check Out'),
(62, '2017-10-29 09:13:20', 2, 'Check In'),
(62, '2017-10-29 12:00:00', 2, 'Check Out'),
(62, '2017-10-30 18:41:16', 25, 'Check In'),
(62, '2017-10-30 21:30:00', 25, 'Check Out'),
(62, '2017-11-05 09:02:26', 2, 'Check In'),
(62, '2017-11-05 12:00:00', 2, 'Check Out'),
(62, '2017-11-13 18:56:53', 26, 'Check In'),
(62, '2017-11-13 21:30:00', 26, 'Check Out'),
(62, '2017-11-19 09:22:27', 2, 'Check In'),
(62, '2017-11-19 12:00:00', 2, 'Check Out'),
(62, '2017-12-03 08:32:00', 2, 'Check In'),
(62, '2017-12-03 12:00:00', 2, 'Check Out'),
(62, '2017-12-10 08:27:55', 2, 'Check In'),
(62, '2017-12-10 12:00:00', 2, 'Check Out'),
(64, '2016-08-14 15:08:18', 3, ''),
(64, '2016-08-14 18:02:57', 3, ''),
(64, '2016-08-28 14:53:59', 3, ''),
(64, '2016-09-11 09:40:20', 2, ''),
(64, '2016-09-11 12:55:46', 2, ''),
(64, '2016-10-23 09:15:50', 2, ''),
(64, '2016-10-23 11:02:06', 2, ''),
(64, '2016-10-24 19:38:57', 15, ''),
(64, '2016-10-25 17:34:10', 16, ''),
(64, '2016-11-06 10:14:30', 2, ''),
(64, '2016-12-04 18:11:37', 4, ''),
(64, '2016-12-04 21:55:59', 4, ''),
(64, '2017-02-05 09:36:16', 1, ''),
(64, '2017-02-05 13:14:07', 2, ''),
(64, '2017-02-19 09:15:03', 2, ''),
(64, '2017-02-27 17:45:19', 13, ''),
(64, '2017-03-05 09:22:53', 2, ''),
(64, '2017-03-05 13:04:58', 2, ''),
(64, '2017-07-02 09:25:16', 2, 'Check In'),
(64, '2017-07-02 12:00:00', 2, 'Check Out'),
(64, '2017-07-09 09:03:06', 2, 'Check In'),
(64, '2017-07-09 12:00:00', 2, 'Check Out'),
(64, '2017-07-16 08:39:12', 2, 'Check In'),
(64, '2017-07-16 12:00:00', 2, 'Check Out'),
(64, '2017-08-06 09:25:50', 2, 'Check In'),
(64, '2017-08-06 12:00:00', 2, 'Check Out'),
(64, '2017-08-06 12:24:44', 2, 'Check Out'),
(64, '2017-10-15 09:31:18', 2, 'Check In'),
(64, '2017-10-15 12:00:00', 2, 'Check Out'),
(64, '2017-10-29 09:22:49', 2, 'Check In'),
(64, '2017-10-29 12:00:00', 2, 'Check Out'),
(64, '2017-10-30 20:36:14', 25, 'Check In'),
(64, '2017-10-30 21:30:00', 25, 'Check Out'),
(64, '2017-12-10 09:26:14', 2, 'Check In'),
(64, '2017-12-10 12:00:00', 2, 'Check Out'),
(65, '2016-08-14 15:07:05', 3, ''),
(65, '2016-08-14 17:53:05', 3, ''),
(65, '2016-08-28 15:07:28', 3, ''),
(65, '2016-08-29 17:14:41', 9, ''),
(65, '2016-09-06 17:44:37', 5, ''),
(65, '2016-09-25 09:14:59', 2, ''),
(65, '2016-09-25 12:02:27', 2, ''),
(65, '2016-09-26 18:15:54', 11, ''),
(65, '2016-10-09 09:19:46', 2, ''),
(65, '2016-10-09 12:02:33', 2, ''),
(65, '2016-10-23 09:04:07', 2, ''),
(65, '2016-10-23 12:16:05', 2, ''),
(65, '2016-10-25 17:29:19', 16, ''),
(65, '2016-11-06 09:25:57', 2, ''),
(65, '2016-11-06 11:58:53', 2, ''),
(65, '2016-11-20 09:30:43', 2, ''),
(65, '2016-11-20 11:58:38', 2, ''),
(65, '2016-12-04 17:41:51', 4, ''),
(65, '2016-12-04 22:02:49', 4, ''),
(65, '2016-12-18 17:55:07', 4, ''),
(65, '2017-01-22 09:15:24', 1, ''),
(65, '2017-01-23 17:45:54', 13, ''),
(65, '2017-02-05 09:01:40', 1, ''),
(65, '2017-02-19 09:13:55', 2, ''),
(65, '2017-02-19 12:49:55', 2, ''),
(65, '2017-02-25 16:22:32', 8, ''),
(65, '2017-02-25 21:41:20', 8, ''),
(65, '2017-02-27 18:14:10', 13, ''),
(65, '2017-03-05 09:25:31', 2, ''),
(65, '2017-03-05 13:02:00', 2, ''),
(65, '2017-06-04 08:34:51', 2, ''),
(65, '2017-06-11 09:04:24', 2, 'Check In'),
(65, '2017-06-11 12:00:00', 2, 'Check Out'),
(65, '2017-06-12 19:13:57', 21, 'Check In'),
(65, '2017-06-12 21:00:00', 21, 'Check Out'),
(65, '2017-06-25 09:04:39', 2, 'Check In'),
(65, '2017-06-25 12:00:00', 2, 'Check Out'),
(65, '2017-07-09 09:09:34', 2, 'Check In'),
(65, '2017-07-09 12:00:00', 2, 'Check Out'),
(65, '2017-07-16 09:10:55', 2, 'Check In'),
(65, '2017-07-16 12:00:00', 2, 'Check Out'),
(65, '2017-07-17 18:36:16', 24, 'Check In'),
(65, '2017-07-17 21:00:00', 24, 'Check Out'),
(65, '2017-07-23 08:57:44', 2, 'Check In'),
(65, '2017-07-23 12:00:00', 2, 'Check Out'),
(65, '2017-07-30 12:38:01', 12, 'Check In'),
(65, '2017-07-30 15:00:00', 12, 'Check Out'),
(65, '2017-08-06 09:13:46', 2, 'Check In'),
(65, '2017-08-06 12:00:00', 2, 'Check Out'),
(65, '2017-10-30 18:35:52', 25, 'Check In'),
(65, '2017-10-30 21:30:00', 25, 'Check Out'),
(65, '2017-11-05 09:09:32', 2, 'Check In'),
(65, '2017-11-05 12:00:00', 2, 'Check Out'),
(65, '2017-11-12 09:13:25', 2, 'Check In'),
(65, '2017-11-12 12:00:00', 2, 'Check Out'),
(65, '2017-11-13 17:45:19', 26, 'Check In'),
(65, '2017-11-13 21:30:00', 26, 'Check Out'),
(65, '2017-11-19 08:58:54', 2, 'Check In'),
(65, '2017-11-19 12:00:00', 2, 'Check Out'),
(65, '2017-11-20 17:41:58', 27, 'Check In'),
(65, '2017-11-20 21:30:00', 27, 'Check Out'),
(65, '2017-11-25 14:42:31', 17, 'Check In'),
(65, '2017-11-25 18:01:00', 17, 'Check Out'),
(65, '2017-12-03 08:28:00', 2, 'Check In'),
(65, '2017-12-03 12:00:00', 2, 'Check Out'),
(65, '2017-12-09 14:28:26', 17, 'Check In'),
(65, '2017-12-09 18:01:00', 17, 'Check Out'),
(65, '2017-12-10 09:10:13', 2, 'Check In'),
(65, '2017-12-10 12:00:00', 2, 'Check Out'),
(67, '2016-08-14 15:39:03', 3, ''),
(67, '2016-08-14 18:03:35', 3, ''),
(67, '2016-08-28 15:43:36', 3, ''),
(67, '2016-09-11 11:42:10', 2, ''),
(67, '2016-09-25 09:38:58', 2, ''),
(67, '2016-09-25 12:30:53', 2, ''),
(67, '2016-10-16 09:32:29', 2, ''),
(67, '2016-10-16 11:57:35', 2, ''),
(67, '2016-11-06 09:34:49', 2, ''),
(67, '2016-11-06 12:02:48', 2, ''),
(67, '2016-11-20 09:19:07', 2, ''),
(67, '2016-11-20 11:59:08', 2, ''),
(67, '2016-12-18 18:28:51', 4, ''),
(67, '2017-01-08 12:08:46', 2, ''),
(67, '2017-01-22 09:33:38', 2, ''),
(67, '2017-01-22 12:00:41', 2, ''),
(67, '2017-01-23 17:48:43', 13, ''),
(67, '2017-02-05 09:30:40', 1, ''),
(67, '2017-02-19 09:18:19', 2, ''),
(67, '2017-02-19 12:49:08', 2, ''),
(67, '2017-02-27 17:42:11', 13, ''),
(67, '2017-03-05 09:22:16', 2, ''),
(67, '2017-03-05 12:19:22', 2, ''),
(67, '2017-06-11 09:24:01', 2, 'Check In'),
(67, '2017-06-11 12:00:00', 2, 'Check Out'),
(67, '2017-08-06 09:33:59', 2, 'Check In'),
(67, '2017-08-06 12:00:00', 2, 'Check Out'),
(68, '2016-08-14 14:34:34', 3, ''),
(68, '2016-08-14 18:01:26', 3, ''),
(68, '2016-08-28 14:34:50', 3, ''),
(68, '2016-08-28 18:05:14', 4, ''),
(68, '2016-08-29 17:41:53', 9, ''),
(68, '2016-09-11 08:23:21', 2, ''),
(68, '2016-09-11 13:00:19', 2, ''),
(68, '2016-09-25 07:56:23', 2, ''),
(68, '2016-09-25 12:02:18', 2, ''),
(68, '2016-10-09 08:51:23', 1, ''),
(68, '2016-10-09 08:51:39', 2, ''),
(68, '2016-10-09 12:00:27', 2, ''),
(68, '2016-10-23 08:52:04', 2, ''),
(68, '2016-10-23 12:11:31', 2, ''),
(68, '2016-11-06 08:33:46', 2, ''),
(68, '2016-11-06 12:05:23', 2, ''),
(68, '2016-11-20 09:12:34', 2, ''),
(68, '2016-11-20 11:57:02', 2, ''),
(68, '2016-12-03 17:37:20', 8, ''),
(68, '2016-12-04 17:40:48', 4, ''),
(68, '2016-12-04 21:55:39', 4, ''),
(68, '2016-12-18 17:59:13', 4, ''),
(68, '2017-01-08 09:09:24', 2, ''),
(68, '2017-01-08 12:03:52', 2, ''),
(68, '2017-01-22 08:49:05', 2, ''),
(68, '2017-01-22 11:59:12', 2, ''),
(68, '2017-01-29 08:47:10', 2, ''),
(68, '2017-01-29 11:51:37', 2, ''),
(68, '2017-02-05 08:53:53', 2, ''),
(68, '2017-02-05 12:12:33', 1, ''),
(68, '2017-02-19 09:17:39', 2, ''),
(68, '2017-02-19 11:48:41', 2, ''),
(68, '2017-02-27 17:41:58', 13, ''),
(68, '2017-03-05 08:57:26', 2, ''),
(68, '2017-03-05 12:16:14', 2, ''),
(68, '2017-06-04 08:59:56', 2, ''),
(68, '2017-06-11 08:52:57', 2, 'Check In'),
(68, '2017-06-11 08:53:23', 2, 'Check Out'),
(68, '2017-06-11 08:53:29', 2, 'Check In'),
(68, '2017-06-11 08:53:35', 2, 'Check Out'),
(68, '2017-06-12 19:12:27', 21, 'Check In'),
(68, '2017-06-12 19:12:34', 21, 'Check Out'),
(68, '2017-06-25 09:02:59', 2, 'Check In'),
(68, '2017-06-25 09:03:09', 2, 'Check Out'),
(68, '2017-07-02 09:02:50', 2, 'Check In'),
(68, '2017-07-02 09:02:56', 2, 'Check Out'),
(68, '2017-07-09 08:42:02', 2, 'Check In'),
(68, '2017-07-09 08:42:08', 2, 'Check Out'),
(68, '2017-07-16 08:41:46', 2, 'Check In'),
(68, '2017-07-16 12:00:00', 2, 'Check Out'),
(68, '2017-07-17 18:39:19', 24, 'Check In'),
(68, '2017-07-17 18:39:25', 24, 'Check Out'),
(68, '2017-07-17 18:39:31', 24, 'Check In'),
(68, '2017-07-17 18:39:33', 24, 'Check Out'),
(68, '2017-07-23 09:02:00', 2, 'Check In'),
(68, '2017-07-23 09:02:09', 2, 'Check Out'),
(68, '2017-10-15 09:06:11', 2, 'Check In'),
(68, '2017-10-15 09:06:22', 2, 'Check Out'),
(68, '2017-10-22 08:59:24', 2, 'Check In'),
(68, '2017-10-22 08:59:31', 2, 'Check Out'),
(68, '2017-10-29 09:05:25', 2, 'Check In'),
(68, '2017-10-29 09:05:28', 2, 'Check Out'),
(68, '2017-10-30 18:47:30', 25, 'Check In'),
(68, '2017-10-30 18:47:37', 25, 'Check Out'),
(68, '2017-10-30 18:47:45', 25, 'Check In'),
(68, '2017-10-30 18:49:50', 25, 'Check Out'),
(68, '2017-10-30 21:30:00', 25, 'Check Out'),
(68, '2017-11-12 09:20:10', 1, 'Check In'),
(68, '2017-11-12 09:20:12', 1, 'Check Out'),
(68, '2017-11-12 09:20:16', 2, 'Check In'),
(68, '2017-11-12 09:20:21', 2, 'Check Out'),
(68, '2017-11-13 19:10:40', 26, 'Check In'),
(68, '2017-11-13 19:10:42', 26, 'Check Out'),
(68, '2017-11-13 19:10:54', 26, 'Check In'),
(68, '2017-11-13 19:10:57', 26, 'Check Out'),
(68, '2017-11-20 18:52:22', 27, 'Check In'),
(68, '2017-11-20 18:52:25', 27, 'Check Out'),
(68, '2017-11-26 09:11:47', 2, 'Check In'),
(68, '2017-11-26 09:11:53', 2, 'Check Out'),
(68, '2017-12-03 08:31:13', 2, 'Check In'),
(68, '2017-12-03 08:31:18', 2, 'Check Out'),
(69, '2016-08-14 14:54:55', 3, ''),
(69, '2016-08-14 18:03:21', 3, ''),
(69, '2016-08-28 14:58:26', 3, ''),
(69, '2016-08-29 17:18:35', 9, ''),
(69, '2016-09-25 09:39:25', 2, ''),
(69, '2016-09-25 12:01:38', 2, ''),
(69, '2016-10-09 09:05:01', 2, ''),
(69, '2016-10-09 12:00:57', 2, ''),
(69, '2016-11-06 09:31:47', 2, ''),
(69, '2016-11-06 11:55:17', 2, ''),
(69, '2016-11-20 09:01:35', 2, ''),
(69, '2016-11-20 11:57:33', 2, ''),
(69, '2016-12-18 18:15:42', 4, ''),
(69, '2016-12-18 21:01:50', 4, ''),
(69, '2017-01-08 09:02:01', 1, ''),
(69, '2017-01-08 09:02:12', 2, ''),
(69, '2017-01-08 12:04:22', 2, ''),
(69, '2017-01-23 18:47:12', 13, ''),
(69, '2017-02-05 09:28:54', 1, ''),
(69, '2017-02-19 09:14:01', 2, ''),
(69, '2017-02-19 12:00:54', 2, ''),
(69, '2017-02-27 17:45:35', 13, ''),
(69, '2017-06-11 09:20:07', 2, 'Check In'),
(69, '2017-06-11 12:18:36', 2, 'Check Out'),
(69, '2017-10-30 20:37:29', 25, 'Check In'),
(69, '2017-10-30 21:30:00', 25, 'Check Out'),
(69, '2017-11-12 09:26:11', 2, 'Check In'),
(69, '2017-11-12 12:00:00', 2, 'Check Out'),
(69, '2017-11-13 19:51:24', 26, 'Check In'),
(69, '2017-11-13 21:30:00', 26, 'Check Out'),
(70, '2016-08-28 14:58:20', 3, ''),
(70, '2016-08-29 17:18:39', 9, ''),
(70, '2016-09-25 09:39:11', 2, ''),
(70, '2016-09-25 12:02:05', 2, ''),
(70, '2016-10-09 09:04:54', 2, ''),
(70, '2016-10-09 12:00:48', 2, ''),
(70, '2016-11-06 09:32:08', 2, ''),
(70, '2016-11-06 11:55:29', 2, ''),
(70, '2016-12-18 18:15:54', 4, ''),
(70, '2017-01-08 09:02:20', 2, ''),
(70, '2017-01-08 12:05:07', 2, ''),
(70, '2017-02-05 09:28:38', 1, ''),
(70, '2017-02-27 17:45:43', 13, ''),
(70, '2017-06-11 09:21:38', 2, 'Check In'),
(70, '2017-06-11 09:21:43', 2, 'Check Out'),
(70, '2017-10-30 20:37:14', 25, 'Check In'),
(70, '2017-10-30 20:37:27', 25, 'Check Out'),
(71, '2016-08-28 15:02:19', 3, ''),
(71, '2016-08-28 18:01:25', 4, ''),
(71, '2016-09-11 09:21:35', 2, ''),
(71, '2016-09-11 12:26:00', 2, ''),
(71, '2016-09-25 09:38:00', 2, ''),
(71, '2016-09-25 12:05:07', 2, ''),
(71, '2016-10-09 09:22:24', 2, ''),
(71, '2016-10-09 12:06:57', 2, ''),
(71, '2016-10-23 09:48:02', 2, ''),
(71, '2016-10-23 12:10:47', 2, ''),
(71, '2016-12-04 18:19:40', 4, ''),
(71, '2016-12-04 19:59:59', 4, ''),
(71, '2016-12-18 18:30:45', 4, ''),
(71, '2016-12-18 19:53:32', 2, ''),
(71, '2017-01-08 09:20:51', 2, ''),
(71, '2017-01-08 11:32:51', 2, ''),
(71, '2017-01-22 09:31:55', 1, ''),
(71, '2017-01-22 12:06:38', 2, ''),
(71, '2017-02-05 09:30:53', 1, ''),
(71, '2017-02-19 09:24:04', 2, ''),
(71, '2017-02-19 11:48:18', 1, ''),
(71, '2017-02-19 11:48:56', 2, ''),
(71, '2017-02-27 17:54:16', 13, ''),
(71, '2017-06-04 09:08:33', 2, ''),
(71, '2017-06-04 09:09:45', 1, ''),
(71, '2017-06-25 09:09:56', 2, 'Check In'),
(71, '2017-06-25 12:00:00', 2, 'Check Out'),
(71, '2017-07-09 09:42:59', 2, 'Check In'),
(71, '2017-07-09 12:00:00', 2, 'Check Out'),
(71, '2017-07-23 09:43:41', 2, 'Check In'),
(71, '2017-07-23 12:00:00', 2, 'Check Out'),
(71, '2017-08-06 09:28:31', 2, 'Check In'),
(71, '2017-08-06 12:00:00', 2, 'Check Out'),
(71, '2017-10-15 09:33:52', 2, 'Check In'),
(71, '2017-10-15 12:00:00', 2, 'Check Out'),
(71, '2017-11-26 09:51:31', 2, 'Check In'),
(71, '2017-11-26 12:00:00', 2, 'Check Out'),
(71, '2017-12-10 09:34:58', 2, 'Check In'),
(71, '2017-12-10 12:00:00', 2, 'Check Out'),
(72, '2016-08-28 15:04:03', 3, ''),
(72, '2016-08-28 18:01:20', 4, ''),
(72, '2016-08-29 18:00:31', 9, ''),
(72, '2016-09-11 09:21:43', 2, ''),
(72, '2016-09-11 12:26:28', 2, ''),
(72, '2016-09-25 09:37:51', 2, ''),
(72, '2016-09-25 12:08:45', 2, ''),
(72, '2016-10-09 09:22:29', 2, ''),
(72, '2016-10-09 12:07:07', 2, ''),
(72, '2016-10-23 09:48:06', 2, ''),
(72, '2016-10-23 12:09:59', 2, ''),
(72, '2016-12-04 18:20:05', 4, ''),
(72, '2016-12-04 20:00:26', 4, ''),
(72, '2016-12-18 18:30:56', 4, ''),
(72, '2016-12-18 19:53:41', 2, ''),
(72, '2017-01-08 09:20:35', 2, ''),
(72, '2017-01-08 11:32:33', 2, ''),
(72, '2017-01-22 09:31:49', 1, ''),
(72, '2017-01-22 12:09:42', 2, ''),
(72, '2017-02-05 09:31:02', 1, ''),
(72, '2017-02-19 09:24:27', 2, ''),
(72, '2017-02-19 11:49:06', 2, ''),
(72, '2017-02-27 17:54:20', 13, ''),
(72, '2017-06-04 09:07:51', 2, ''),
(72, '2017-06-04 09:08:25', 2, ''),
(72, '2017-06-25 09:08:08', 2, 'Check In'),
(72, '2017-06-25 12:00:00', 2, 'Check Out'),
(72, '2017-07-09 09:46:14', 2, 'Check In'),
(72, '2017-07-09 12:00:00', 2, 'Check Out'),
(72, '2017-07-23 09:42:34', 2, 'Check In'),
(72, '2017-07-23 12:00:00', 2, 'Check Out'),
(72, '2017-08-06 09:27:29', 2, 'Check In'),
(72, '2017-08-06 12:00:00', 2, 'Check Out'),
(72, '2017-10-15 09:32:48', 2, 'Check In'),
(72, '2017-10-15 12:00:00', 2, 'Check Out'),
(72, '2017-11-26 09:49:52', 2, 'Check In'),
(72, '2017-11-26 12:00:00', 2, 'Check Out'),
(72, '2017-12-10 09:33:26', 2, 'Check In'),
(72, '2017-12-10 12:00:00', 2, 'Check Out'),
(73, '2016-08-14 15:13:57', 3, ''),
(73, '2016-08-14 18:02:44', 3, ''),
(73, '2016-08-29 17:27:23', 9, ''),
(73, '2016-09-26 17:22:44', 11, ''),
(73, '2016-10-09 09:17:26', 1, ''),
(73, '2016-10-09 12:02:26', 2, ''),
(73, '2016-12-04 17:53:55', 4, ''),
(73, '2016-12-04 21:56:25', 4, ''),
(73, '2016-12-11 09:39:32', 2, ''),
(73, '2016-12-11 17:01:55', 3, ''),
(73, '2017-01-08 09:34:38', 2, ''),
(73, '2017-01-23 18:08:13', 13, ''),
(73, '2017-02-05 09:13:59', 1, ''),
(73, '2017-02-05 13:13:57', 2, ''),
(73, '2017-02-19 09:16:25', 2, ''),
(73, '2017-02-19 12:56:26', 2, ''),
(73, '2017-02-25 17:52:11', 8, ''),
(73, '2017-02-25 21:41:17', 8, ''),
(73, '2017-03-05 09:02:13', 1, ''),
(73, '2017-03-05 13:02:29', 2, ''),
(74, '2016-08-14 15:06:09', 3, ''),
(74, '2016-08-14 18:01:08', 3, ''),
(74, '2016-08-28 15:14:42', 3, ''),
(74, '2016-08-28 18:05:22', 4, ''),
(74, '2016-08-28 18:05:25', 4, ''),
(74, '2016-08-29 18:09:10', 9, ''),
(74, '2016-09-25 08:51:12', 2, ''),
(74, '2016-09-25 12:03:33', 2, ''),
(74, '2016-10-23 08:42:44', 2, ''),
(74, '2016-11-06 08:33:58', 2, ''),
(74, '2016-11-06 11:57:57', 2, ''),
(74, '2016-11-20 09:10:32', 2, ''),
(74, '2016-11-20 11:59:15', 2, ''),
(74, '2016-12-04 17:42:21', 4, ''),
(74, '2016-12-04 21:56:53', 4, ''),
(74, '2016-12-18 18:08:30', 4, ''),
(74, '2017-01-08 09:13:29', 2, ''),
(74, '2017-01-08 12:03:31', 2, ''),
(74, '2017-01-22 09:10:50', 1, ''),
(74, '2017-01-22 11:59:01', 2, ''),
(74, '2017-01-23 17:46:18', 13, ''),
(74, '2017-02-19 09:14:18', 2, ''),
(74, '2017-02-27 17:48:46', 13, ''),
(74, '2017-02-27 21:35:20', 13, ''),
(74, '2017-03-05 09:11:29', 1, ''),
(74, '2017-03-05 12:18:27', 2, ''),
(74, '2017-06-04 08:54:46', 2, ''),
(74, '2017-06-11 09:03:10', 2, 'Check In'),
(74, '2017-06-11 12:00:00', 2, 'Check Out'),
(74, '2017-06-12 19:12:13', 21, 'Check In'),
(74, '2017-06-12 21:00:00', 21, 'Check Out'),
(74, '2017-06-25 09:05:39', 2, 'Check In'),
(74, '2017-06-25 09:05:47', 2, 'Check Out'),
(74, '2017-07-02 09:01:14', 2, 'Check In'),
(74, '2017-07-02 12:00:00', 2, 'Check Out'),
(74, '2017-07-09 09:03:42', 2, 'Check In'),
(74, '2017-07-09 12:00:00', 2, 'Check Out'),
(74, '2017-07-16 09:09:54', 2, 'Check In'),
(74, '2017-07-16 12:00:00', 2, 'Check Out'),
(74, '2017-07-17 18:15:39', 24, 'Check In'),
(74, '2017-07-17 21:00:00', 24, 'Check Out'),
(74, '2017-08-06 09:22:10', 2, 'Check In'),
(74, '2017-08-06 12:00:00', 2, 'Check Out'),
(74, '2017-08-11 18:24:29', 10, 'Check In'),
(74, '2017-08-11 21:00:00', 10, 'Check Out'),
(74, '2017-10-01 09:28:58', 2, 'Check In'),
(74, '2017-10-01 12:00:00', 2, 'Check Out'),
(74, '2017-10-15 09:03:01', 2, 'Check In'),
(74, '2017-10-15 09:05:11', 2, 'Check Out'),
(74, '2017-10-29 09:17:48', 2, 'Check In'),
(74, '2017-10-29 12:00:00', 2, 'Check Out'),
(74, '2017-10-30 18:37:28', 25, 'Check In'),
(74, '2017-10-30 18:39:02', 25, 'Check Out'),
(74, '2017-11-12 09:30:52', 2, 'Check In'),
(74, '2017-11-12 12:00:00', 2, 'Check Out'),
(74, '2017-11-13 18:25:28', 26, 'Check In'),
(74, '2017-11-13 21:30:00', 26, 'Check Out'),
(74, '2017-11-20 18:34:02', 27, 'Check In'),
(74, '2017-11-20 21:30:00', 27, 'Check Out'),
(74, '2017-11-26 08:22:47', 2, 'Check In'),
(74, '2017-11-26 12:00:00', 2, 'Check Out'),
(74, '2017-12-03 08:44:48', 2, 'Check In'),
(74, '2017-12-03 12:00:00', 2, 'Check Out'),
(75, '2016-08-14 15:21:46', 3, ''),
(75, '2016-08-14 18:02:26', 3, ''),
(75, '2016-08-28 15:30:03', 3, ''),
(75, '2016-08-28 18:01:35', 4, ''),
(75, '2016-08-29 18:14:22', 9, ''),
(75, '2016-09-11 09:36:51', 2, ''),
(75, '2016-09-11 12:51:27', 2, ''),
(75, '2016-10-09 09:17:55', 2, ''),
(75, '2016-10-09 12:06:30', 2, ''),
(75, '2016-10-23 09:26:12', 2, ''),
(75, '2016-10-23 12:09:50', 2, ''),
(75, '2016-11-06 09:20:58', 2, ''),
(75, '2016-11-06 11:58:12', 2, ''),
(75, '2016-11-20 09:22:47', 2, ''),
(75, '2016-11-20 11:59:21', 2, ''),
(75, '2016-12-04 17:53:35', 4, ''),
(75, '2016-12-04 21:55:21', 4, ''),
(75, '2016-12-18 18:29:52', 4, ''),
(75, '2016-12-18 19:53:47', 2, ''),
(75, '2017-01-08 09:36:31', 2, ''),
(75, '2017-01-08 11:32:57', 2, ''),
(75, '2017-01-22 09:10:45', 1, ''),
(75, '2017-01-22 12:09:51', 2, ''),
(75, '2017-01-23 19:05:36', 13, ''),
(75, '2017-02-05 09:42:54', 1, ''),
(75, '2017-02-05 13:17:20', 2, ''),
(75, '2017-02-19 09:14:24', 2, ''),
(75, '2017-03-05 09:39:34', 2, ''),
(75, '2017-03-05 13:02:43', 2, ''),
(75, '2017-06-04 09:21:29', 2, ''),
(75, '2017-06-11 09:38:15', 2, 'Check In'),
(75, '2017-06-11 09:38:21', 2, 'Check Out'),
(75, '2017-06-18 11:50:35', 2, 'Check In'),
(75, '2017-06-18 11:50:42', 2, 'Check Out'),
(75, '2017-06-25 09:59:53', 2, 'Check In'),
(75, '2017-06-25 12:00:00', 2, 'Check Out'),
(75, '2017-06-25 12:45:17', 2, 'Check Out'),
(75, '2017-07-02 09:15:49', 2, 'Check In'),
(75, '2017-07-02 12:06:17', 2, 'Check Out'),
(75, '2017-07-09 09:33:31', 2, 'Check In'),
(75, '2017-07-09 12:00:00', 2, 'Check Out'),
(75, '2017-07-23 09:02:38', 2, 'Check In'),
(75, '2017-07-23 12:00:00', 2, 'Check Out'),
(75, '2017-08-06 09:29:52', 2, 'Check In'),
(75, '2017-08-06 12:00:00', 2, 'Check Out'),
(75, '2017-10-15 10:50:46', 2, 'Check In'),
(75, '2017-10-15 12:00:00', 2, 'Check Out'),
(75, '2017-10-30 18:57:38', 25, 'Check In'),
(75, '2017-10-30 21:30:00', 25, 'Check Out'),
(75, '2017-11-12 09:19:53', 2, 'Check In'),
(75, '2017-11-12 09:19:57', 2, 'Check Out'),
(75, '2017-12-10 10:08:55', 2, 'Check In'),
(75, '2017-12-10 12:00:00', 2, 'Check Out'),
(81, '2016-08-21 17:57:40', 4, ''),
(81, '2016-08-21 21:00:11', 4, ''),
(81, '2016-09-04 14:53:35', 3, ''),
(81, '2016-09-04 18:29:00', 4, ''),
(81, '2016-09-11 09:12:10', 2, ''),
(81, '2016-09-18 14:36:31', 3, ''),
(81, '2016-09-18 18:05:11', 3, ''),
(81, '2016-10-02 14:58:27', 12, ''),
(81, '2016-10-02 18:03:19', 3, ''),
(81, '2016-11-13 14:46:05', 3, ''),
(81, '2016-11-13 18:05:25', 3, ''),
(81, '2016-11-27 09:01:04', 1, ''),
(81, '2017-01-15 15:06:14', 3, ''),
(81, '2017-01-29 14:52:31', 3, ''),
(81, '2017-01-29 18:03:18', 3, ''),
(81, '2017-02-12 14:54:14', 3, ''),
(81, '2017-02-26 14:50:03', 3, ''),
(81, '2017-02-26 18:24:12', 3, ''),
(81, '2017-02-27 17:48:37', 13, ''),
(81, '2017-03-05 08:28:38', 1, ''),
(81, '2017-06-04 14:57:09', 3, ''),
(81, '2017-06-12 19:09:28', 21, 'Check In'),
(81, '2017-06-12 21:00:00', 21, 'Check Out'),
(81, '2017-07-09 08:55:56', 2, 'Check In'),
(81, '2017-07-09 12:00:00', 2, 'Check Out'),
(81, '2017-07-17 18:52:28', 24, 'Check In'),
(81, '2017-07-17 21:00:00', 24, 'Check Out'),
(81, '2017-10-08 15:06:59', 3, 'Check In'),
(81, '2017-10-08 18:00:00', 3, 'Check Out'),
(81, '2017-10-30 18:38:27', 25, 'Check In'),
(81, '2017-10-30 21:30:00', 25, 'Check Out'),
(81, '2017-11-05 15:01:39', 3, 'Check In'),
(81, '2017-11-05 18:00:00', 3, 'Check Out'),
(81, '2017-11-13 18:48:40', 26, 'Check In'),
(81, '2017-11-13 18:48:47', 26, 'Check Out'),
(81, '2017-11-19 15:21:50', 3, 'Check In'),
(81, '2017-11-19 15:21:55', 3, 'Check Out'),
(81, '2017-11-20 18:52:00', 27, 'Check In'),
(81, '2017-11-20 18:52:13', 27, 'Check Out'),
(82, '0000-00-00 00:00:00', 3, 'Check In'),
(82, '2016-08-21 17:52:11', 4, ''),
(82, '2016-08-21 21:18:30', 4, ''),
(82, '2016-08-29 18:19:03', 9, ''),
(82, '2016-09-04 14:57:34', 3, ''),
(82, '2016-09-18 15:02:16', 3, ''),
(82, '2016-09-18 18:05:22', 3, ''),
(82, '2016-10-02 14:53:28', 12, ''),
(82, '2016-10-02 18:02:50', 3, ''),
(82, '2016-10-16 14:59:12', 3, ''),
(82, '2016-10-16 17:59:20', 3, ''),
(82, '2016-10-30 14:58:29', 3, ''),
(82, '2016-10-30 18:09:17', 3, ''),
(82, '2016-11-13 14:54:25', 3, ''),
(82, '2016-11-13 18:03:46', 3, ''),
(82, '2016-11-27 06:32:00', 1, ''),
(82, '2016-11-27 09:00:48', 1, ''),
(82, '2017-01-15 15:06:41', 3, ''),
(82, '2017-01-15 17:57:55', 3, ''),
(82, '2017-01-23 18:41:53', 13, ''),
(82, '2017-01-29 14:58:58', 3, ''),
(82, '2017-01-29 17:57:52', 3, ''),
(82, '2017-02-12 15:02:54', 3, ''),
(82, '2017-02-26 14:40:00', 3, ''),
(82, '2017-02-27 18:23:00', 13, ''),
(82, '2017-06-12 19:04:24', 21, 'Check In'),
(82, '2017-06-12 19:04:36', 21, 'Check Out'),
(82, '2017-06-18 14:53:10', 3, 'Check In'),
(82, '2017-06-18 18:00:00', 3, 'Check Out'),
(82, '2017-06-25 14:48:51', 3, 'Check In'),
(82, '2017-06-25 18:00:00', 3, 'Check Out'),
(82, '2017-07-02 14:41:34', 3, 'Check In'),
(82, '2017-07-02 18:00:00', 3, 'Check Out'),
(82, '2017-10-08 14:59:00', 3, 'Check In'),
(82, '2017-10-08 18:00:00', 3, 'Check Out'),
(82, '2017-10-30 19:29:58', 25, 'Check In'),
(82, '2017-10-30 21:30:00', 25, 'Check Out'),
(82, '2017-11-05 15:04:20', 3, 'Check In'),
(82, '2017-11-05 18:00:00', 3, 'Check Out'),
(82, '2017-11-13 19:06:24', 26, 'Check In'),
(82, '2017-11-13 21:30:00', 26, 'Check Out'),
(82, '2017-11-19 18:00:00', 3, 'Check Out'),
(82, '2017-12-03 14:44:27', 3, 'Check In'),
(82, '2017-12-03 18:00:00', 3, 'Check Out'),
(83, '2016-08-21 17:51:43', 4, ''),
(83, '2016-08-21 21:03:57', 4, ''),
(83, '2016-08-27 16:21:01', 7, ''),
(83, '2016-09-18 15:07:04', 3, ''),
(83, '2016-09-18 18:06:21', 3, ''),
(83, '2016-09-24 18:15:17', 8, ''),
(83, '2016-09-24 21:06:54', 8, ''),
(83, '2016-10-02 15:07:38', 3, ''),
(83, '2016-10-02 18:09:34', 3, ''),
(83, '2016-10-08 18:21:21', 8, ''),
(83, '2016-10-08 21:12:25', 8, ''),
(83, '2016-10-09 15:12:03', 3, ''),
(83, '2016-10-09 18:12:14', 3, ''),
(83, '2016-10-22 17:28:53', 14, ''),
(83, '2016-10-30 14:49:42', 3, ''),
(83, '2016-10-30 18:12:55', 3, ''),
(83, '2016-11-13 15:05:22', 3, ''),
(83, '2016-11-13 18:10:30', 3, ''),
(83, '2016-11-19 18:24:37', 8, ''),
(83, '2016-11-19 20:05:43', 8, ''),
(83, '2016-11-27 06:30:20', 1, ''),
(83, '2016-11-27 09:05:53', 1, ''),
(83, '2016-12-11 06:21:12', 1, ''),
(83, '2016-12-17 18:33:31', 8, ''),
(83, '2016-12-17 21:16:46', 8, ''),
(83, '2017-01-01 15:35:59', 3, ''),
(83, '2017-01-01 18:16:12', 3, ''),
(83, '2017-01-07 18:47:30', 8, ''),
(83, '2017-01-07 20:57:03', 8, ''),
(83, '2017-01-15 15:33:23', 3, ''),
(83, '2017-01-15 18:04:30', 3, ''),
(83, '2017-01-21 18:30:42', 8, ''),
(83, '2017-02-04 18:43:59', 8, ''),
(83, '2017-02-12 15:19:22', 3, ''),
(83, '2017-02-12 19:10:44', 3, ''),
(83, '2017-02-26 15:17:47', 3, ''),
(83, '2017-02-26 18:16:20', 3, ''),
(83, '2017-03-04 18:44:52', 8, ''),
(83, '2017-06-12 19:40:18', 21, 'Check In'),
(83, '2017-06-12 21:00:00', 21, 'Check Out'),
(83, '2017-06-18 15:19:04', 3, 'Check In'),
(83, '2017-06-18 18:03:39', 3, 'Check Out'),
(83, '2017-07-02 15:03:32', 3, 'Check In'),
(83, '2017-07-02 18:00:00', 3, 'Check Out'),
(83, '2017-10-30 18:37:08', 25, 'Check In'),
(83, '2017-10-30 21:30:00', 25, 'Check Out'),
(83, '2017-11-05 15:25:12', 3, 'Check In'),
(83, '2017-11-05 18:00:00', 3, 'Check Out'),
(83, '2017-11-13 19:48:19', 26, 'Check In'),
(83, '2017-11-13 21:30:00', 26, 'Check Out'),
(83, '2017-11-20 19:26:15', 27, 'Check In'),
(83, '2017-11-20 21:30:00', 27, 'Check Out'),
(84, '2016-10-02 09:19:35', 2, ''),
(84, '2016-10-02 12:11:42', 2, ''),
(84, '2016-10-16 15:25:02', 3, ''),
(84, '2016-10-16 18:01:58', 3, ''),
(84, '2016-10-30 15:02:06', 3, ''),
(84, '2016-10-30 18:15:34', 4, ''),
(84, '2016-10-30 18:15:59', 3, ''),
(84, '2016-11-13 15:32:32', 3, ''),
(84, '2016-11-13 18:06:16', 3, ''),
(84, '2016-11-27 06:20:15', 1, ''),
(84, '2016-11-27 09:03:23', 1, ''),
(84, '2016-12-11 06:30:17', 1, ''),
(84, '2017-02-12 15:36:02', 3, ''),
(84, '2017-02-12 18:09:10', 3, ''),
(84, '2017-06-04 15:23:45', 3, ''),
(84, '2017-07-02 14:58:29', 3, 'Check In'),
(84, '2017-07-02 17:51:46', 3, 'Check Out'),
(84, '2017-07-02 18:00:00', 3, 'Check Out'),
(84, '2017-12-03 15:19:06', 3, 'Check In'),
(84, '2017-12-03 17:58:28', 3, 'Check Out'),
(85, '2016-08-21 17:55:29', 4, ''),
(85, '2016-08-21 21:00:48', 4, ''),
(85, '2016-08-21 21:00:57', 4, ''),
(85, '2016-08-21 21:01:00', 4, ''),
(85, '2016-08-29 19:04:09', 9, ''),
(86, '2016-08-21 18:19:03', 4, ''),
(86, '2016-08-21 21:02:02', 4, ''),
(86, '2016-09-04 15:13:16', 3, ''),
(86, '2016-09-18 15:08:21', 3, ''),
(86, '2016-09-18 18:02:38', 3, ''),
(86, '2016-09-26 17:38:06', 11, ''),
(86, '2016-10-02 15:15:46', 3, ''),
(86, '2016-10-02 18:04:26', 3, ''),
(86, '2016-10-16 15:08:24', 3, ''),
(86, '2016-10-16 18:01:38', 3, ''),
(86, '2016-11-27 06:31:32', 1, ''),
(86, '2016-11-27 09:06:20', 1, ''),
(86, '2017-07-16 15:57:08', 3, 'Check In'),
(86, '2017-07-16 18:00:00', 3, 'Check Out'),
(86, '2017-10-22 15:29:02', 3, 'Check In'),
(86, '2017-10-22 18:00:00', 3, 'Check Out'),
(86, '2017-11-05 15:28:08', 3, 'Check In'),
(86, '2017-11-05 18:00:00', 3, 'Check Out'),
(86, '2017-11-20 19:22:17', 27, 'Check In'),
(86, '2017-11-20 21:30:00', 27, 'Check Out'),
(86, '2017-12-03 15:33:27', 3, 'Check In'),
(86, '2017-12-03 18:00:00', 3, 'Check Out'),
(88, '2016-10-16 18:06:19', 3, ''),
(88, '2016-11-13 18:06:26', 3, ''),
(88, '2016-11-27 06:38:52', 1, ''),
(88, '2016-11-27 09:04:24', 1, ''),
(88, '2017-01-15 18:09:11', 4, ''),
(88, '2017-02-26 18:20:43', 3, ''),
(88, '2017-06-04 15:18:46', 3, ''),
(88, '2017-06-18 15:19:50', 3, 'Check In'),
(88, '2017-06-18 18:02:18', 3, 'Check Out'),
(88, '2017-07-17 19:18:02', 24, 'Check In'),
(88, '2017-07-17 21:00:00', 24, 'Check Out'),
(89, '2016-08-21 18:07:28', 4, ''),
(89, '2016-08-21 21:02:45', 4, ''),
(89, '2016-08-27 17:08:31', 7, ''),
(89, '2016-08-29 19:25:29', 9, ''),
(89, '2016-09-03 18:00:40', 8, ''),
(89, '2016-09-03 21:34:32', 8, ''),
(89, '2016-09-04 15:07:38', 3, ''),
(89, '2016-09-04 19:05:51', 4, ''),
(89, '2016-09-24 18:01:41', 8, ''),
(89, '2016-09-24 21:05:56', 8, ''),
(89, '2016-09-26 18:15:14', 11, ''),
(89, '2016-10-02 15:01:52', 3, ''),
(89, '2016-10-02 18:04:48', 3, ''),
(89, '2016-10-08 17:58:54', 8, ''),
(89, '2016-10-08 21:09:21', 8, ''),
(89, '2016-10-16 15:01:14', 3, ''),
(89, '2016-10-16 18:08:05', 3, ''),
(89, '2016-10-22 17:35:35', 14, ''),
(89, '2016-10-29 18:17:24', 8, ''),
(89, '2016-10-29 21:15:05', 8, ''),
(89, '2016-10-30 15:06:50', 3, ''),
(89, '2016-10-30 18:11:28', 3, ''),
(89, '2016-11-05 18:33:24', 8, ''),
(89, '2016-11-05 21:24:34', 8, ''),
(89, '2016-12-03 18:16:25', 8, ''),
(89, '2016-12-03 22:11:43', 8, ''),
(89, '2016-12-10 18:23:56', 17, ''),
(89, '2016-12-10 18:26:25', 8, ''),
(89, '2016-12-10 21:48:16', 8, ''),
(89, '2016-12-17 18:33:08', 8, ''),
(89, '2016-12-17 21:15:39', 8, ''),
(89, '2016-12-31 15:43:40', 8, ''),
(89, '2017-01-01 15:06:35', 3, ''),
(89, '2017-01-01 18:10:12', 3, ''),
(89, '2017-01-15 14:57:29', 3, ''),
(89, '2017-01-15 17:58:33', 3, ''),
(89, '2017-01-21 18:28:42', 8, ''),
(89, '2017-01-21 21:14:08', 8, ''),
(89, '2017-01-23 19:03:38', 13, ''),
(89, '2017-02-04 18:29:50', 8, ''),
(89, '2017-02-04 21:04:03', 8, ''),
(89, '2017-02-12 15:11:46', 3, ''),
(89, '2017-02-12 19:10:30', 4, ''),
(89, '2017-02-12 19:10:52', 3, ''),
(89, '2017-02-18 18:23:52', 8, ''),
(89, '2017-02-18 21:53:02', 8, ''),
(89, '2017-02-25 16:57:56', 8, ''),
(89, '2017-02-25 21:42:52', 8, ''),
(89, '2017-02-26 15:11:59', 3, ''),
(89, '2017-02-26 18:31:45', 4, ''),
(89, '2017-02-27 19:26:45', 13, ''),
(89, '2017-03-04 18:28:29', 17, ''),
(89, '2017-03-04 18:28:49', 8, ''),
(89, '2017-03-04 21:30:44', 4, ''),
(89, '2017-03-04 21:31:26', 8, ''),
(89, '2017-06-10 18:41:21', 8, 'Check In'),
(89, '2017-06-10 18:41:39', 8, 'Check Out'),
(89, '2017-06-10 18:42:40', 8, 'Check In'),
(89, '2017-06-10 21:27:59', 8, 'Check Out'),
(89, '2017-06-12 19:19:04', 21, 'Check In'),
(89, '2017-06-12 21:00:00', 21, 'Check Out'),
(89, '2017-06-12 21:12:24', 21, 'Check In'),
(89, '2017-06-12 21:12:33', 21, 'Check Out'),
(89, '2017-06-17 16:59:24', 8, 'Check In'),
(89, '2017-06-17 21:00:00', 8, 'Check Out'),
(89, '2017-07-01 17:28:54', 8, 'Check In'),
(89, '2017-07-02 00:50:29', 8, 'Check Out'),
(89, '2017-07-08 17:32:03', 8, 'Check In'),
(89, '2017-07-08 21:00:00', 8, 'Check Out'),
(89, '2017-07-17 18:02:59', 24, 'Check In'),
(89, '2017-07-17 21:00:00', 24, 'Check Out'),
(89, '2017-07-22 17:27:04', 8, 'Check In'),
(89, '2017-07-22 21:00:00', 8, 'Check Out'),
(89, '2017-09-30 18:41:04', 8, 'Check In'),
(89, '2017-09-30 21:00:00', 8, 'Check Out'),
(89, '2017-10-14 17:16:22', 8, 'Check In'),
(89, '2017-10-14 21:00:00', 8, 'Check Out'),
(89, '2017-10-28 17:33:32', 8, 'Check In'),
(89, '2017-10-28 21:00:00', 8, 'Check Out'),
(89, '2017-10-30 19:16:51', 25, 'Check In'),
(89, '2017-10-30 21:30:00', 25, 'Check Out'),
(89, '2017-11-04 17:14:35', 8, 'Check In'),
(89, '2017-11-04 21:00:00', 8, 'Check Out'),
(90, '2016-08-21 18:03:44', 4, ''),
(90, '2016-08-21 21:04:07', 4, ''),
(90, '2016-09-18 14:51:13', 3, ''),
(90, '2016-09-18 18:13:33', 3, ''),
(90, '2016-09-26 17:56:52', 11, ''),
(90, '2016-10-02 15:10:56', 3, ''),
(90, '2016-10-02 18:08:15', 3, ''),
(90, '2016-10-09 09:10:53', 2, ''),
(90, '2016-10-09 12:00:33', 2, ''),
(90, '2016-10-16 15:13:20', 3, ''),
(90, '2016-10-16 18:01:03', 3, ''),
(90, '2016-10-30 18:13:48', 3, ''),
(90, '2016-11-13 18:05:06', 3, ''),
(90, '2016-11-27 06:02:11', 1, ''),
(90, '2016-11-27 09:01:09', 1, ''),
(90, '2016-12-11 06:48:03', 1, ''),
(90, '2017-01-23 18:44:20', 13, ''),
(90, '2017-01-29 15:11:02', 3, ''),
(90, '2017-01-29 18:02:25', 3, ''),
(90, '2017-02-25 16:32:35', 8, ''),
(90, '2017-02-25 21:41:42', 8, ''),
(90, '2017-02-26 15:04:39', 3, ''),
(90, '2017-02-26 18:32:27', 3, ''),
(90, '2017-06-04 15:06:42', 3, ''),
(90, '2017-06-04 18:31:49', 3, ''),
(90, '2017-06-11 15:11:01', 3, 'Check In'),
(90, '2017-06-11 15:11:15', 3, 'Check Out'),
(90, '2017-06-18 15:02:03', 3, 'Check In'),
(90, '2017-06-18 18:00:00', 3, 'Check Out'),
(90, '2017-07-02 15:11:00', 3, 'Check In'),
(90, '2017-07-02 18:00:00', 3, 'Check Out'),
(90, '2017-07-17 19:32:24', 24, 'Check In'),
(90, '2017-07-17 21:00:00', 24, 'Check Out'),
(90, '2017-07-30 15:16:32', 3, 'Check In'),
(90, '2017-07-30 18:00:00', 3, 'Check Out'),
(90, '2017-08-06 15:14:16', 3, 'Check In'),
(90, '2017-08-06 18:00:00', 3, 'Check Out'),
(90, '2017-10-08 15:22:16', 3, 'Check In'),
(90, '2017-10-08 18:00:00', 3, 'Check Out'),
(90, '2017-10-22 15:10:37', 4, 'Check In'),
(90, '2017-10-22 15:16:25', 4, 'Check Out'),
(90, '2017-10-30 20:38:33', 25, 'Check In'),
(90, '2017-10-30 20:39:24', 25, 'Check Out'),
(90, '2017-11-05 15:02:02', 3, 'Check In'),
(90, '2017-11-05 18:00:00', 3, 'Check Out'),
(90, '2017-11-13 19:08:24', 26, 'Check In'),
(90, '2017-11-13 21:30:00', 26, 'Check Out'),
(90, '2017-11-19 15:15:34', 3, 'Check In'),
(90, '2017-11-19 18:00:00', 3, 'Check Out'),
(90, '2017-12-03 14:56:22', 3, 'Check In'),
(90, '2017-12-03 18:00:00', 3, 'Check Out'),
(91, '2016-08-14 18:01:59', 4, ''),
(91, '2016-08-14 21:08:35', 4, ''),
(91, '2016-08-29 18:10:49', 9, ''),
(91, '2016-09-04 14:58:04', 3, ''),
(91, '2016-09-11 09:12:04', 2, ''),
(91, '2016-09-11 12:59:22', 2, ''),
(91, '2016-09-18 14:55:15', 3, ''),
(91, '2016-09-18 18:06:06', 3, ''),
(91, '2016-09-25 09:10:11', 2, ''),
(91, '2016-09-25 12:04:33', 2, ''),
(91, '2016-09-26 17:46:11', 11, ''),
(91, '2016-10-02 14:57:04', 12, ''),
(91, '2016-10-02 18:04:35', 3, ''),
(91, '2016-10-16 14:59:23', 3, ''),
(91, '2016-11-06 09:32:25', 2, ''),
(91, '2016-11-06 11:58:22', 2, ''),
(91, '2016-11-13 15:00:21', 3, ''),
(91, '2016-11-13 18:07:17', 3, ''),
(91, '2016-12-11 06:51:09', 1, ''),
(91, '2016-12-11 13:05:49', 3, ''),
(91, '2017-01-15 15:32:59', 3, ''),
(91, '2017-01-15 18:02:42', 3, ''),
(91, '2017-01-23 21:20:45', 13, ''),
(91, '2017-01-29 15:23:16', 3, ''),
(91, '2017-01-29 18:09:16', 3, ''),
(91, '2017-02-19 15:26:46', 3, ''),
(91, '2017-02-19 18:29:16', 4, ''),
(91, '2017-02-26 15:15:27', 3, ''),
(91, '2017-02-26 18:17:24', 3, ''),
(91, '2017-03-05 15:29:53', 3, ''),
(91, '2017-11-05 15:11:23', 3, 'Check In'),
(91, '2017-11-05 18:00:00', 3, 'Check Out'),
(92, '0000-00-00 00:00:00', 3, 'Check In'),
(92, '2016-08-21 18:07:37', 4, ''),
(92, '2016-08-21 21:18:05', 4, ''),
(92, '2016-08-29 19:37:21', 9, ''),
(92, '2016-09-04 17:39:16', 3, ''),
(92, '2016-09-26 17:29:10', 11, ''),
(92, '2016-10-02 15:23:04', 3, ''),
(92, '2016-10-02 18:05:48', 3, ''),
(92, '2016-10-16 15:25:17', 3, ''),
(92, '2016-10-16 17:59:30', 3, ''),
(92, '2016-10-30 15:30:17', 3, ''),
(92, '2016-11-13 15:41:49', 3, ''),
(92, '2016-11-13 18:07:37', 3, ''),
(92, '2016-11-27 06:30:47', 1, ''),
(92, '2016-11-27 08:59:43', 1, ''),
(92, '2016-12-11 06:14:10', 1, ''),
(92, '2017-01-15 15:35:45', 3, ''),
(92, '2017-01-15 18:05:28', 3, ''),
(92, '2017-01-23 18:40:11', 13, ''),
(92, '2017-01-29 15:40:21', 3, ''),
(92, '2017-01-29 18:04:13', 3, ''),
(92, '2017-02-12 15:46:33', 3, ''),
(92, '2017-02-12 19:10:17', 4, ''),
(92, '2017-02-26 15:40:14', 3, ''),
(92, '2017-02-26 18:14:11', 4, ''),
(92, '2017-02-26 18:15:08', 3, ''),
(92, '2017-06-04 15:06:58', 3, ''),
(92, '2017-06-12 19:52:28', 21, 'Check In'),
(92, '2017-06-12 21:00:00', 21, 'Check Out'),
(92, '2017-06-17 17:03:19', 8, 'Check In'),
(92, '2017-06-17 21:00:00', 8, 'Check Out'),
(92, '2017-06-18 15:03:58', 3, 'Check In'),
(92, '2017-06-18 18:00:00', 3, 'Check Out'),
(92, '2017-06-25 14:50:04', 3, 'Check In'),
(92, '2017-06-25 18:00:00', 3, 'Check Out'),
(92, '2017-06-25 18:26:41', 4, 'Check In'),
(92, '2017-06-25 21:00:00', 4, 'Check Out'),
(92, '2017-07-02 18:00:00', 3, 'Check Out'),
(92, '2017-07-02 19:35:35', 4, 'Check In'),
(92, '2017-07-02 21:12:09', 4, 'Check Out'),
(92, '2017-07-16 14:41:27', 3, 'Check In'),
(92, '2017-07-16 18:00:00', 3, 'Check Out'),
(92, '2017-07-17 18:44:34', 24, 'Check In'),
(92, '2017-07-17 21:00:00', 24, 'Check Out'),
(92, '2017-07-30 15:17:52', 3, 'Check In'),
(92, '2017-07-30 18:00:00', 3, 'Check Out'),
(92, '2017-10-08 15:25:46', 3, 'Check In'),
(92, '2017-10-08 18:00:00', 3, 'Check Out'),
(92, '2017-10-30 20:38:33', 25, 'Check In'),
(92, '2017-10-30 21:30:00', 25, 'Check Out'),
(92, '2017-11-13 19:44:36', 26, 'Check In'),
(92, '2017-11-13 21:30:00', 26, 'Check Out'),
(92, '2017-11-19 15:18:48', 3, 'Check In'),
(92, '2017-11-19 18:00:00', 3, 'Check Out'),
(92, '2017-11-19 18:11:00', 4, 'Check In'),
(92, '2017-11-19 21:00:00', 4, 'Check Out'),
(92, '2017-11-20 19:59:52', 27, 'Check In'),
(92, '2017-11-20 21:30:00', 27, 'Check Out'),
(92, '2017-12-03 14:47:51', 3, 'Check In'),
(92, '2017-12-03 18:00:00', 3, 'Check Out'),
(93, '0000-00-00 00:00:00', 17, 'Check In'),
(93, '2016-08-18 18:42:30', 1, ''),
(93, '2016-08-18 18:49:05', 1, ''),
(93, '2016-08-21 17:51:31', 4, ''),
(93, '2016-08-21 21:04:28', 4, ''),
(93, '2016-08-27 18:08:30', 7, ''),
(93, '2016-08-29 18:24:56', 9, ''),
(93, '2016-09-04 14:43:06', 3, ''),
(93, '2016-09-04 17:44:57', 3, ''),
(93, '2016-09-06 17:51:04', 5, ''),
(93, '2016-09-18 15:31:00', 3, ''),
(93, '2016-09-18 18:03:06', 3, ''),
(93, '2016-09-26 17:37:07', 11, ''),
(93, '2016-10-02 15:03:05', 3, ''),
(93, '2016-10-02 18:08:05', 3, ''),
(93, '2016-10-16 12:49:07', 3, ''),
(93, '2016-10-16 17:59:14', 3, ''),
(93, '2016-10-24 19:38:49', 15, ''),
(93, '2016-10-25 17:43:24', 16, ''),
(93, '2016-10-30 14:55:24', 3, ''),
(93, '2016-10-30 18:11:32', 3, ''),
(93, '2016-11-13 13:13:42', 3, ''),
(93, '2016-11-13 18:04:35', 3, ''),
(93, '2016-11-20 09:01:41', 2, ''),
(93, '2016-11-20 11:58:51', 2, ''),
(93, '2016-11-27 06:07:40', 1, ''),
(93, '2016-11-27 08:59:27', 2, ''),
(93, '2016-11-27 08:59:36', 1, ''),
(93, '2016-11-27 12:09:20', 2, ''),
(93, '2016-12-04 12:17:40', 12, ''),
(93, '2016-12-11 06:19:12', 1, ''),
(93, '2017-01-01 15:43:09', 3, ''),
(93, '2017-01-01 18:10:05', 3, ''),
(93, '2017-01-15 15:26:25', 3, ''),
(93, '2017-01-15 17:58:58', 3, ''),
(93, '2017-01-23 18:29:31', 13, ''),
(93, '2017-01-29 15:03:32', 3, ''),
(93, '2017-01-29 18:05:44', 3, ''),
(93, '2017-02-12 15:09:54', 3, ''),
(93, '2017-02-12 19:11:08', 3, '');
INSERT INTO `ihub_absence` (`idOpr`, `tglabsence`, `ibadah`, `keterangan`) VALUES
(93, '2017-02-25 16:24:49', 8, ''),
(93, '2017-02-25 21:42:03', 8, ''),
(93, '2017-02-26 15:46:19', 3, ''),
(93, '2017-02-26 18:32:38', 3, ''),
(93, '2017-02-27 18:21:29', 13, ''),
(93, '2017-03-04 17:21:54', 17, ''),
(93, '2017-06-09 18:13:41', 10, 'Check In'),
(93, '2017-06-09 18:14:07', 10, 'Check Out'),
(93, '2017-06-09 18:14:15', 10, 'Check In'),
(93, '2017-06-09 18:14:41', 10, 'Check Out'),
(93, '2017-06-09 18:14:52', 10, 'Check In'),
(93, '2017-06-09 18:14:56', 10, 'Check Out'),
(93, '2017-06-10 17:48:45', 17, 'Check In'),
(93, '2017-06-10 17:49:11', 17, 'Check Out'),
(93, '2017-06-10 17:49:17', 8, 'Check In'),
(93, '2017-06-10 21:00:00', 8, 'Check Out'),
(93, '2017-06-12 19:05:30', 21, 'Check In'),
(93, '2017-06-12 19:05:36', 21, 'Check Out'),
(93, '2017-06-12 19:10:37', 21, 'Check In'),
(93, '2017-06-12 21:00:00', 21, 'Check Out'),
(93, '2017-06-17 09:41:52', 17, 'Check In'),
(93, '2017-06-17 09:41:58', 17, 'Check Out'),
(93, '2017-06-17 17:32:40', 17, 'Check In'),
(93, '2017-06-17 17:32:47', 17, 'Check Out'),
(93, '2017-06-17 17:32:56', 23, 'Check In'),
(93, '2017-06-17 17:33:11', 23, 'Check Out'),
(93, '2017-06-17 17:33:25', 23, 'Check In'),
(93, '2017-06-17 21:00:00', 23, 'Check Out'),
(93, '2017-07-16 12:49:37', 12, 'Check In'),
(93, '2017-07-16 15:00:00', 12, 'Check Out'),
(93, '2017-07-17 18:15:07', 24, 'Check In'),
(93, '2017-07-17 21:00:00', 24, 'Check Out'),
(93, '2017-08-06 12:12:46', 12, 'Check In'),
(93, '2017-08-06 15:00:00', 12, 'Check Out'),
(93, '2017-08-11 12:29:05', 10, 'Check In'),
(93, '2017-08-11 12:29:08', 10, 'Check Out'),
(93, '2017-08-11 18:35:12', 10, 'Check In'),
(93, '2017-08-11 22:53:28', 10, 'Check Out'),
(93, '2017-10-01 11:47:08', 12, 'Check In'),
(93, '2017-10-01 15:00:00', 12, 'Check Out'),
(93, '2017-10-07 14:53:09', 17, 'Check In'),
(93, '2017-10-07 18:01:00', 17, 'Check Out'),
(93, '2017-10-07 22:39:26', 17, 'Check In'),
(93, '2017-10-07 22:39:30', 17, 'Check Out'),
(93, '2017-10-08 11:56:47', 12, 'Check In'),
(93, '2017-10-08 15:00:00', 12, 'Check Out'),
(93, '2017-10-14 14:59:02', 17, 'Check In'),
(93, '2017-10-14 18:01:00', 17, 'Check Out'),
(93, '2017-10-15 11:57:30', 12, 'Check In'),
(93, '2017-10-15 15:00:00', 12, 'Check Out'),
(93, '2017-10-21 15:21:12', 17, 'Check In'),
(93, '2017-10-21 18:01:00', 17, 'Check Out'),
(93, '2017-10-22 11:50:12', 12, 'Check In'),
(93, '2017-10-22 15:00:00', 12, 'Check Out'),
(93, '2017-10-29 11:54:07', 12, 'Check In'),
(93, '2017-10-29 15:00:00', 12, 'Check Out'),
(93, '2017-10-30 18:35:38', 25, 'Check In'),
(93, '2017-10-30 21:30:00', 25, 'Check Out'),
(93, '2017-11-04 09:22:31', 17, 'Check In'),
(93, '2017-11-04 15:01:53', 17, 'Check Out'),
(93, '2017-11-04 15:01:55', 17, 'Check In'),
(93, '2017-11-04 18:01:00', 17, 'Check Out'),
(93, '2017-11-05 12:08:42', 12, 'Check In'),
(93, '2017-11-05 15:00:00', 12, 'Check Out'),
(93, '2017-11-11 17:52:06', 17, 'Check In'),
(93, '2017-11-11 18:01:00', 17, 'Check Out'),
(93, '2017-11-11 21:25:19', 17, 'Check In'),
(93, '2017-11-11 21:25:24', 17, 'Check Out'),
(93, '2017-11-12 11:47:39', 12, 'Check In'),
(93, '2017-11-12 15:00:00', 12, 'Check Out'),
(93, '2017-11-13 18:47:05', 26, 'Check In'),
(93, '2017-11-13 21:30:00', 26, 'Check Out'),
(93, '2017-11-20 18:51:31', 27, 'Check In'),
(93, '2017-11-20 21:30:00', 27, 'Check Out'),
(93, '2017-11-25 14:01:23', 17, 'Check In'),
(93, '2017-11-25 18:01:00', 17, 'Check Out'),
(93, '2017-12-02 18:01:00', 17, 'Check Out'),
(93, '2017-12-02 23:47:38', 17, 'Check In'),
(93, '2017-12-03 09:54:45', 12, 'Check In'),
(93, '2017-12-03 15:00:00', 12, 'Check Out'),
(94, '2016-08-21 18:08:10', 4, ''),
(94, '2016-08-21 21:02:14', 4, ''),
(94, '2016-08-29 19:00:02', 9, ''),
(94, '2016-09-04 15:00:55', 3, ''),
(94, '2016-09-04 18:12:05', 4, ''),
(94, '2016-09-18 15:06:11', 3, ''),
(94, '2016-09-18 18:09:23', 3, ''),
(94, '2016-09-26 17:23:28', 11, ''),
(94, '2016-10-02 14:58:20', 12, ''),
(94, '2016-10-02 15:34:21', 3, ''),
(94, '2016-10-02 18:02:40', 3, ''),
(94, '2016-10-16 15:09:35', 3, ''),
(94, '2016-10-30 15:01:36', 3, ''),
(94, '2016-10-30 18:13:11', 3, ''),
(94, '2016-11-13 15:16:20', 3, ''),
(94, '2016-11-13 18:05:18', 3, ''),
(94, '2016-11-27 06:31:40', 1, ''),
(94, '2016-11-27 09:02:27', 1, ''),
(94, '2017-01-15 15:06:56', 3, ''),
(94, '2017-01-29 15:36:59', 3, ''),
(94, '2017-01-29 18:02:43', 3, ''),
(94, '2017-02-26 15:54:22', 3, ''),
(94, '2017-02-26 18:19:17', 3, ''),
(94, '2017-06-04 18:05:28', 3, ''),
(94, '2017-06-18 15:49:38', 3, 'Check In'),
(94, '2017-06-18 18:00:00', 3, 'Check Out'),
(94, '2017-07-30 15:04:03', 3, 'Check In'),
(94, '2017-07-30 18:00:00', 3, 'Check Out'),
(94, '2017-10-08 15:28:37', 3, 'Check In'),
(94, '2017-10-08 18:00:00', 3, 'Check Out'),
(94, '2017-11-13 19:30:03', 26, 'Check In'),
(94, '2017-11-13 21:30:00', 26, 'Check Out'),
(94, '2017-11-19 15:42:12', 3, 'Check In'),
(94, '2017-11-19 15:42:21', 3, 'Check Out'),
(95, '2016-08-21 18:07:56', 4, ''),
(95, '2016-08-21 21:02:25', 4, ''),
(95, '2016-08-29 19:00:17', 9, ''),
(95, '2016-09-04 15:01:34', 3, ''),
(95, '2016-09-04 18:12:09', 4, ''),
(95, '2016-09-18 15:06:00', 3, ''),
(95, '2016-09-18 18:07:39', 3, ''),
(95, '2016-09-26 17:56:41', 11, ''),
(95, '2016-10-16 15:10:31', 3, ''),
(95, '2016-10-16 18:02:46', 3, ''),
(95, '2016-10-30 15:01:24', 3, ''),
(95, '2016-10-30 18:12:36', 3, ''),
(95, '2016-11-13 15:16:27', 3, ''),
(95, '2016-11-13 18:04:52', 3, ''),
(95, '2016-11-27 06:31:45', 1, ''),
(95, '2016-11-27 09:04:51', 1, ''),
(95, '2017-01-29 15:37:04', 3, ''),
(95, '2017-01-29 18:02:36', 3, ''),
(95, '2017-02-26 15:54:30', 3, ''),
(95, '2017-02-26 18:19:26', 3, ''),
(101, '2016-07-31 15:20:21', 3, ''),
(101, '2016-08-14 17:35:10', 4, ''),
(101, '2016-08-14 21:13:08', 4, ''),
(101, '2016-08-27 17:07:54', 7, ''),
(101, '2016-08-28 17:37:27', 4, ''),
(101, '2016-08-28 21:16:20', 4, ''),
(101, '2016-09-11 14:48:07', 3, ''),
(101, '2016-09-11 19:01:45', 3, ''),
(101, '2016-09-25 14:56:14', 3, ''),
(101, '2016-09-25 17:59:50', 3, ''),
(101, '2016-10-23 14:44:48', 3, ''),
(101, '2016-10-23 18:12:47', 3, ''),
(101, '2016-11-06 14:52:59', 3, ''),
(101, '2016-11-06 18:09:53', 3, ''),
(101, '2016-11-20 14:47:45', 3, ''),
(101, '2016-11-20 17:56:04', 3, ''),
(101, '2016-12-04 06:15:08', 1, ''),
(101, '2016-12-18 06:11:14', 1, ''),
(101, '2016-12-18 10:24:00', 2, ''),
(102, '2016-07-31 15:19:41', 3, ''),
(102, '2016-08-14 17:53:37', 4, ''),
(102, '2016-08-14 21:11:03', 4, ''),
(102, '2016-08-28 17:37:33', 4, ''),
(102, '2016-08-29 17:58:32', 9, ''),
(102, '2016-09-11 14:37:57', 3, ''),
(102, '2016-09-11 18:13:10', 3, ''),
(102, '2016-09-25 15:28:31', 3, ''),
(102, '2016-09-25 17:59:06', 3, ''),
(102, '2016-09-26 17:21:41', 11, ''),
(102, '2016-10-09 14:33:29', 3, ''),
(102, '2016-10-09 18:10:31', 3, ''),
(102, '2016-11-20 14:52:05', 3, ''),
(102, '2016-11-20 17:57:47', 3, ''),
(102, '2016-12-04 06:01:27', 1, ''),
(102, '2016-12-04 18:05:30', 3, ''),
(102, '2016-12-18 06:06:19', 1, ''),
(102, '2016-12-18 10:21:23', 1, ''),
(102, '2017-01-08 14:37:14', 3, ''),
(102, '2017-01-08 18:15:03', 3, ''),
(102, '2017-01-22 14:53:12', 3, ''),
(102, '2017-01-22 18:07:25', 3, ''),
(102, '2017-02-05 15:21:52', 3, ''),
(102, '2017-02-05 17:59:52', 3, ''),
(102, '2017-03-05 15:00:03', 3, ''),
(103, '0000-00-00 00:00:00', 3, 'Check In'),
(103, '2016-07-31 15:19:15', 3, ''),
(103, '2016-08-27 18:22:38', 7, ''),
(103, '2016-08-27 18:22:51', 7, ''),
(103, '2016-08-28 18:09:56', 4, ''),
(103, '2016-08-28 20:59:19', 4, ''),
(103, '2016-08-28 20:59:21', 4, ''),
(103, '2016-08-29 19:52:45', 9, ''),
(103, '2016-09-11 14:58:47', 3, ''),
(103, '2016-09-11 18:30:44', 3, ''),
(103, '2016-09-25 15:19:03', 3, ''),
(103, '2016-09-25 17:06:18', 4, ''),
(103, '2016-09-26 17:30:33', 11, ''),
(103, '2016-10-09 15:07:21', 3, ''),
(103, '2016-10-09 18:14:24', 3, ''),
(103, '2016-10-23 15:29:56', 3, ''),
(103, '2016-10-23 18:11:49', 3, ''),
(103, '2016-11-06 09:01:22', 2, ''),
(103, '2016-11-06 11:58:17', 2, ''),
(103, '2016-11-06 15:08:07', 3, ''),
(103, '2016-11-06 18:09:34', 3, ''),
(103, '2016-11-20 08:48:16', 2, ''),
(103, '2016-11-20 11:59:36', 2, ''),
(103, '2016-11-27 09:14:07', 1, ''),
(103, '2016-11-27 12:10:49', 2, ''),
(103, '2016-12-04 06:31:04', 1, ''),
(103, '2016-12-04 10:59:53', 2, ''),
(103, '2016-12-04 11:10:48', 1, ''),
(103, '2016-12-18 06:38:00', 1, ''),
(103, '2016-12-18 10:20:35', 2, ''),
(103, '2017-01-08 15:10:40', 3, ''),
(103, '2017-01-08 18:15:38', 3, ''),
(103, '2017-01-22 14:59:19', 3, ''),
(103, '2017-01-22 18:02:12', 3, ''),
(103, '2017-01-23 18:59:30', 13, ''),
(103, '2017-02-05 14:33:01', 3, ''),
(103, '2017-02-05 17:47:48', 4, ''),
(103, '2017-02-25 17:10:18', 8, ''),
(103, '2017-02-25 21:41:13', 8, ''),
(103, '2017-03-05 14:44:30', 3, ''),
(103, '2017-06-04 15:06:33', 3, ''),
(103, '2017-06-12 19:13:17', 21, 'Check In'),
(103, '2017-06-12 21:00:00', 21, 'Check Out'),
(103, '2017-06-18 09:27:06', 2, 'Check In'),
(103, '2017-06-18 12:00:00', 2, 'Check Out'),
(103, '2017-06-25 14:50:32', 3, 'Check In'),
(103, '2017-06-25 18:00:00', 3, 'Check Out'),
(103, '2017-07-09 14:59:56', 3, 'Check In'),
(103, '2017-07-09 18:00:00', 3, 'Check Out'),
(103, '2017-07-09 18:44:22', 3, 'Check In'),
(103, '2017-07-09 18:44:32', 3, 'Check Out'),
(103, '2017-07-17 18:56:13', 24, 'Check In'),
(103, '2017-07-17 21:00:00', 24, 'Check Out'),
(103, '2017-07-23 14:54:03', 3, 'Check In'),
(103, '2017-07-23 18:00:00', 3, 'Check Out'),
(103, '2017-07-23 18:34:01', 3, 'Check In'),
(103, '2017-07-23 18:34:06', 3, 'Check Out'),
(103, '2017-08-06 15:01:06', 3, 'Check In'),
(103, '2017-08-06 18:00:00', 3, 'Check Out'),
(103, '2017-10-01 14:56:53', 3, 'Check In'),
(103, '2017-10-01 18:00:00', 3, 'Check Out'),
(103, '2017-10-15 18:00:00', 3, 'Check Out'),
(103, '2017-10-29 15:01:43', 3, 'Check In'),
(103, '2017-10-29 18:00:00', 3, 'Check Out'),
(103, '2017-10-30 18:36:29', 25, 'Check In'),
(103, '2017-10-30 21:30:00', 25, 'Check Out'),
(103, '2017-11-26 16:34:19', 3, 'Check In'),
(103, '2017-11-26 18:00:00', 3, 'Check Out'),
(104, '2016-07-31 15:23:03', 3, ''),
(104, '2016-08-14 17:48:02', 4, ''),
(104, '2016-08-14 21:06:13', 4, ''),
(104, '2016-08-28 17:44:35', 4, ''),
(104, '2016-08-28 20:54:29', 4, ''),
(104, '2016-08-29 17:56:41', 9, ''),
(104, '2016-09-25 15:02:37', 3, ''),
(104, '2016-09-25 18:01:23', 3, ''),
(104, '2016-09-26 17:23:51', 11, ''),
(104, '2016-10-09 15:02:52', 3, ''),
(104, '2016-10-09 18:07:42', 4, ''),
(104, '2016-10-09 18:08:04', 3, ''),
(104, '2016-10-23 14:39:48', 3, ''),
(104, '2016-10-23 18:17:25', 3, ''),
(104, '2016-11-06 14:41:37', 3, ''),
(104, '2016-11-06 18:17:18', 3, ''),
(104, '2016-11-20 14:36:32', 3, ''),
(104, '2016-11-20 18:03:18', 3, ''),
(104, '2016-12-04 06:01:37', 1, ''),
(104, '2016-12-04 11:08:50', 1, ''),
(104, '2017-01-08 14:33:47', 3, ''),
(104, '2017-01-08 18:16:26', 3, ''),
(104, '2017-01-22 14:54:06', 3, ''),
(104, '2017-01-22 18:05:45', 3, ''),
(104, '2017-01-23 18:30:28', 13, ''),
(104, '2017-02-19 14:54:30', 3, ''),
(104, '2017-02-19 19:02:05', 3, ''),
(104, '2017-06-04 15:10:12', 3, ''),
(104, '2017-06-11 15:09:40', 3, 'Check In'),
(104, '2017-06-11 18:00:00', 3, 'Check Out'),
(104, '2017-07-09 15:11:21', 3, 'Check In'),
(104, '2017-07-09 18:00:00', 3, 'Check Out'),
(104, '2017-07-23 14:55:58', 3, 'Check In'),
(104, '2017-07-23 18:00:00', 3, 'Check Out'),
(104, '2017-08-06 14:56:32', 3, 'Check In'),
(104, '2017-08-06 18:00:00', 3, 'Check Out'),
(104, '2017-10-01 15:30:52', 3, 'Check In'),
(104, '2017-10-01 18:00:00', 3, 'Check Out'),
(104, '2017-10-15 15:18:19', 3, 'Check In'),
(104, '2017-10-15 18:00:00', 3, 'Check Out'),
(104, '2017-11-12 15:23:08', 3, 'Check In'),
(104, '2017-11-12 18:00:00', 3, 'Check Out'),
(104, '2017-11-26 14:48:23', 3, 'Check In'),
(104, '2017-11-26 18:00:00', 3, 'Check Out'),
(104, '2017-12-10 14:57:09', 3, 'Check In'),
(104, '2017-12-10 18:00:00', 3, 'Check Out'),
(105, '2016-07-31 15:20:36', 3, ''),
(105, '2016-08-21 18:25:16', 4, ''),
(105, '2016-08-21 21:01:52', 4, ''),
(105, '2016-08-28 17:48:13', 4, ''),
(105, '2016-08-29 17:45:22', 9, ''),
(105, '2016-09-11 14:58:42', 3, ''),
(105, '2016-09-11 19:02:16', 3, ''),
(105, '2016-09-25 14:08:32', 3, ''),
(105, '2016-09-25 18:01:15', 3, ''),
(105, '2016-09-26 17:23:42', 11, ''),
(105, '2016-10-09 14:47:33', 3, ''),
(105, '2016-10-09 18:10:21', 3, ''),
(105, '2016-11-06 14:34:05', 3, ''),
(105, '2016-11-06 18:16:52', 3, ''),
(105, '2016-11-20 14:36:18', 3, ''),
(105, '2016-11-20 18:03:33', 3, ''),
(105, '2016-12-04 06:11:21', 1, ''),
(105, '2016-12-04 11:09:01', 1, ''),
(105, '2017-02-05 14:42:12', 3, ''),
(105, '2017-02-05 18:49:04', 3, ''),
(106, '2016-07-31 15:19:33', 3, ''),
(106, '2016-08-14 17:57:57', 4, ''),
(106, '2016-08-14 21:07:54', 4, ''),
(106, '2016-08-27 17:24:10', 7, ''),
(106, '2016-08-28 17:59:19', 4, ''),
(106, '2016-09-11 14:58:53', 3, ''),
(106, '2016-09-11 19:02:07', 3, ''),
(106, '2016-09-25 14:54:52', 3, ''),
(106, '2016-09-25 17:59:38', 3, ''),
(106, '2016-09-26 17:29:18', 11, ''),
(106, '2016-10-16 15:05:46', 3, ''),
(106, '2016-10-16 18:03:02', 3, ''),
(106, '2016-10-23 15:01:32', 3, ''),
(106, '2016-10-23 18:13:01', 3, ''),
(106, '2016-11-20 15:01:07', 3, ''),
(106, '2016-11-20 18:00:14', 3, ''),
(106, '2016-12-04 06:18:09', 1, ''),
(106, '2016-12-18 06:17:03', 1, ''),
(106, '2017-01-08 15:01:51', 3, ''),
(106, '2017-01-08 18:12:05', 3, ''),
(106, '2017-02-05 17:38:05', 3, ''),
(106, '2017-02-19 15:11:12', 3, ''),
(106, '2017-02-19 19:02:11', 3, ''),
(106, '2017-03-05 14:55:38', 3, ''),
(107, '0000-00-00 00:00:00', 26, 'Check In'),
(107, '2016-07-31 15:20:49', 3, ''),
(107, '2016-08-14 14:56:12', 3, ''),
(107, '2016-08-14 18:00:47', 3, ''),
(107, '2016-08-28 14:54:23', 3, ''),
(107, '2016-08-28 19:05:30', 3, ''),
(107, '2016-09-11 08:30:05', 2, ''),
(107, '2016-09-11 11:42:20', 2, ''),
(107, '2016-09-25 08:49:17', 2, ''),
(107, '2016-09-25 12:30:34', 2, ''),
(107, '2016-10-09 09:13:44', 2, ''),
(107, '2016-10-09 12:02:23', 2, ''),
(107, '2016-10-23 08:52:14', 2, ''),
(107, '2016-10-23 12:16:29', 2, ''),
(107, '2016-11-06 09:17:06', 2, ''),
(107, '2016-11-06 11:58:36', 2, ''),
(107, '2016-11-20 08:58:34', 2, ''),
(107, '2016-11-20 11:59:48', 2, ''),
(107, '2016-12-04 18:45:49', 4, ''),
(107, '2016-12-18 17:56:03', 4, ''),
(107, '2017-01-08 08:59:16', 2, ''),
(107, '2017-01-08 12:05:28', 2, ''),
(107, '2017-01-22 08:50:26', 2, ''),
(107, '2017-01-22 12:00:53', 2, ''),
(107, '2017-01-23 18:32:30', 13, ''),
(107, '2017-02-05 08:51:57', 2, ''),
(107, '2017-02-19 09:15:15', 2, ''),
(107, '2017-02-27 17:41:34', 13, ''),
(107, '2017-03-05 08:57:37', 2, ''),
(107, '2017-03-05 12:54:16', 2, ''),
(107, '2017-06-04 11:37:46', 2, ''),
(107, '2017-06-11 09:15:30', 2, 'Check In'),
(107, '2017-06-11 09:15:55', 2, 'Check Out'),
(107, '2017-07-23 09:04:12', 2, 'Check In'),
(107, '2017-07-23 09:04:16', 2, 'Check Out'),
(107, '2017-10-08 09:14:45', 2, 'Check In'),
(107, '2017-10-08 12:00:00', 2, 'Check Out'),
(107, '2017-10-29 08:47:47', 2, 'Check In'),
(107, '2017-10-29 12:00:00', 2, 'Check Out'),
(107, '2017-11-05 09:03:21', 2, 'Check In'),
(107, '2017-11-05 12:00:00', 2, 'Check Out'),
(107, '2017-11-13 21:30:00', 26, 'Check Out'),
(107, '2017-11-19 09:19:17', 2, 'Check In'),
(107, '2017-11-19 12:00:00', 2, 'Check Out'),
(107, '2017-12-03 08:33:59', 2, 'Check In'),
(107, '2017-12-03 12:00:00', 2, 'Check Out'),
(107, '2017-12-10 08:16:08', 2, 'Check In'),
(107, '2017-12-10 12:00:00', 2, 'Check Out'),
(109, '2016-08-14 18:04:47', 4, ''),
(109, '2016-08-14 21:06:23', 4, ''),
(109, '2016-08-14 21:06:28', 4, ''),
(109, '2016-08-14 21:06:32', 4, ''),
(109, '2016-08-14 21:06:37', 4, ''),
(109, '2016-08-14 21:06:40', 4, ''),
(109, '2016-08-14 21:06:44', 4, ''),
(109, '2016-08-14 21:06:47', 4, ''),
(109, '2016-08-14 21:06:50', 4, ''),
(109, '2016-08-14 21:06:53', 4, ''),
(109, '2016-08-14 21:06:57', 4, ''),
(109, '2016-08-14 21:07:01', 4, ''),
(109, '2016-08-14 21:07:07', 4, ''),
(109, '2016-08-14 21:07:12', 4, ''),
(109, '2016-08-14 21:07:27', 4, ''),
(109, '2016-08-14 21:07:31', 4, ''),
(109, '2016-08-14 21:07:36', 4, ''),
(109, '2016-08-14 21:07:40', 4, ''),
(109, '2016-08-14 21:07:46', 4, ''),
(109, '2016-08-14 21:07:50', 4, ''),
(109, '2016-08-29 19:11:44', 9, ''),
(109, '2016-09-11 15:12:19', 3, ''),
(109, '2016-09-11 18:14:52', 3, ''),
(109, '2016-09-26 17:27:46', 11, ''),
(109, '2016-10-09 14:57:21', 3, ''),
(109, '2016-10-09 18:14:00', 3, ''),
(109, '2016-10-23 14:58:17', 3, ''),
(109, '2016-10-23 18:15:59', 3, ''),
(109, '2016-11-06 15:00:43', 3, ''),
(109, '2016-11-06 18:09:43', 3, ''),
(109, '2016-12-04 06:31:51', 1, ''),
(109, '2016-12-04 11:01:08', 2, ''),
(109, '2016-12-18 08:18:55', 1, ''),
(109, '2016-12-18 10:20:45', 2, ''),
(109, '2017-01-08 15:09:40', 3, ''),
(109, '2017-01-22 15:59:00', 3, ''),
(109, '2017-01-22 18:04:53', 3, ''),
(109, '2017-08-06 15:18:32', 3, 'Check In'),
(109, '2017-08-06 18:00:00', 3, 'Check Out'),
(109, '2017-08-06 18:24:12', 3, 'Check Out'),
(109, '2017-10-15 15:50:36', 3, 'Check In'),
(109, '2017-10-15 18:06:51', 3, 'Check Out'),
(109, '2017-11-26 15:33:01', 3, 'Check In'),
(109, '2017-11-26 18:00:00', 3, 'Check Out'),
(110, '2016-07-31 15:20:15', 3, ''),
(110, '2016-08-14 18:13:37', 4, ''),
(110, '2016-08-14 21:08:44', 4, ''),
(110, '2016-08-29 18:18:29', 9, ''),
(110, '2016-09-11 14:33:35', 3, ''),
(110, '2016-09-11 19:01:52', 3, ''),
(110, '2016-09-18 17:52:04', 4, ''),
(110, '2016-09-18 19:54:43', 4, ''),
(110, '2016-09-26 17:31:12', 11, ''),
(110, '2016-10-09 14:39:49', 3, ''),
(110, '2016-10-09 18:12:19', 3, ''),
(110, '2016-10-23 14:45:15', 3, ''),
(110, '2016-10-23 17:14:37', 3, ''),
(110, '2016-11-06 14:43:25', 3, ''),
(110, '2016-11-06 18:16:41', 3, ''),
(110, '2016-11-20 14:38:50', 3, ''),
(110, '2016-11-20 17:56:57', 3, ''),
(110, '2016-12-04 06:01:47', 1, ''),
(110, '2016-12-04 11:09:33', 1, ''),
(110, '2017-01-22 14:48:12', 2, ''),
(110, '2017-01-22 14:48:36', 3, ''),
(110, '2017-01-22 18:10:38', 3, ''),
(110, '2017-01-23 18:30:09', 13, ''),
(110, '2017-02-19 14:44:26', 3, ''),
(110, '2017-02-19 19:01:50', 3, ''),
(110, '2017-03-05 14:44:37', 3, ''),
(111, '2016-07-31 15:25:31', 3, ''),
(111, '2016-08-14 17:53:51', 4, ''),
(111, '2016-08-14 21:10:28', 4, ''),
(111, '2016-09-11 06:25:55', 1, ''),
(111, '2016-09-11 09:08:16', 2, ''),
(111, '2017-01-08 15:25:59', 3, ''),
(111, '2017-01-08 18:14:04', 3, ''),
(111, '2017-01-22 15:10:15', 3, ''),
(111, '2017-01-22 18:10:00', 3, ''),
(111, '2017-02-05 15:23:53', 3, ''),
(111, '2017-02-05 18:03:42', 3, ''),
(111, '2017-02-19 16:21:34', 4, ''),
(111, '2017-02-27 18:25:50', 13, ''),
(111, '2017-03-05 14:59:29', 3, ''),
(111, '2017-06-04 15:35:41', 3, ''),
(111, '2017-06-12 19:53:59', 21, 'Check In'),
(111, '2017-06-12 21:00:00', 21, 'Check Out'),
(111, '2017-06-12 22:50:25', 21, 'Check In'),
(111, '2017-06-12 22:50:31', 21, 'Check Out'),
(111, '2017-06-25 15:34:54', 3, 'Check In'),
(111, '2017-06-25 18:00:00', 3, 'Check Out'),
(111, '2017-06-25 21:15:54', 3, 'Check In'),
(111, '2017-07-02 15:11:24', 3, 'Check In'),
(111, '2017-07-02 18:00:00', 3, 'Check Out'),
(111, '2017-07-09 15:18:59', 3, 'Check In'),
(111, '2017-07-09 18:00:00', 3, 'Check Out'),
(111, '2017-07-23 15:26:38', 3, 'Check In'),
(111, '2017-07-23 18:00:00', 3, 'Check Out'),
(111, '2017-10-01 15:49:27', 3, 'Check In'),
(111, '2017-10-01 18:00:00', 3, 'Check Out'),
(111, '2017-10-30 18:53:56', 25, 'Check In'),
(111, '2017-10-30 21:30:00', 25, 'Check Out'),
(111, '2017-11-13 19:55:29', 26, 'Check In'),
(111, '2017-11-13 19:56:06', 26, 'Check Out'),
(111, '2017-11-20 19:19:31', 27, 'Check In'),
(111, '2017-11-20 21:30:00', 27, 'Check Out'),
(111, '2017-12-10 16:12:16', 3, 'Check In'),
(111, '2017-12-10 18:00:00', 3, 'Check Out'),
(112, '2016-07-31 15:25:39', 3, ''),
(112, '2016-08-14 17:53:44', 4, ''),
(112, '2016-08-14 21:10:02', 4, ''),
(112, '2016-09-11 06:25:49', 1, ''),
(112, '2016-09-11 09:08:24', 2, ''),
(112, '2017-01-08 15:26:12', 3, ''),
(112, '2017-01-08 18:11:43', 3, ''),
(112, '2017-01-22 15:11:39', 3, ''),
(112, '2017-01-22 18:10:18', 3, ''),
(112, '2017-01-23 18:50:38', 13, ''),
(112, '2017-02-05 15:24:03', 3, ''),
(112, '2017-02-05 18:06:56', 3, ''),
(112, '2017-02-12 15:30:22', 3, ''),
(112, '2017-02-12 18:48:32', 4, ''),
(112, '2017-06-12 22:22:20', 21, 'Check In'),
(112, '2017-06-12 22:22:51', 21, 'Check Out'),
(112, '2017-06-25 15:36:58', 3, 'Check In'),
(112, '2017-06-25 15:37:03', 3, 'Check Out'),
(112, '2017-06-25 15:37:11', 3, 'Check In'),
(112, '2017-06-25 18:00:00', 3, 'Check Out'),
(112, '2017-07-02 15:48:20', 3, 'Check In'),
(112, '2017-07-02 18:00:00', 3, 'Check Out'),
(112, '2017-07-09 15:22:32', 3, 'Check In'),
(112, '2017-07-09 18:00:00', 3, 'Check Out'),
(112, '2017-07-23 15:34:29', 3, 'Check In'),
(112, '2017-07-23 18:00:00', 3, 'Check Out'),
(112, '2017-08-06 16:17:12', 3, 'Check In'),
(112, '2017-08-06 18:00:00', 3, 'Check Out'),
(112, '2017-10-01 15:53:19', 3, 'Check In'),
(112, '2017-10-01 18:00:00', 3, 'Check Out'),
(112, '2017-10-30 19:06:08', 25, 'Check In'),
(112, '2017-10-30 21:30:00', 25, 'Check Out'),
(112, '2017-11-13 19:49:08', 26, 'Check In'),
(112, '2017-11-13 19:56:37', 26, 'Check Out'),
(113, '2016-08-14 18:14:31', 4, ''),
(113, '2016-08-14 21:14:01', 4, ''),
(113, '2016-08-28 17:54:27', 4, ''),
(113, '2016-08-28 20:54:02', 4, ''),
(113, '2016-08-28 20:54:06', 4, ''),
(113, '2016-08-29 19:38:55', 9, ''),
(113, '2016-09-11 15:50:51', 3, ''),
(113, '2016-09-11 19:05:39', 3, ''),
(113, '2016-09-25 15:22:39', 3, ''),
(113, '2016-09-25 17:51:29', 4, ''),
(113, '2016-09-26 17:38:28', 11, ''),
(113, '2016-10-09 16:02:52', 3, ''),
(113, '2016-10-23 15:31:19', 3, ''),
(113, '2016-10-23 17:53:56', 3, ''),
(113, '2016-11-06 15:57:43', 3, ''),
(113, '2016-11-06 18:07:58', 3, ''),
(113, '2016-12-18 07:13:27', 1, ''),
(113, '2016-12-18 08:57:24', 1, ''),
(113, '2017-01-08 15:45:33', 3, ''),
(113, '2017-01-08 18:07:47', 3, ''),
(113, '2017-01-22 15:17:14', 3, ''),
(113, '2017-01-22 17:59:55', 3, ''),
(113, '2017-01-23 19:14:20', 13, ''),
(113, '2017-02-05 15:48:56', 3, ''),
(113, '2017-02-05 17:59:33', 3, ''),
(113, '2017-02-19 15:51:25', 3, ''),
(113, '2017-02-19 18:03:56', 3, ''),
(113, '2017-03-05 15:12:19', 3, ''),
(113, '2017-06-11 15:43:33', 3, 'Check In'),
(113, '2017-06-11 18:00:00', 3, 'Check Out'),
(113, '2017-06-11 18:24:12', 3, 'Check Out'),
(113, '2017-06-12 19:01:46', 21, 'Check In'),
(113, '2017-06-12 19:01:58', 21, 'Check Out'),
(113, '2017-06-25 16:15:12', 3, 'Check In'),
(113, '2017-06-25 18:00:00', 3, 'Check Out'),
(113, '2017-06-25 18:06:14', 3, 'Check In'),
(113, '2017-06-25 18:06:17', 3, 'Check Out'),
(113, '2017-07-02 15:29:18', 3, 'Check In'),
(113, '2017-07-02 17:53:52', 3, 'Check Out'),
(113, '2017-07-09 15:35:56', 3, 'Check In'),
(113, '2017-07-09 18:00:00', 3, 'Check Out'),
(113, '2017-07-16 15:35:22', 3, 'Check In'),
(113, '2017-07-16 18:00:00', 3, 'Check Out'),
(113, '2017-08-06 15:37:17', 3, 'Check In'),
(113, '2017-08-06 18:00:00', 3, 'Check Out'),
(113, '2017-10-01 15:17:59', 3, 'Check In'),
(113, '2017-10-01 18:00:00', 3, 'Check Out'),
(113, '2017-10-15 15:51:18', 3, 'Check In'),
(113, '2017-10-15 18:00:00', 3, 'Check Out'),
(113, '2017-11-13 19:10:55', 26, 'Check In'),
(113, '2017-11-13 21:30:00', 26, 'Check Out'),
(113, '2017-11-26 15:06:00', 3, 'Check In'),
(113, '2017-11-26 18:00:00', 3, 'Check Out'),
(114, '2016-07-31 15:27:56', 3, ''),
(114, '2016-09-25 15:31:46', 3, ''),
(114, '2016-09-26 17:23:00', 11, ''),
(114, '2016-10-09 14:52:26', 3, ''),
(114, '2016-10-09 18:12:03', 3, ''),
(114, '2016-11-06 15:31:11', 3, ''),
(114, '2016-11-06 18:08:29', 3, ''),
(114, '2016-11-20 15:22:28', 3, ''),
(114, '2016-11-20 17:53:28', 3, ''),
(114, '2017-01-01 15:35:13', 3, ''),
(114, '2017-01-01 18:16:18', 3, ''),
(114, '2017-01-08 15:32:47', 3, ''),
(114, '2017-01-08 18:01:41', 3, ''),
(114, '2017-01-22 15:25:35', 3, ''),
(114, '2017-01-22 18:00:12', 3, ''),
(114, '2017-01-23 18:40:20', 13, ''),
(114, '2017-02-05 15:10:41', 3, ''),
(114, '2017-02-05 18:03:08', 3, ''),
(114, '2017-02-19 15:24:10', 3, ''),
(114, '2017-02-19 17:42:04', 3, ''),
(114, '2017-02-25 16:23:08', 8, ''),
(114, '2017-02-25 21:18:55', 8, ''),
(114, '2017-03-05 15:38:27', 3, ''),
(114, '2017-06-12 19:28:23', 21, 'Check In'),
(114, '2017-06-12 21:00:00', 21, 'Check Out'),
(114, '2017-06-25 14:54:53', 3, 'Check In'),
(114, '2017-06-25 18:00:00', 3, 'Check Out'),
(114, '2017-07-02 15:27:19', 3, 'Check In'),
(114, '2017-07-02 18:00:00', 3, 'Check Out'),
(114, '2017-07-09 15:13:24', 3, 'Check In'),
(114, '2017-07-09 18:00:00', 3, 'Check Out'),
(114, '2017-08-06 15:20:24', 3, 'Check In'),
(114, '2017-08-06 18:00:00', 3, 'Check Out'),
(114, '2017-10-01 15:16:25', 2, 'Check In'),
(114, '2017-10-01 15:16:29', 2, 'Check Out'),
(114, '2017-10-01 15:16:35', 3, 'Check In'),
(114, '2017-10-01 18:00:00', 3, 'Check Out'),
(114, '2017-10-15 15:38:07', 3, 'Check In'),
(114, '2017-10-15 18:00:00', 3, 'Check Out'),
(114, '2017-11-12 15:10:16', 3, 'Check In'),
(114, '2017-11-12 18:00:00', 3, 'Check Out'),
(114, '2017-11-20 18:51:33', 27, 'Check In'),
(114, '2017-11-20 18:51:36', 27, 'Check Out'),
(114, '2017-11-20 18:51:40', 27, 'Check In'),
(114, '2017-11-20 21:30:00', 27, 'Check Out'),
(121, '2016-08-14 08:32:27', 2, ''),
(121, '2016-08-14 11:02:39', 2, ''),
(121, '2016-08-21 06:14:14', 1, ''),
(121, '2016-08-21 10:10:37', 1, ''),
(121, '2016-08-27 16:20:28', 7, ''),
(121, '2016-08-28 08:57:18', 2, ''),
(121, '2016-08-28 11:51:30', 2, ''),
(121, '2016-08-29 17:32:22', 9, ''),
(121, '2016-09-04 14:52:55', 4, ''),
(121, '2016-09-04 21:41:34', 4, ''),
(121, '2016-09-18 17:39:32', 4, ''),
(121, '2016-09-18 20:59:02', 4, ''),
(121, '2016-09-26 17:38:51', 11, ''),
(121, '2016-10-02 17:27:56', 4, ''),
(121, '2016-10-02 21:06:07', 4, ''),
(121, '2016-10-16 17:38:37', 4, ''),
(121, '2016-10-16 21:02:39', 4, ''),
(121, '2016-10-22 17:10:40', 14, ''),
(121, '2016-10-30 18:15:16', 4, ''),
(121, '2016-10-30 21:23:40', 4, ''),
(121, '2016-11-13 18:04:06', 4, ''),
(121, '2016-11-13 21:07:07', 4, ''),
(121, '2016-11-27 08:38:57', 2, ''),
(121, '2016-11-27 12:09:13', 2, ''),
(121, '2016-12-04 14:53:03', 3, ''),
(121, '2016-12-04 17:07:43', 3, ''),
(121, '2016-12-11 08:41:45', 2, ''),
(121, '2016-12-11 15:59:12', 2, ''),
(121, '2017-01-01 14:11:21', 3, ''),
(121, '2017-01-01 17:34:27', 3, ''),
(121, '2017-01-01 17:35:04', 4, ''),
(121, '2017-01-01 21:12:34', 4, ''),
(121, '2017-01-15 17:22:47', 4, ''),
(121, '2017-01-15 21:27:29', 4, ''),
(121, '2017-01-23 18:24:02', 13, ''),
(121, '2017-01-29 17:52:56', 4, ''),
(121, '2017-01-29 20:55:01', 4, ''),
(121, '2017-02-12 19:07:10', 4, ''),
(121, '2017-02-12 21:38:04', 1, ''),
(121, '2017-02-25 16:25:24', 8, ''),
(121, '2017-02-26 18:15:43', 4, ''),
(121, '2017-02-26 20:47:07', 4, ''),
(121, '2017-02-27 18:11:39', 13, ''),
(121, '2017-02-27 21:43:22', 13, ''),
(121, '2017-06-04 15:04:28', 3, ''),
(121, '2017-06-11 18:10:45', 4, 'Check In'),
(121, '2017-06-11 18:10:55', 4, 'Check Out'),
(121, '2017-06-12 19:02:14', 21, 'Check In'),
(121, '2017-06-12 21:00:00', 21, 'Check Out'),
(121, '2017-06-25 18:04:40', 4, 'Check In'),
(121, '2017-06-25 18:04:52', 4, 'Check Out'),
(121, '2017-07-09 18:15:31', 4, 'Check In'),
(121, '2017-07-09 18:15:37', 4, 'Check Out'),
(121, '2017-07-23 18:13:22', 4, 'Check In'),
(121, '2017-07-23 18:13:26', 4, 'Check Out'),
(121, '2017-08-06 18:23:08', 4, 'Check In'),
(121, '2017-08-06 18:23:16', 4, 'Check Out'),
(121, '2017-08-11 18:34:35', 10, 'Check In'),
(121, '2017-08-11 21:00:00', 10, 'Check Out'),
(121, '2017-10-01 18:16:03', 4, 'Check In'),
(121, '2017-10-01 21:10:28', 4, 'Check Out'),
(121, '2017-10-15 18:12:09', 4, 'Check In'),
(121, '2017-10-15 21:00:00', 4, 'Check Out'),
(121, '2017-10-29 18:29:59', 4, 'Check In'),
(121, '2017-10-29 21:00:00', 4, 'Check Out'),
(121, '2017-10-30 19:11:35', 25, 'Check In'),
(121, '2017-10-30 21:30:00', 25, 'Check Out'),
(121, '2017-11-12 19:37:36', 4, 'Check In'),
(121, '2017-11-12 21:00:00', 4, 'Check Out'),
(121, '2017-11-13 19:17:47', 26, 'Check In'),
(121, '2017-11-13 21:30:00', 26, 'Check Out'),
(121, '2017-11-26 18:12:29', 4, 'Check In'),
(121, '2017-11-26 21:00:00', 4, 'Check Out'),
(121, '2017-12-10 19:20:50', 4, 'Check In'),
(122, '2016-08-21 06:09:59', 1, ''),
(122, '2016-08-21 08:49:59', 1, ''),
(122, '2016-08-27 17:29:30', 7, ''),
(122, '2016-09-04 18:41:53', 4, ''),
(122, '2016-09-04 21:40:44', 4, ''),
(122, '2016-09-06 17:49:16', 5, ''),
(122, '2016-09-17 18:18:39', 8, ''),
(122, '2016-09-17 21:01:19', 8, ''),
(122, '2016-09-18 17:54:21', 4, ''),
(122, '2016-09-18 21:01:18', 4, ''),
(122, '2016-10-02 18:53:51', 4, ''),
(122, '2016-10-02 21:13:45', 4, ''),
(122, '2016-10-16 17:47:34', 4, ''),
(122, '2016-10-16 21:04:09', 4, ''),
(122, '2016-10-22 17:51:43', 14, ''),
(122, '2016-10-30 18:19:36', 3, ''),
(122, '2016-10-30 18:28:11', 4, ''),
(122, '2016-10-30 21:22:12', 4, ''),
(122, '2016-11-27 09:39:20', 1, ''),
(122, '2016-11-27 09:39:52', 2, ''),
(122, '2016-11-27 12:46:34', 2, ''),
(122, '2017-01-15 21:06:10', 4, ''),
(122, '2017-02-12 21:21:50', 4, ''),
(122, '2017-02-25 16:42:24', 8, ''),
(122, '2017-02-25 21:42:45', 8, ''),
(122, '2017-02-26 18:14:55', 4, ''),
(122, '2017-02-26 20:58:31', 4, ''),
(122, '2017-06-03 18:32:19', 8, ''),
(122, '2017-07-01 18:46:42', 8, 'Check In'),
(122, '2017-07-01 21:00:00', 8, 'Check Out'),
(122, '2017-07-15 18:24:28', 8, 'Check In'),
(122, '2017-07-15 18:24:35', 8, 'Check Out'),
(122, '2017-07-15 18:24:42', 8, 'Check In'),
(122, '2017-07-15 21:00:00', 8, 'Check Out'),
(122, '2017-07-29 18:38:57', 8, 'Check In'),
(122, '2017-07-29 21:00:00', 8, 'Check Out'),
(122, '2017-10-07 18:21:07', 8, 'Check In'),
(122, '2017-10-07 21:00:00', 8, 'Check Out'),
(122, '2017-10-30 20:37:20', 25, 'Check In'),
(122, '2017-10-30 21:30:00', 25, 'Check Out'),
(122, '2017-11-11 18:49:01', 8, 'Check In'),
(122, '2017-11-11 18:49:11', 8, 'Check Out'),
(122, '2017-11-11 18:50:32', 8, 'Check In'),
(122, '2017-11-11 21:00:00', 8, 'Check Out'),
(122, '2017-11-13 19:40:35', 26, 'Check In'),
(122, '2017-11-13 21:30:00', 26, 'Check Out'),
(122, '2017-11-25 18:27:03', 8, 'Check In'),
(122, '2017-11-25 21:00:00', 8, 'Check Out'),
(123, '2016-08-28 18:33:48', 4, ''),
(123, '2016-08-28 20:55:58', 4, ''),
(123, '2016-08-29 17:43:20', 9, ''),
(123, '2016-09-04 18:38:25', 4, ''),
(123, '2016-09-04 21:10:29', 4, ''),
(123, '2016-09-26 18:10:11', 11, ''),
(123, '2016-10-02 17:53:00', 4, ''),
(123, '2016-10-02 21:12:54', 4, ''),
(123, '2016-10-16 17:45:50', 4, ''),
(123, '2016-10-16 21:03:58', 4, ''),
(123, '2016-10-30 18:03:51', 4, ''),
(123, '2016-10-30 21:22:56', 4, ''),
(123, '2016-11-13 17:43:36', 4, ''),
(123, '2016-11-13 20:57:48', 4, ''),
(123, '2016-12-04 21:16:16', 4, ''),
(123, '2017-01-15 17:54:39', 4, ''),
(123, '2017-01-15 21:05:40', 4, ''),
(123, '2017-01-23 17:57:27', 13, ''),
(123, '2017-02-12 18:01:41', 4, ''),
(123, '2017-02-12 21:00:27', 4, ''),
(123, '2017-02-26 18:25:33', 4, ''),
(123, '2017-02-26 21:00:05', 4, ''),
(123, '2017-06-18 18:30:20', 4, 'Check In'),
(123, '2017-06-18 21:05:13', 4, 'Check Out'),
(123, '2017-07-16 18:04:51', 4, 'Check In'),
(123, '2017-07-16 21:05:25', 4, 'Check Out'),
(123, '2017-07-30 18:25:09', 4, 'Check In'),
(123, '2017-07-30 21:11:45', 4, 'Check Out'),
(123, '2017-10-08 17:58:42', 4, 'Check In'),
(123, '2017-10-08 21:06:37', 4, 'Check Out'),
(123, '2017-12-03 18:23:39', 4, 'Check In'),
(123, '2017-12-03 21:00:00', 4, 'Check Out'),
(124, '2016-08-21 06:20:18', 1, ''),
(124, '2016-08-21 08:33:50', 1, ''),
(124, '2016-08-29 17:22:26', 9, ''),
(124, '2016-08-29 17:50:52', 9, ''),
(124, '2016-09-04 05:43:04', 1, ''),
(124, '2016-09-04 08:56:54', 1, ''),
(124, '2016-10-02 05:52:55', 1, ''),
(124, '2016-10-02 09:53:44', 1, ''),
(124, '2016-10-16 05:50:57', 1, ''),
(124, '2016-10-16 08:52:01', 1, ''),
(124, '2016-11-06 05:42:28', 1, ''),
(124, '2016-11-06 13:10:00', 1, ''),
(124, '2016-11-13 05:50:04', 1, ''),
(124, '2017-01-01 12:43:14', 2, ''),
(124, '2017-01-01 12:43:24', 3, ''),
(124, '2017-01-01 12:43:31', 4, ''),
(124, '2017-01-01 21:28:05', 4, ''),
(124, '2017-01-01 21:28:14', 3, ''),
(124, '2017-01-15 06:08:32', 1, ''),
(124, '2017-01-23 18:48:40', 13, ''),
(124, '2017-01-29 06:16:42', 1, ''),
(124, '2017-02-19 06:10:57', 1, ''),
(124, '2017-02-19 08:54:38', 1, ''),
(124, '2017-02-26 06:07:43', 1, ''),
(124, '2017-02-27 17:43:21', 13, ''),
(124, '2017-06-04 06:22:06', 1, ''),
(124, '2017-06-11 06:38:20', 1, 'Check In'),
(124, '2017-06-11 09:00:00', 1, 'Check Out'),
(124, '2017-07-16 06:23:06', 1, 'Check In'),
(124, '2017-07-16 09:00:00', 1, 'Check Out'),
(124, '2017-10-08 06:19:53', 1, 'Check In'),
(124, '2017-10-08 09:00:00', 1, 'Check Out'),
(124, '2017-10-15 06:37:42', 1, 'Check In'),
(124, '2017-10-15 09:00:00', 1, 'Check Out'),
(124, '2017-10-30 20:39:27', 25, 'Check In'),
(124, '2017-10-30 21:30:00', 25, 'Check Out'),
(124, '2017-11-13 18:48:16', 26, 'Check In'),
(124, '2017-11-13 21:30:00', 26, 'Check Out'),
(124, '2017-11-19 06:15:04', 1, 'Check In'),
(124, '2017-11-19 09:00:00', 1, 'Check Out'),
(125, '2016-08-21 06:25:23', 1, ''),
(125, '2016-08-21 06:25:24', 1, ''),
(125, '2016-08-21 08:31:00', 1, ''),
(125, '2016-08-21 08:31:01', 1, ''),
(126, '2016-08-27 17:00:41', 7, ''),
(126, '2016-09-03 17:47:39', 8, ''),
(126, '2016-09-03 21:34:54', 8, ''),
(126, '2016-09-04 17:01:28', 4, ''),
(126, '2016-09-04 21:40:51', 4, ''),
(126, '2016-09-17 17:35:12', 8, ''),
(126, '2016-09-17 21:01:09', 8, ''),
(126, '2016-09-18 18:04:37', 4, ''),
(126, '2016-09-18 21:02:06', 4, ''),
(126, '2016-09-24 17:39:14', 8, ''),
(126, '2016-09-24 21:07:08', 8, ''),
(126, '2016-10-08 18:16:47', 8, ''),
(126, '2016-10-08 21:09:58', 8, ''),
(126, '2016-10-16 18:21:55', 4, ''),
(126, '2016-10-16 21:06:17', 4, ''),
(126, '2016-10-22 17:17:15', 14, ''),
(126, '2016-10-30 17:58:46', 4, ''),
(126, '2016-10-30 21:25:22', 4, ''),
(126, '2016-11-05 17:57:39', 8, ''),
(126, '2016-11-05 21:24:39', 8, ''),
(126, '2016-11-13 17:42:31', 4, ''),
(126, '2016-11-13 20:58:04', 4, ''),
(126, '2016-11-19 17:42:27', 8, ''),
(126, '2016-11-19 21:02:33', 8, ''),
(126, '2016-11-26 18:43:40', 8, ''),
(126, '2016-11-26 21:05:22', 8, ''),
(126, '2016-12-03 18:30:22', 8, ''),
(126, '2016-12-17 18:02:19', 8, ''),
(126, '2016-12-17 21:14:46', 8, ''),
(126, '2017-01-07 18:22:33', 8, ''),
(126, '2017-01-07 20:57:32', 8, ''),
(126, '2017-01-15 19:01:20', 4, ''),
(126, '2017-01-15 21:07:47', 4, ''),
(126, '2017-01-21 18:28:09', 8, ''),
(126, '2017-01-21 21:13:43', 8, ''),
(126, '2017-01-23 18:10:36', 13, ''),
(126, '2017-01-29 18:40:05', 3, ''),
(126, '2017-01-29 20:56:36', 4, ''),
(126, '2017-02-04 18:08:05', 8, ''),
(126, '2017-02-04 21:03:12', 8, ''),
(126, '2017-02-12 18:42:08', 4, ''),
(126, '2017-02-18 18:37:31', 8, ''),
(126, '2017-02-25 16:35:17', 8, ''),
(126, '2017-02-25 21:41:55', 8, ''),
(126, '2017-02-26 18:28:43', 4, ''),
(126, '2017-02-26 21:01:41', 4, ''),
(126, '2017-02-27 18:22:11', 13, ''),
(126, '2017-03-04 18:00:03', 8, ''),
(126, '2017-03-04 21:32:25', 8, ''),
(126, '2017-06-12 21:00:00', 21, 'Check Out'),
(126, '2017-06-12 21:15:27', 21, 'Check In'),
(126, '2017-06-24 19:53:45', 8, 'Check In'),
(126, '2017-06-24 21:00:00', 8, 'Check Out'),
(126, '2017-07-17 19:46:04', 24, 'Check In'),
(126, '2017-07-17 21:00:00', 24, 'Check Out'),
(126, '2017-07-22 18:32:56', 8, 'Check In'),
(126, '2017-07-22 18:33:04', 8, 'Check Out'),
(126, '2017-08-05 18:34:30', 8, 'Check In'),
(126, '2017-08-05 18:34:37', 8, 'Check Out'),
(126, '2017-10-14 21:14:02', 8, 'Check In'),
(126, '2017-10-14 21:14:29', 8, 'Check Out'),
(126, '2017-11-04 18:23:41', 8, 'Check In'),
(126, '2017-11-04 18:23:48', 8, 'Check Out'),
(126, '2017-11-04 18:24:09', 8, 'Check In'),
(126, '2017-11-04 18:30:53', 8, 'Check Out'),
(126, '2017-11-18 18:38:18', 8, 'Check In'),
(126, '2017-11-18 21:00:00', 8, 'Check Out'),
(127, '2016-08-27 17:01:23', 7, ''),
(127, '2016-09-03 17:47:49', 8, ''),
(127, '2016-09-03 21:35:13', 8, ''),
(127, '2016-09-04 17:01:58', 4, ''),
(127, '2016-09-04 21:41:02', 4, ''),
(127, '2016-09-17 17:35:29', 8, ''),
(127, '2016-09-17 21:00:49', 8, ''),
(127, '2016-09-18 18:04:32', 4, ''),
(127, '2016-09-18 21:02:21', 4, ''),
(127, '2016-09-24 17:39:04', 8, ''),
(127, '2016-09-24 21:06:28', 8, ''),
(127, '2016-09-26 18:15:58', 11, ''),
(127, '2016-10-08 18:15:59', 8, ''),
(127, '2016-10-08 21:09:46', 8, ''),
(127, '2016-10-16 18:22:08', 4, ''),
(127, '2016-10-16 21:06:11', 4, ''),
(127, '2016-10-22 17:17:50', 14, ''),
(127, '2016-10-30 17:55:05', 4, ''),
(127, '2016-10-30 21:25:15', 4, ''),
(127, '2016-11-05 17:57:45', 8, ''),
(127, '2016-11-05 21:24:52', 8, ''),
(127, '2016-11-13 17:42:39', 4, ''),
(127, '2016-11-13 20:58:00', 4, ''),
(127, '2016-11-19 17:42:32', 8, ''),
(127, '2016-11-19 21:02:37', 8, ''),
(127, '2016-11-26 18:44:01', 8, ''),
(127, '2016-11-26 21:05:15', 8, ''),
(127, '2016-12-03 18:31:41', 8, ''),
(127, '2016-12-03 22:11:31', 8, ''),
(127, '2016-12-17 18:02:43', 8, ''),
(127, '2016-12-17 21:15:00', 8, ''),
(127, '2017-01-15 19:01:23', 4, ''),
(127, '2017-01-15 21:08:20', 4, ''),
(127, '2017-01-21 18:28:22', 8, ''),
(127, '2017-01-21 21:13:50', 8, ''),
(127, '2017-01-23 18:11:44', 13, ''),
(127, '2017-01-29 18:37:37', 3, ''),
(127, '2017-01-29 20:56:49', 4, ''),
(127, '2017-02-04 18:07:58', 8, ''),
(127, '2017-02-04 21:03:21', 8, ''),
(127, '2017-02-12 18:42:14', 4, ''),
(127, '2017-02-18 18:37:36', 8, ''),
(127, '2017-02-25 16:35:31', 8, ''),
(127, '2017-02-25 21:41:58', 8, ''),
(127, '2017-02-26 18:28:49', 4, ''),
(127, '2017-02-26 21:01:44', 4, ''),
(127, '2017-02-27 18:22:07', 13, ''),
(127, '2017-03-04 19:14:57', 8, ''),
(127, '2017-03-04 21:31:35', 8, ''),
(127, '2017-06-24 19:54:25', 8, 'Check In'),
(127, '2017-06-24 19:54:30', 8, 'Check Out'),
(127, '2017-06-24 19:54:35', 8, 'Check In'),
(127, '2017-06-24 21:00:00', 8, 'Check Out'),
(127, '2017-07-17 19:47:51', 24, 'Check In'),
(127, '2017-07-17 21:00:00', 24, 'Check Out'),
(127, '2017-08-05 18:35:09', 8, 'Check In'),
(127, '2017-08-05 18:35:15', 8, 'Check Out'),
(127, '2017-08-05 18:35:20', 8, 'Check In'),
(127, '2017-08-05 21:00:00', 8, 'Check Out'),
(128, '2016-08-21 06:39:48', 1, ''),
(128, '2016-08-21 10:28:41', 1, ''),
(128, '2016-08-27 16:33:53', 7, ''),
(128, '2016-09-04 16:17:18', 4, ''),
(128, '2016-09-04 21:03:26', 4, ''),
(128, '2016-09-18 17:46:43', 4, ''),
(128, '2016-09-18 21:04:42', 4, ''),
(128, '2016-10-02 17:31:01', 4, ''),
(128, '2016-10-02 21:09:42', 4, ''),
(128, '2016-10-16 17:46:54', 4, ''),
(128, '2016-10-16 21:03:53', 4, ''),
(128, '2016-10-22 17:39:23', 14, ''),
(128, '2016-10-30 17:36:36', 4, ''),
(128, '2016-10-30 21:23:14', 4, ''),
(128, '2016-11-13 17:34:44', 4, ''),
(128, '2016-11-13 21:06:32', 4, ''),
(128, '2016-11-27 08:55:53', 2, ''),
(128, '2016-11-27 12:53:34', 2, ''),
(128, '2016-12-11 08:53:10', 2, ''),
(128, '2017-01-01 17:53:46', 4, ''),
(128, '2017-01-01 21:17:29', 4, ''),
(128, '2017-01-29 17:44:34', 4, ''),
(128, '2017-01-29 20:56:22', 4, ''),
(128, '2017-02-12 17:33:53', 4, ''),
(128, '2017-02-12 21:27:02', 4, ''),
(128, '2017-02-25 16:25:31', 8, ''),
(128, '2017-02-25 21:38:33', 8, ''),
(128, '2017-02-26 17:46:05', 4, ''),
(128, '2017-02-26 20:55:15', 4, ''),
(129, '2016-08-21 06:24:55', 1, ''),
(129, '2016-08-21 09:04:20', 1, ''),
(129, '2016-09-04 17:32:16', 4, ''),
(129, '2016-09-04 21:23:45', 4, ''),
(129, '2016-09-25 09:03:43', 2, ''),
(129, '2016-10-02 17:44:49', 4, ''),
(129, '2016-10-02 21:11:24', 4, ''),
(129, '2016-10-16 18:08:18', 4, ''),
(129, '2016-10-16 21:02:58', 4, ''),
(129, '2016-11-06 15:27:50', 3, ''),
(129, '2016-11-06 18:09:25', 3, ''),
(129, '2016-11-13 18:16:40', 3, ''),
(129, '2016-11-13 21:06:11', 4, ''),
(129, '2016-11-27 09:23:10', 1, ''),
(129, '2016-11-27 12:10:37', 2, ''),
(129, '2016-12-11 09:33:19', 2, ''),
(129, '2017-01-15 18:14:56', 4, ''),
(129, '2017-01-15 21:06:41', 4, ''),
(129, '2017-01-22 09:31:07', 1, ''),
(129, '2017-01-22 12:01:02', 2, ''),
(129, '2017-02-05 10:00:12', 1, ''),
(129, '2017-02-26 18:46:26', 4, ''),
(129, '2017-02-26 20:59:29', 4, ''),
(130, '2016-08-21 06:25:15', 1, ''),
(130, '2016-08-21 09:04:34', 1, ''),
(130, '2016-09-04 17:32:22', 4, ''),
(130, '2016-09-04 21:23:40', 4, ''),
(130, '2016-09-18 18:04:49', 4, ''),
(130, '2016-09-18 21:03:49', 4, ''),
(130, '2016-10-02 17:44:56', 4, ''),
(130, '2016-10-02 21:11:20', 4, ''),
(130, '2016-10-16 18:08:27', 4, ''),
(130, '2016-10-16 21:02:49', 4, ''),
(130, '2016-11-06 15:27:58', 3, ''),
(130, '2016-11-06 18:09:12', 3, ''),
(130, '2016-11-13 18:16:49', 3, ''),
(130, '2016-11-13 21:06:28', 4, ''),
(130, '2016-11-27 09:23:16', 1, ''),
(130, '2016-11-27 12:10:43', 2, ''),
(130, '2016-12-11 09:33:27', 2, ''),
(131, '2016-08-29 18:58:08', 9, ''),
(131, '2016-09-03 21:34:48', 8, ''),
(131, '2016-09-04 17:01:47', 4, ''),
(131, '2016-09-04 21:41:16', 4, ''),
(131, '2016-09-17 17:35:02', 8, ''),
(131, '2016-09-17 21:00:58', 8, ''),
(131, '2016-09-18 18:04:06', 4, ''),
(131, '2016-09-18 21:02:11', 4, ''),
(131, '2016-09-24 17:39:01', 8, ''),
(131, '2016-09-24 21:07:24', 8, ''),
(131, '2016-09-26 18:15:49', 11, ''),
(131, '2016-10-02 17:59:33', 4, ''),
(131, '2016-10-02 21:08:18', 4, ''),
(131, '2016-10-08 18:15:03', 8, ''),
(131, '2016-10-08 21:14:04', 8, ''),
(131, '2016-10-16 18:21:50', 4, ''),
(131, '2016-10-16 21:03:18', 4, ''),
(131, '2016-10-22 17:10:53', 14, ''),
(131, '2016-10-30 17:55:01', 4, ''),
(131, '2016-10-30 21:22:33', 4, ''),
(131, '2016-11-05 17:57:31', 8, ''),
(131, '2016-11-05 21:25:41', 8, ''),
(131, '2016-11-13 17:42:24', 4, ''),
(131, '2016-11-13 20:57:45', 4, ''),
(131, '2016-11-19 17:42:11', 8, ''),
(131, '2016-11-19 21:02:19', 8, ''),
(131, '2016-11-26 18:43:51', 8, ''),
(131, '2016-11-26 21:05:34', 8, ''),
(131, '2016-12-03 17:57:19', 8, ''),
(131, '2016-12-04 15:23:47', 3, ''),
(131, '2016-12-17 17:58:20', 8, ''),
(131, '2016-12-17 20:59:12', 8, ''),
(131, '2017-01-07 18:22:28', 8, ''),
(131, '2017-01-07 20:55:54', 8, ''),
(131, '2017-01-15 18:07:11', 4, ''),
(131, '2017-01-15 21:07:32', 4, ''),
(131, '2017-01-21 18:28:03', 8, ''),
(131, '2017-01-21 21:13:10', 8, ''),
(131, '2017-01-23 18:10:41', 13, ''),
(131, '2017-02-04 18:08:17', 8, ''),
(131, '2017-02-04 21:03:30', 8, ''),
(131, '2017-02-11 18:30:11', 8, ''),
(131, '2017-02-11 21:46:12', 8, ''),
(131, '2017-02-12 18:20:44', 4, ''),
(131, '2017-02-12 21:29:05', 4, ''),
(131, '2017-02-25 16:22:17', 8, ''),
(131, '2017-02-25 21:52:05', 8, ''),
(131, '2017-02-26 18:25:43', 4, ''),
(131, '2017-02-26 20:59:25', 4, ''),
(131, '2017-02-27 18:22:18', 13, ''),
(131, '2017-03-04 17:59:54', 8, ''),
(131, '2017-03-04 21:33:12', 8, ''),
(131, '2017-07-01 18:46:30', 8, 'Check In'),
(131, '2017-07-01 21:31:02', 8, 'Check Out'),
(131, '2017-07-17 18:31:21', 24, 'Check In'),
(131, '2017-07-17 21:00:00', 24, 'Check Out'),
(131, '2017-10-08 16:05:57', 3, 'Check In'),
(131, '2017-10-08 18:00:00', 3, 'Check Out'),
(131, '2017-10-30 18:47:28', 25, 'Check In'),
(131, '2017-10-30 21:30:00', 25, 'Check Out'),
(131, '2017-11-19 15:52:58', 3, 'Check In'),
(131, '2017-11-19 18:00:00', 3, 'Check Out'),
(141, '2016-08-14 06:58:37', 1, ''),
(141, '2016-08-14 09:11:29', 1, ''),
(141, '2016-08-29 18:25:08', 9, ''),
(141, '2016-09-11 17:24:36', 3, ''),
(141, '2016-09-11 17:24:55', 4, ''),
(141, '2016-09-11 21:44:29', 4, ''),
(141, '2016-09-25 17:58:06', 4, ''),
(141, '2016-10-09 17:48:27', 4, ''),
(141, '2016-10-16 09:22:22', 2, ''),
(141, '2016-10-22 17:10:35', 14, ''),
(141, '2016-10-23 17:37:45', 4, ''),
(141, '2016-10-23 21:09:57', 4, ''),
(141, '2016-10-25 17:05:19', 16, ''),
(141, '2016-11-06 17:31:53', 4, ''),
(141, '2016-11-06 20:57:42', 4, ''),
(141, '2016-11-20 16:30:28', 4, ''),
(141, '2016-12-18 08:41:21', 2, ''),
(141, '2017-01-01 14:50:11', 3, ''),
(141, '2017-01-01 17:34:37', 3, ''),
(141, '2017-01-01 17:35:14', 4, ''),
(141, '2017-01-01 21:17:14', 4, ''),
(141, '2017-01-08 16:22:13', 4, ''),
(141, '2017-01-08 21:01:54', 4, ''),
(141, '2017-01-22 17:43:24', 4, ''),
(141, '2017-01-22 21:07:56', 4, ''),
(141, '2017-02-05 18:01:26', 3, ''),
(141, '2017-02-05 18:01:38', 4, ''),
(141, '2017-02-05 21:06:28', 4, ''),
(141, '2017-02-19 16:56:43', 4, ''),
(141, '2017-02-19 21:37:15', 3, ''),
(141, '2017-02-27 18:40:35', 13, ''),
(141, '2017-03-05 06:22:40', 1, ''),
(141, '2017-03-05 16:54:01', 1, ''),
(141, '2017-06-11 06:34:51', 1, 'Check In'),
(141, '2017-06-11 06:35:03', 1, 'Check Out'),
(141, '2017-06-11 06:35:38', 1, 'Check In'),
(141, '2017-06-11 09:00:00', 1, 'Check Out'),
(141, '2017-06-12 19:56:53', 21, 'Check In'),
(141, '2017-06-12 21:00:00', 21, 'Check Out'),
(141, '2017-06-17 15:22:33', 17, 'Check In'),
(141, '2017-06-17 18:01:00', 17, 'Check Out'),
(141, '2017-06-25 06:27:08', 1, 'Check In'),
(141, '2017-06-25 09:00:00', 1, 'Check Out'),
(141, '2017-07-08 15:10:44', 17, 'Check In'),
(141, '2017-07-08 18:01:00', 17, 'Check Out'),
(141, '2017-07-17 19:21:26', 24, 'Check In'),
(141, '2017-07-17 21:00:00', 24, 'Check Out'),
(141, '2017-07-23 06:41:51', 1, 'Check In'),
(141, '2017-07-23 09:00:00', 1, 'Check Out'),
(141, '2017-08-06 06:23:26', 1, 'Check In'),
(141, '2017-08-06 09:00:00', 1, 'Check Out'),
(141, '2017-10-01 06:44:12', 1, 'Check In'),
(141, '2017-10-01 09:00:00', 1, 'Check Out'),
(141, '2017-10-15 06:25:49', 1, 'Check In'),
(141, '2017-10-15 09:00:00', 1, 'Check Out'),
(141, '2017-10-22 15:27:27', 3, 'Check In'),
(141, '2017-10-22 18:00:00', 3, 'Check Out'),
(141, '2017-10-29 15:24:28', 3, 'Check In'),
(141, '2017-10-29 18:00:00', 3, 'Check Out'),
(141, '2017-11-05 15:45:11', 3, 'Check In'),
(141, '2017-11-05 18:00:00', 3, 'Check Out'),
(141, '2017-11-12 14:58:55', 3, 'Check In'),
(141, '2017-11-12 18:00:00', 3, 'Check Out'),
(141, '2017-11-13 18:48:19', 26, 'Check In'),
(141, '2017-11-13 21:30:00', 26, 'Check Out'),
(141, '2017-11-20 18:58:06', 27, 'Check In'),
(141, '2017-11-20 21:30:00', 27, 'Check Out'),
(141, '2017-11-26 15:23:50', 3, 'Check In'),
(141, '2017-11-26 18:00:00', 3, 'Check Out'),
(142, '0000-00-00 00:00:00', 12, 'Check In'),
(142, '2016-08-14 06:55:15', 1, ''),
(142, '2016-08-14 09:11:46', 1, ''),
(142, '2016-08-27 16:20:42', 7, ''),
(142, '2016-08-28 06:03:36', 1, ''),
(142, '2016-08-28 08:46:10', 1, ''),
(142, '2016-08-29 18:35:17', 9, ''),
(142, '2016-09-11 17:18:26', 4, ''),
(142, '2016-09-11 21:44:33', 4, ''),
(142, '2016-09-25 16:55:31', 4, ''),
(142, '2016-09-25 21:06:29', 4, ''),
(142, '2016-10-09 17:56:04', 4, ''),
(142, '2016-10-22 17:44:53', 14, ''),
(142, '2016-10-23 17:37:29', 4, ''),
(142, '2016-10-23 21:09:49', 4, ''),
(142, '2016-10-24 19:39:40', 15, ''),
(142, '2016-10-25 16:46:34', 16, ''),
(142, '2016-11-06 17:07:59', 4, ''),
(142, '2016-11-06 20:57:27', 4, ''),
(142, '2016-11-20 16:58:16', 4, ''),
(142, '2016-11-20 20:59:49', 4, ''),
(142, '2016-11-27 08:58:07', 2, ''),
(142, '2016-11-27 12:16:35', 2, ''),
(142, '2016-12-04 06:02:10', 1, ''),
(142, '2016-12-04 14:12:02', 2, ''),
(142, '2016-12-11 07:15:48', 2, ''),
(142, '2016-12-11 13:25:05', 2, ''),
(142, '2016-12-18 08:22:18', 2, ''),
(142, '2016-12-18 19:47:50', 2, ''),
(142, '2017-01-01 15:07:37', 3, ''),
(142, '2017-01-01 19:56:53', 3, ''),
(142, '2017-01-08 18:51:15', 4, ''),
(142, '2017-01-08 21:08:25', 4, ''),
(142, '2017-01-22 17:40:29', 4, ''),
(142, '2017-01-22 21:07:22', 4, ''),
(142, '2017-01-23 19:05:11', 13, ''),
(142, '2017-01-29 17:45:51', 4, ''),
(142, '2017-01-29 20:57:37', 4, ''),
(142, '2017-02-05 15:35:29', 4, ''),
(142, '2017-02-05 21:19:29', 4, ''),
(142, '2017-02-19 17:54:20', 4, ''),
(142, '2017-02-19 21:37:38', 3, ''),
(142, '2017-02-27 18:08:58', 13, ''),
(142, '2017-06-04 18:16:21', 4, ''),
(142, '2017-06-12 19:02:49', 21, 'Check In'),
(142, '2017-06-12 21:00:00', 21, 'Check Out'),
(142, '2017-06-18 08:44:28', 2, 'Check In'),
(142, '2017-06-18 11:21:44', 2, 'Check In'),
(142, '2017-06-18 11:22:04', 2, 'Check Out'),
(142, '2017-06-18 12:00:00', 2, 'Check Out'),
(142, '2017-06-18 12:42:05', 12, 'Check In'),
(142, '2017-06-18 15:00:00', 12, 'Check Out'),
(142, '2017-06-18 18:11:51', 4, 'Check In'),
(142, '2017-06-18 21:00:00', 4, 'Check Out'),
(142, '2017-06-25 11:21:12', 12, 'Check In'),
(142, '2017-06-25 15:00:00', 12, 'Check Out'),
(142, '2017-06-25 19:07:56', 4, 'Check In'),
(142, '2017-06-25 20:04:52', 4, 'Check Out'),
(142, '2017-07-02 18:50:54', 4, 'Check In'),
(142, '2017-07-02 21:16:49', 4, 'Check Out'),
(142, '2017-07-09 15:00:00', 12, 'Check Out'),
(142, '2017-07-16 12:50:38', 12, 'Check In'),
(142, '2017-07-16 15:00:00', 12, 'Check Out'),
(142, '2017-07-16 18:39:37', 4, 'Check In'),
(142, '2017-07-16 21:00:00', 4, 'Check Out'),
(142, '2017-07-17 18:50:12', 24, 'Check In'),
(142, '2017-07-17 21:00:00', 24, 'Check Out'),
(142, '2017-07-23 12:04:36', 12, 'Check In'),
(142, '2017-07-23 15:00:00', 12, 'Check Out'),
(142, '2017-07-30 17:47:26', 4, 'Check In'),
(142, '2017-07-30 21:00:00', 4, 'Check Out'),
(142, '2017-08-11 18:22:46', 10, 'Check In'),
(142, '2017-08-12 06:26:49', 10, 'Check Out'),
(142, '2017-11-05 18:24:20', 4, 'Check In'),
(142, '2017-11-05 21:00:00', 4, 'Check Out'),
(142, '2017-11-13 18:59:45', 26, 'Check In'),
(142, '2017-11-13 21:30:00', 26, 'Check Out'),
(142, '2017-12-03 17:49:08', 4, 'Check In'),
(142, '2017-12-03 21:00:00', 4, 'Check Out'),
(143, '2016-08-14 09:09:00', 2, ''),
(143, '2016-08-14 11:02:00', 2, ''),
(143, '2016-08-28 08:56:38', 2, ''),
(143, '2016-08-28 11:33:54', 2, ''),
(143, '2016-08-29 18:43:00', 9, ''),
(143, '2016-09-11 06:05:36', 1, ''),
(143, '2016-09-11 08:45:13', 1, ''),
(143, '2016-09-25 06:01:36', 1, ''),
(143, '2016-09-25 08:35:46', 1, ''),
(143, '2016-10-23 08:48:06', 1, ''),
(143, '2016-10-24 19:38:05', 15, ''),
(143, '2016-10-25 16:45:53', 16, ''),
(143, '2016-11-06 06:08:35', 1, ''),
(143, '2016-11-06 08:44:47', 2, ''),
(143, '2016-11-06 08:48:05', 1, ''),
(143, '2016-11-20 06:42:08', 1, ''),
(143, '2016-11-20 08:35:36', 1, ''),
(143, '2016-12-04 15:35:51', 3, ''),
(143, '2016-12-04 17:14:26', 3, ''),
(143, '2016-12-18 15:32:08', 3, ''),
(143, '2016-12-18 17:36:41', 3, ''),
(143, '2017-01-01 11:23:57', 2, ''),
(143, '2017-01-22 06:44:44', 1, ''),
(143, '2017-01-22 08:45:32', 1, ''),
(143, '2017-02-05 06:59:23', 1, ''),
(143, '2017-02-19 06:51:49', 1, ''),
(143, '2017-02-27 17:46:53', 13, ''),
(143, '2017-03-05 06:49:48', 1, ''),
(143, '2017-03-05 08:53:50', 2, ''),
(143, '2017-07-17 19:16:07', 24, 'Check In'),
(143, '2017-07-17 21:00:00', 24, 'Check Out'),
(143, '2017-10-22 12:23:09', 12, 'Check In'),
(143, '2017-10-22 15:00:00', 12, 'Check Out'),
(143, '2017-10-29 13:28:56', 12, 'Check In'),
(143, '2017-10-29 15:00:00', 12, 'Check Out'),
(143, '2017-10-30 21:01:20', 25, 'Check In'),
(143, '2017-10-30 21:30:00', 25, 'Check Out'),
(143, '2017-11-05 12:48:47', 12, 'Check In'),
(143, '2017-11-05 15:00:00', 12, 'Check Out'),
(143, '2017-11-12 12:28:37', 12, 'Check In'),
(143, '2017-11-12 15:00:00', 12, 'Check Out'),
(143, '2017-11-20 20:39:19', 27, 'Check In'),
(143, '2017-11-20 21:30:00', 27, 'Check Out'),
(143, '2017-11-25 15:07:02', 17, 'Check In'),
(143, '2017-11-25 18:01:00', 17, 'Check Out'),
(143, '2017-11-26 12:06:02', 12, 'Check In'),
(143, '2017-11-26 15:00:00', 12, 'Check Out'),
(144, '2016-08-14 06:56:00', 1, ''),
(144, '2016-08-14 09:10:00', 1, ''),
(144, '2016-08-28 06:23:07', 1, ''),
(144, '2016-08-28 08:46:26', 1, ''),
(144, '2016-09-11 18:44:54', 4, ''),
(144, '2016-09-11 21:43:14', 4, ''),
(144, '2016-09-25 17:43:20', 4, ''),
(144, '2016-09-25 21:06:46', 4, ''),
(144, '2016-10-22 17:51:33', 14, ''),
(144, '2016-10-23 17:40:49', 4, ''),
(144, '2016-10-23 21:24:14', 4, ''),
(144, '2016-11-06 17:45:15', 4, ''),
(144, '2016-11-06 20:56:50', 4, ''),
(144, '2016-11-20 18:32:08', 4, ''),
(144, '2016-11-20 21:03:41', 4, ''),
(144, '2016-12-04 09:39:01', 2, ''),
(144, '2016-12-18 09:16:06', 2, ''),
(144, '2016-12-18 13:54:23', 2, ''),
(144, '2017-01-08 18:38:47', 4, ''),
(144, '2017-01-08 21:02:04', 4, ''),
(144, '2017-01-23 19:05:23', 13, ''),
(144, '2017-02-05 17:44:21', 4, ''),
(144, '2017-02-05 21:09:01', 4, ''),
(144, '2017-02-19 16:13:29', 4, ''),
(144, '2017-02-19 21:31:21', 3, ''),
(144, '2017-06-11 18:15:02', 4, 'Check In'),
(144, '2017-06-11 18:15:23', 4, 'Check Out'),
(144, '2017-06-12 19:53:23', 21, 'Check In'),
(144, '2017-06-12 19:53:27', 21, 'Check Out'),
(144, '2017-07-09 18:25:32', 4, 'Check In'),
(144, '2017-07-09 18:25:39', 4, 'Check Out'),
(144, '2017-07-23 18:28:27', 4, 'Check In'),
(144, '2017-07-23 21:00:00', 4, 'Check Out'),
(144, '2017-08-06 18:11:59', 4, 'Check In'),
(144, '2017-08-06 18:12:01', 4, 'Check Out'),
(144, '2017-08-06 18:12:09', 4, 'Check In'),
(144, '2017-08-06 21:00:00', 4, 'Check Out');
INSERT INTO `ihub_absence` (`idOpr`, `tglabsence`, `ibadah`, `keterangan`) VALUES
(144, '2017-10-01 19:03:19', 4, 'Check In'),
(144, '2017-10-01 21:00:00', 4, 'Check Out'),
(144, '2017-10-15 17:53:42', 4, 'Check In'),
(144, '2017-10-15 21:00:00', 4, 'Check Out'),
(144, '2017-10-22 15:09:43', 3, 'Check In'),
(144, '2017-10-22 18:00:00', 3, 'Check Out'),
(144, '2017-10-29 15:20:27', 3, 'Check In'),
(144, '2017-10-29 18:00:00', 3, 'Check Out'),
(144, '2017-10-30 18:57:13', 25, 'Check In'),
(144, '2017-10-30 21:30:00', 25, 'Check Out'),
(144, '2017-11-12 15:11:25', 3, 'Check In'),
(144, '2017-11-12 18:00:00', 3, 'Check Out'),
(144, '2017-11-20 19:30:34', 27, 'Check In'),
(144, '2017-11-20 21:30:00', 27, 'Check Out'),
(145, '2016-08-14 07:07:09', 1, ''),
(145, '2016-08-14 09:07:08', 1, ''),
(145, '2016-08-28 06:18:01', 1, ''),
(145, '2016-08-28 08:47:35', 1, ''),
(145, '2016-08-29 19:40:07', 9, ''),
(145, '2016-09-11 18:44:02', 4, ''),
(145, '2016-09-11 21:43:46', 4, ''),
(145, '2016-09-25 18:04:10', 3, ''),
(145, '2016-10-23 18:53:31', 4, ''),
(145, '2016-10-23 20:12:21', 4, ''),
(145, '2016-11-20 18:52:04', 4, ''),
(145, '2016-12-04 09:39:47', 2, ''),
(145, '2016-12-18 09:41:07', 2, ''),
(145, '2016-12-18 13:54:49', 2, ''),
(145, '2017-01-01 15:43:24', 3, ''),
(145, '2017-01-01 18:09:49', 4, ''),
(145, '2017-01-01 18:10:23', 3, ''),
(145, '2017-01-08 18:22:51', 3, ''),
(145, '2017-01-08 21:01:28', 4, ''),
(145, '2017-02-05 18:50:30', 4, ''),
(145, '2017-02-19 18:37:14', 4, ''),
(145, '2017-06-11 19:02:51', 4, 'Check In'),
(145, '2017-06-11 21:00:00', 4, 'Check Out'),
(145, '2017-06-25 18:45:15', 4, 'Check In'),
(145, '2017-06-25 21:00:00', 4, 'Check Out'),
(145, '2017-07-09 18:55:51', 4, 'Check In'),
(145, '2017-07-09 21:00:00', 4, 'Check Out'),
(145, '2017-07-23 18:48:25', 4, 'Check In'),
(145, '2017-07-23 21:00:00', 4, 'Check Out'),
(145, '2017-08-06 18:30:34', 4, 'Check In'),
(145, '2017-08-06 18:30:44', 4, 'Check Out'),
(145, '2017-10-01 19:08:30', 4, 'Check In'),
(145, '2017-10-01 21:00:00', 4, 'Check Out'),
(145, '2017-10-15 18:52:37', 4, 'Check In'),
(145, '2017-10-15 21:00:00', 4, 'Check Out'),
(145, '2017-11-12 18:55:42', 4, 'Check In'),
(145, '2017-11-12 21:00:00', 4, 'Check Out'),
(145, '2017-11-20 19:24:40', 27, 'Check In'),
(145, '2017-11-20 21:30:00', 27, 'Check Out'),
(145, '2017-12-10 18:57:25', 4, 'Check In'),
(146, '0000-00-00 00:00:00', 4, 'Check In'),
(146, '2016-08-14 06:56:00', 1, ''),
(146, '2016-08-14 09:10:00', 1, ''),
(146, '2016-08-28 06:17:42', 1, ''),
(146, '2016-08-28 08:46:33', 1, ''),
(146, '2016-08-29 19:37:29', 9, ''),
(146, '2016-09-11 18:31:34', 4, ''),
(146, '2016-10-09 18:21:25', 4, ''),
(146, '2016-10-23 17:53:38', 3, ''),
(146, '2016-10-23 20:03:18', 4, ''),
(146, '2016-11-06 18:30:56', 3, ''),
(146, '2016-11-06 20:56:11', 4, ''),
(146, '2016-11-20 18:47:49', 4, ''),
(146, '2016-11-20 20:59:26', 4, ''),
(146, '2016-12-04 09:38:36', 2, ''),
(146, '2016-12-04 14:10:36', 2, ''),
(146, '2016-12-18 09:36:24', 2, ''),
(146, '2017-01-08 18:30:10', 3, ''),
(146, '2017-01-08 18:30:43', 4, ''),
(146, '2017-01-08 21:01:47', 4, ''),
(146, '2017-01-23 18:39:27', 13, ''),
(146, '2017-02-05 18:45:27', 4, ''),
(146, '2017-02-05 21:06:39', 4, ''),
(146, '2017-02-19 18:28:33', 4, ''),
(146, '2017-02-25 16:42:32', 8, ''),
(146, '2017-06-11 18:38:17', 4, 'Check In'),
(146, '2017-06-11 18:46:06', 4, 'Check Out'),
(146, '2017-06-12 19:58:44', 21, 'Check In'),
(146, '2017-06-12 21:00:00', 21, 'Check Out'),
(146, '2017-06-18 15:10:42', 3, 'Check In'),
(146, '2017-06-18 18:00:00', 3, 'Check Out'),
(146, '2017-07-02 18:52:37', 4, 'Check In'),
(146, '2017-07-02 21:00:00', 4, 'Check Out'),
(146, '2017-07-17 19:19:44', 24, 'Check In'),
(146, '2017-07-17 21:00:00', 24, 'Check Out'),
(146, '2017-07-23 18:20:14', 4, 'Check In'),
(146, '2017-07-23 21:00:00', 4, 'Check Out'),
(146, '2017-10-01 18:20:28', 4, 'Check In'),
(146, '2017-10-01 21:00:00', 4, 'Check Out'),
(146, '2017-10-15 17:50:55', 4, 'Check In'),
(146, '2017-10-15 21:00:00', 4, 'Check Out'),
(146, '2017-10-29 18:28:03', 4, 'Check In'),
(146, '2017-10-29 21:00:00', 4, 'Check Out'),
(146, '2017-10-30 19:10:26', 25, 'Check In'),
(146, '2017-10-30 19:10:31', 25, 'Check Out'),
(146, '2017-11-12 18:21:39', 4, 'Check In'),
(146, '2017-11-12 21:00:00', 4, 'Check Out'),
(146, '2017-11-20 19:39:59', 27, 'Check In'),
(146, '2017-11-20 19:41:01', 27, 'Check Out'),
(146, '2017-11-26 21:00:00', 4, 'Check Out'),
(146, '2017-12-10 17:38:27', 4, 'Check In'),
(147, '0000-00-00 00:00:00', 4, 'Check In'),
(147, '2016-08-27 16:29:19', 7, ''),
(147, '2016-08-27 16:29:28', 7, ''),
(147, '2016-08-27 16:29:29', 7, ''),
(147, '2016-08-28 06:02:07', 1, ''),
(147, '2016-08-28 08:47:50', 1, ''),
(147, '2016-08-29 18:16:55', 9, ''),
(147, '2016-09-03 17:34:43', 8, ''),
(147, '2016-09-11 17:34:08', 4, ''),
(147, '2016-09-11 21:43:38', 4, ''),
(147, '2016-09-17 17:34:49', 8, ''),
(147, '2016-09-17 21:06:38', 8, ''),
(147, '2016-09-25 17:41:14', 4, ''),
(147, '2016-09-25 20:38:35', 4, ''),
(147, '2016-09-26 17:48:39', 11, ''),
(147, '2016-10-01 17:38:39', 8, ''),
(147, '2016-10-01 21:08:37', 8, ''),
(147, '2016-10-09 18:15:37', 4, ''),
(147, '2016-10-15 18:16:47', 8, ''),
(147, '2016-10-15 21:14:06', 8, ''),
(147, '2016-10-22 17:11:06', 14, ''),
(147, '2016-10-23 17:37:53', 4, ''),
(147, '2016-10-23 21:14:42', 4, ''),
(147, '2016-10-29 18:02:45', 8, ''),
(147, '2016-10-29 21:17:24', 8, ''),
(147, '2016-11-05 17:58:02', 8, ''),
(147, '2016-11-05 21:27:03', 8, ''),
(147, '2016-11-06 17:40:12', 4, ''),
(147, '2016-11-06 20:57:04', 4, ''),
(147, '2016-11-12 18:03:42', 8, ''),
(147, '2016-11-12 21:17:27', 8, ''),
(147, '2016-11-20 18:47:39', 4, ''),
(147, '2016-11-20 20:59:37', 4, ''),
(147, '2016-11-26 18:17:42', 8, ''),
(147, '2016-11-26 21:19:55', 8, ''),
(147, '2016-12-04 08:28:09', 2, ''),
(147, '2016-12-04 14:15:21', 2, ''),
(147, '2016-12-04 15:23:18', 3, ''),
(147, '2016-12-10 18:26:30', 8, ''),
(147, '2016-12-18 09:37:05', 2, ''),
(147, '2017-01-07 18:19:52', 8, ''),
(147, '2017-01-07 20:56:54', 8, ''),
(147, '2017-01-08 18:50:52', 4, ''),
(147, '2017-01-08 21:01:33', 4, ''),
(147, '2017-01-14 18:21:40', 8, ''),
(147, '2017-01-22 18:52:27', 4, ''),
(147, '2017-01-22 21:06:54', 4, ''),
(147, '2017-01-23 18:24:47', 13, ''),
(147, '2017-01-28 18:08:59', 8, ''),
(147, '2017-01-28 21:15:00', 8, ''),
(147, '2017-02-05 18:52:20', 4, ''),
(147, '2017-02-05 21:19:39', 4, ''),
(147, '2017-02-11 18:29:56', 8, ''),
(147, '2017-02-11 21:46:58', 8, ''),
(147, '2017-02-18 18:20:40', 8, ''),
(147, '2017-02-19 17:49:31', 4, ''),
(147, '2017-02-19 21:37:11', 3, ''),
(147, '2017-02-25 16:22:27', 8, ''),
(147, '2017-02-25 21:52:10', 8, ''),
(147, '2017-06-04 13:11:40', 1, ''),
(147, '2017-06-04 13:15:51', 1, ''),
(147, '2017-06-04 13:49:18', 4, ''),
(147, '2017-06-04 13:49:55', 12, ''),
(147, '2017-06-04 18:52:07', 4, ''),
(147, '2017-06-12 19:39:48', 21, 'Check In'),
(147, '2017-06-12 19:39:59', 21, 'Check Out'),
(147, '2017-06-24 18:11:02', 8, 'Check In'),
(147, '2017-06-24 18:22:55', 8, 'Check Out'),
(147, '2017-06-24 18:31:21', 8, 'Check In'),
(147, '2017-06-24 21:00:00', 8, 'Check Out'),
(147, '2017-07-08 15:25:30', 17, 'Check In'),
(147, '2017-07-08 18:10:13', 17, 'Check Out'),
(147, '2017-07-15 18:23:45', 8, 'Check In'),
(147, '2017-07-15 21:00:00', 8, 'Check Out'),
(147, '2017-07-29 18:07:22', 8, 'Check In'),
(147, '2017-07-29 21:00:00', 8, 'Check Out'),
(147, '2017-10-07 18:31:58', 8, 'Check In'),
(147, '2017-10-07 21:00:00', 8, 'Check Out'),
(147, '2017-10-21 17:47:29', 8, 'Check In'),
(147, '2017-10-21 21:00:00', 8, 'Check Out'),
(147, '2017-10-30 18:56:18', 25, 'Check In'),
(147, '2017-10-30 21:30:00', 25, 'Check Out'),
(147, '2017-11-11 18:32:13', 8, 'Check In'),
(147, '2017-11-11 21:00:00', 8, 'Check Out'),
(147, '2017-11-13 17:32:54', 26, 'Check In'),
(147, '2017-11-13 21:30:00', 26, 'Check Out'),
(147, '2017-11-19 18:07:08', 4, 'Check In'),
(147, '2017-11-19 21:00:00', 4, 'Check Out'),
(147, '2017-11-20 18:22:56', 27, 'Check In'),
(147, '2017-11-20 21:30:00', 27, 'Check Out'),
(148, '2016-08-14 06:56:58', 1, ''),
(148, '2016-08-14 09:08:22', 1, ''),
(148, '2016-08-14 09:08:29', 1, ''),
(148, '2016-08-28 06:34:58', 1, ''),
(148, '2016-08-28 08:47:02', 1, ''),
(148, '2016-08-29 19:04:02', 9, ''),
(148, '2016-09-25 17:57:36', 4, ''),
(148, '2016-09-25 21:05:37', 3, ''),
(148, '2016-09-25 21:06:00', 4, ''),
(148, '2016-10-23 20:13:50', 4, ''),
(148, '2016-11-06 20:57:09', 4, ''),
(148, '2016-11-20 18:47:57', 4, ''),
(148, '2016-11-20 19:44:12', 4, ''),
(148, '2016-12-04 16:32:59', 2, ''),
(148, '2017-01-08 18:51:45', 4, ''),
(148, '2017-01-08 21:01:18', 4, ''),
(148, '2017-01-22 18:52:39', 4, ''),
(148, '2017-01-22 21:06:58', 4, ''),
(148, '2017-02-19 21:23:40', 3, ''),
(148, '2017-02-27 18:26:26', 13, ''),
(148, '2017-07-09 18:25:52', 4, 'Check In'),
(148, '2017-07-09 21:00:00', 4, 'Check Out'),
(148, '2017-10-01 18:49:49', 4, 'Check In'),
(148, '2017-10-01 21:00:00', 4, 'Check Out'),
(148, '2017-10-15 18:13:00', 4, 'Check In'),
(148, '2017-10-15 21:00:00', 4, 'Check Out'),
(148, '2017-10-29 18:24:03', 4, 'Check In'),
(148, '2017-10-29 21:00:00', 4, 'Check Out'),
(148, '2017-11-12 18:21:19', 4, 'Check In'),
(148, '2017-11-12 18:21:37', 4, 'Check Out'),
(148, '2017-11-20 19:25:33', 27, 'Check In'),
(148, '2017-11-20 21:30:00', 27, 'Check Out'),
(148, '2017-11-26 18:26:59', 4, 'Check In'),
(148, '2017-11-26 21:00:00', 4, 'Check Out'),
(148, '2017-12-10 18:36:43', 4, 'Check In'),
(149, '2016-08-14 06:56:00', 1, ''),
(149, '2016-08-14 09:10:00', 1, ''),
(149, '2016-08-28 06:29:29', 1, ''),
(149, '2016-08-28 08:09:33', 1, ''),
(149, '2016-08-29 19:33:24', 9, ''),
(149, '2016-09-11 18:43:14', 4, ''),
(149, '2016-09-11 21:42:38', 4, ''),
(149, '2016-10-09 18:43:31', 4, ''),
(149, '2016-10-09 21:02:52', 4, ''),
(149, '2016-10-23 18:39:50', 4, ''),
(149, '2016-10-23 21:15:46', 4, ''),
(149, '2016-11-06 18:43:35', 4, ''),
(149, '2016-11-06 20:55:33', 3, ''),
(149, '2016-11-20 18:46:03', 4, ''),
(149, '2016-11-20 20:59:44', 4, ''),
(149, '2016-12-04 10:05:05', 2, ''),
(149, '2016-12-04 11:00:27', 2, ''),
(149, '2017-01-08 18:49:20', 4, ''),
(149, '2017-01-08 21:00:20', 4, ''),
(149, '2017-01-22 18:48:55', 3, ''),
(149, '2017-01-22 21:06:36', 4, ''),
(149, '2017-02-05 18:57:52', 4, ''),
(149, '2017-02-05 21:05:57', 4, ''),
(149, '2017-02-19 18:51:53', 4, ''),
(149, '2017-02-19 21:22:49', 3, ''),
(149, '2017-02-25 17:47:58', 8, ''),
(149, '2017-06-11 18:37:01', 4, 'Check In'),
(149, '2017-06-11 18:37:37', 4, 'Check Out'),
(149, '2017-07-09 18:54:51', 4, 'Check In'),
(149, '2017-07-09 21:00:00', 4, 'Check Out'),
(149, '2017-07-23 18:47:29', 4, 'Check In'),
(149, '2017-07-23 21:00:00', 4, 'Check Out'),
(149, '2017-10-01 18:43:00', 4, 'Check In'),
(149, '2017-10-01 21:00:00', 4, 'Check Out'),
(149, '2017-10-15 18:42:48', 4, 'Check In'),
(149, '2017-10-15 21:00:00', 4, 'Check Out'),
(149, '2017-10-29 18:36:53', 4, 'Check In'),
(149, '2017-10-29 21:00:00', 4, 'Check Out'),
(149, '2017-11-12 18:58:20', 4, 'Check In'),
(149, '2017-11-12 21:00:00', 4, 'Check Out'),
(149, '2017-11-20 19:20:00', 27, 'Check In'),
(149, '2017-11-20 21:30:00', 27, 'Check Out'),
(149, '2017-11-26 18:38:19', 4, 'Check In'),
(149, '2017-11-26 21:00:00', 4, 'Check Out'),
(149, '2017-12-10 18:19:07', 4, 'Check In'),
(150, '2016-08-14 06:56:45', 1, ''),
(150, '2016-08-14 09:08:51', 1, ''),
(150, '2016-08-27 17:01:45', 7, ''),
(150, '2016-08-28 06:28:20', 1, ''),
(150, '2016-08-28 09:59:46', 1, ''),
(150, '2016-08-29 19:05:08', 9, ''),
(150, '2016-09-11 18:34:54', 4, ''),
(150, '2016-09-11 21:43:07', 4, ''),
(150, '2016-09-25 18:21:12', 3, ''),
(150, '2016-09-25 21:02:24', 4, ''),
(150, '2016-10-09 18:43:06', 4, ''),
(150, '2016-10-09 21:03:40', 4, ''),
(150, '2016-10-15 18:24:17', 8, ''),
(150, '2016-10-15 21:16:38', 8, ''),
(150, '2016-10-22 17:35:56', 14, ''),
(150, '2016-10-23 18:53:38', 4, ''),
(150, '2016-10-23 21:22:21', 4, ''),
(150, '2016-11-06 18:43:04', 4, ''),
(150, '2016-11-06 20:56:32', 4, ''),
(150, '2016-11-19 18:09:41', 8, ''),
(150, '2016-11-19 21:02:24', 8, ''),
(150, '2016-11-20 18:31:32', 4, ''),
(150, '2016-11-20 21:03:46', 4, ''),
(150, '2016-12-04 09:39:24', 2, ''),
(150, '2016-12-04 16:32:43', 2, ''),
(150, '2016-12-18 09:34:22', 2, ''),
(150, '2016-12-18 14:13:02', 2, ''),
(150, '2016-12-31 15:32:52', 8, ''),
(150, '2017-01-08 18:52:40', 4, ''),
(150, '2017-01-08 21:07:22', 4, ''),
(150, '2017-01-14 19:00:14', 8, ''),
(150, '2017-02-05 18:40:50', 4, ''),
(150, '2017-02-19 18:40:30', 4, ''),
(150, '2017-02-19 21:23:29', 3, ''),
(150, '2017-02-25 17:22:58', 8, ''),
(150, '2017-02-25 21:41:15', 8, ''),
(150, '2017-06-18 18:15:19', 4, 'Check In'),
(150, '2017-06-18 21:06:15', 4, 'Check Out'),
(150, '2017-07-02 18:19:37', 4, 'Check In'),
(150, '2017-07-02 21:11:54', 4, 'Check Out'),
(150, '2017-07-16 18:22:39', 4, 'Check In'),
(150, '2017-07-16 21:00:00', 4, 'Check Out'),
(150, '2017-07-17 18:10:36', 24, 'Check In'),
(150, '2017-07-17 21:00:00', 24, 'Check Out'),
(150, '2017-10-08 18:26:05', 4, 'Check In'),
(150, '2017-10-08 21:00:00', 4, 'Check Out'),
(150, '2017-10-22 18:39:33', 4, 'Check In'),
(150, '2017-10-22 21:00:00', 4, 'Check Out'),
(150, '2017-11-05 18:24:01', 4, 'Check In'),
(150, '2017-11-05 21:00:00', 4, 'Check Out'),
(150, '2017-11-13 18:56:16', 26, 'Check In'),
(150, '2017-11-13 21:30:00', 26, 'Check Out'),
(150, '2017-11-20 18:58:57', 27, 'Check In'),
(150, '2017-11-20 21:30:00', 27, 'Check Out'),
(150, '2017-11-26 18:25:25', 4, 'Check In'),
(150, '2017-11-26 21:00:00', 4, 'Check Out'),
(150, '2017-12-03 18:31:44', 4, 'Check In'),
(150, '2017-12-03 21:00:00', 4, 'Check Out'),
(151, '2016-08-14 06:55:54', 1, ''),
(151, '2016-08-14 09:06:31', 1, ''),
(151, '2016-08-14 09:06:40', 1, ''),
(151, '2016-09-11 18:44:14', 4, ''),
(151, '2016-09-11 21:42:42', 4, ''),
(151, '2016-09-25 18:31:52', 3, ''),
(151, '2016-09-25 20:37:53', 4, ''),
(151, '2016-10-09 18:16:36', 4, ''),
(151, '2016-10-25 17:12:03', 16, ''),
(151, '2016-11-06 18:15:58', 3, ''),
(151, '2016-11-06 18:16:25', 4, ''),
(151, '2016-11-06 20:56:39', 4, ''),
(151, '2016-12-04 09:16:20', 2, ''),
(151, '2016-12-04 14:10:23', 2, ''),
(151, '2016-12-18 09:21:09', 2, ''),
(151, '2016-12-18 13:27:08', 2, ''),
(151, '2017-02-05 19:09:44', 4, ''),
(151, '2017-02-05 21:11:29', 4, ''),
(151, '2017-02-19 18:25:46', 4, ''),
(151, '2017-02-19 21:31:26', 3, ''),
(151, '2017-02-25 21:41:52', 8, ''),
(151, '2017-06-11 18:24:11', 4, 'Check In'),
(151, '2017-06-11 21:00:00', 4, 'Check Out'),
(151, '2017-07-09 19:02:24', 4, 'Check In'),
(151, '2017-07-09 21:00:00', 4, 'Check Out'),
(151, '2017-10-15 18:17:48', 4, 'Check In'),
(151, '2017-10-15 21:00:00', 4, 'Check Out'),
(151, '2017-10-29 18:22:48', 4, 'Check In'),
(151, '2017-10-29 21:00:00', 4, 'Check Out'),
(151, '2017-11-12 18:27:54', 4, 'Check In'),
(151, '2017-11-12 21:00:00', 4, 'Check Out'),
(151, '2017-11-26 19:03:02', 4, 'Check In'),
(151, '2017-11-26 21:00:00', 4, 'Check Out'),
(151, '2017-12-10 18:44:52', 4, 'Check In'),
(152, '2016-08-14 06:56:00', 1, ''),
(152, '2016-08-14 09:10:00', 1, ''),
(152, '2016-08-27 17:58:52', 7, ''),
(152, '2016-08-28 06:49:25', 1, ''),
(152, '2016-08-28 08:47:19', 1, ''),
(152, '2016-09-24 18:18:37', 8, ''),
(152, '2016-09-25 16:55:39', 4, ''),
(152, '2016-09-25 21:02:44', 4, ''),
(152, '2016-09-26 18:47:19', 11, ''),
(152, '2016-10-09 18:15:21', 3, ''),
(152, '2016-10-09 18:15:31', 4, ''),
(152, '2016-10-09 20:04:11', 4, ''),
(152, '2016-10-22 17:30:17', 14, ''),
(152, '2016-10-23 18:49:11', 4, ''),
(152, '2016-10-23 20:12:29', 4, ''),
(152, '2016-11-06 11:58:45', 2, ''),
(152, '2016-11-12 18:27:21', 8, ''),
(152, '2016-11-12 20:01:43', 8, ''),
(152, '2016-12-04 09:39:16', 2, ''),
(152, '2017-01-08 18:30:48', 4, ''),
(152, '2017-01-08 21:01:10', 4, ''),
(152, '2017-01-22 21:08:10', 4, ''),
(152, '2017-02-05 21:09:15', 4, ''),
(152, '2017-02-19 18:25:52', 4, ''),
(152, '2017-02-19 21:23:11', 3, ''),
(152, '2017-02-25 17:52:00', 8, ''),
(152, '2017-02-25 21:52:29', 8, ''),
(152, '2017-07-17 18:43:48', 24, 'Check In'),
(152, '2017-07-17 21:00:00', 24, 'Check Out'),
(153, '2016-08-14 07:10:00', 1, ''),
(153, '2016-08-14 09:10:00', 1, ''),
(9001, '0000-00-00 00:00:00', 10, 'Check In'),
(9001, '2016-08-13 21:22:58', 1, ''),
(9001, '2016-08-13 21:29:20', 1, ''),
(9001, '2016-08-18 18:41:25', 1, ''),
(9001, '2016-08-18 18:41:26', 1, ''),
(9001, '2016-08-21 06:34:38', 1, ''),
(9001, '2016-08-21 08:33:00', 2, ''),
(9001, '2016-08-27 16:20:14', 7, ''),
(9001, '2016-08-29 17:14:52', 9, ''),
(9001, '2016-09-04 05:40:13', 1, ''),
(9001, '2016-09-06 17:44:46', 5, ''),
(9001, '2016-09-11 05:57:45', 1, ''),
(9001, '2016-09-11 13:05:49', 2, ''),
(9001, '2016-09-18 05:52:22', 1, ''),
(9001, '2016-09-18 09:05:30', 1, ''),
(9001, '2016-09-26 17:21:08', 11, ''),
(9001, '2016-10-02 09:14:41', 2, ''),
(9001, '2016-10-02 12:04:37', 2, ''),
(9001, '2016-10-07 17:59:52', 10, ''),
(9001, '2016-10-16 06:00:09', 1, ''),
(9001, '2016-10-16 09:22:34', 2, ''),
(9001, '2016-10-22 17:11:53', 14, ''),
(9001, '2016-10-23 21:08:31', 4, ''),
(9001, '2016-10-24 19:38:37', 15, ''),
(9001, '2016-10-25 16:45:37', 16, ''),
(9001, '2016-10-30 07:41:50', 1, ''),
(9001, '2016-12-10 11:39:00', 17, ''),
(9001, '2017-01-01 06:05:04', 1, ''),
(9001, '2017-01-01 09:15:58', 1, ''),
(9001, '2017-01-01 09:23:31', 2, ''),
(9001, '2017-01-08 17:57:31', 4, ''),
(9001, '2017-01-23 17:39:12', 13, ''),
(9001, '2017-01-29 14:31:07', 12, ''),
(9001, '2017-02-27 18:10:09', 13, ''),
(9001, '2017-06-02 20:53:43', 10, ''),
(9001, '2017-06-02 21:10:08', 10, ''),
(9001, '2017-06-02 21:10:26', 10, ''),
(9001, '2017-06-02 22:16:20', 10, ''),
(9001, '2017-06-04 15:15:54', 1, ''),
(9001, '2017-06-09 18:15:06', 10, 'Check In'),
(9001, '2017-06-09 18:15:08', 10, 'Check Out'),
(9001, '2017-06-11 06:28:44', 1, 'Check In'),
(9001, '2017-06-11 06:28:52', 1, 'Check Out'),
(9001, '2017-06-11 09:00:00', 1, 'Check Out'),
(9001, '2017-06-11 11:32:01', 1, 'Check In'),
(9001, '2017-06-12 18:18:27', 21, 'Check In'),
(9001, '2017-06-12 21:00:00', 21, 'Check Out'),
(9001, '2017-06-16 21:00:00', 10, 'Check Out'),
(9001, '2017-07-02 07:13:12', 1, 'Check In'),
(9001, '2017-07-02 07:27:56', 1, 'Check Out'),
(9001, '2017-08-11 18:25:40', 10, 'Check In'),
(9001, '2017-09-30 13:28:02', 10, 'Check Out'),
(9001, '2017-10-08 10:55:34', 2, 'Check In'),
(9001, '2017-10-08 10:55:45', 2, 'Check Out'),
(9001, '2017-10-20 16:13:36', 10, 'Check In'),
(9001, '2017-10-20 16:13:43', 10, 'Check Out'),
(9001, '2017-10-30 20:11:50', 25, 'Check In'),
(9001, '2017-10-30 21:30:00', 25, 'Check Out'),
(9001, '2017-11-12 18:20:21', 4, 'Check In'),
(9001, '2017-11-12 21:00:00', 4, 'Check Out'),
(9002, '2016-08-13 21:23:03', 1, ''),
(9002, '2016-08-27 16:20:21', 7, ''),
(9002, '2016-09-17 17:34:45', 8, ''),
(9002, '2016-09-17 21:16:37', 8, ''),
(9002, '2016-10-01 18:19:48', 8, ''),
(9002, '2016-10-01 21:08:29', 8, ''),
(9002, '2016-10-22 17:41:40', 14, ''),
(9002, '2016-11-12 18:31:50', 8, ''),
(9002, '2016-11-12 21:10:50', 8, ''),
(9002, '2016-12-31 15:21:05', 8, ''),
(9002, '2017-01-01 17:46:27', 4, ''),
(9002, '2017-01-01 19:58:47', 4, ''),
(9002, '2017-01-07 18:38:42', 8, ''),
(9002, '2017-01-14 18:47:54', 8, ''),
(9002, '2017-01-23 18:34:03', 13, ''),
(9002, '2017-01-29 11:55:38', 2, ''),
(9002, '2017-02-11 18:29:08', 8, ''),
(9002, '2017-02-19 14:52:34', 3, ''),
(9002, '2017-02-19 19:02:29', 3, ''),
(9002, '2017-02-25 16:21:52', 8, ''),
(9002, '2017-03-05 09:24:22', 1, ''),
(9002, '2017-03-05 10:57:19', 2, ''),
(9002, '2017-03-05 15:11:12', 3, ''),
(9002, '2017-06-12 19:02:54', 21, 'Check In'),
(9002, '2017-06-12 19:03:00', 21, 'Check Out'),
(9002, '2017-06-17 17:09:45', 23, 'Check In'),
(9002, '2017-06-17 21:00:00', 23, 'Check Out'),
(9003, '2016-09-04 05:56:18', 1, ''),
(9004, '2016-08-14 06:56:00', 1, ''),
(9004, '2016-08-14 09:10:00', 1, ''),
(9004, '2016-08-29 19:05:18', 9, ''),
(9004, '2017-01-23 18:39:20', 13, ''),
(9004, '2017-02-19 15:07:23', 3, ''),
(9004, '2017-02-19 18:06:01', 4, ''),
(9004, '2017-02-27 18:37:59', 13, ''),
(9004, '2017-03-05 09:22:10', 2, ''),
(9004, '2017-06-12 19:07:31', 21, 'Check In'),
(9004, '2017-06-12 21:00:00', 21, 'Check Out'),
(9004, '2017-10-08 09:23:28', 2, 'Check In'),
(9004, '2017-10-08 12:00:00', 2, 'Check Out'),
(9004, '2017-10-30 19:45:36', 25, 'Check In'),
(9004, '2017-10-30 21:30:00', 25, 'Check Out'),
(9004, '2017-11-13 19:45:06', 26, 'Check In'),
(9004, '2017-11-13 21:30:00', 26, 'Check Out'),
(9004, '2017-11-20 19:25:29', 27, 'Check In'),
(9004, '2017-11-20 21:30:00', 27, 'Check Out'),
(99993, '2016-08-21 09:41:08', 2, ''),
(99993, '2016-08-21 12:00:57', 2, ''),
(99993, '2016-08-29 18:33:53', 9, ''),
(99993, '2016-09-04 08:55:34', 1, ''),
(99993, '2016-09-06 17:55:09', 5, ''),
(99993, '2016-10-02 06:08:44', 1, ''),
(99993, '2016-10-02 09:09:04', 1, ''),
(99993, '2016-10-16 06:00:37', 1, ''),
(99993, '2016-10-16 09:03:26', 1, ''),
(99993, '2016-10-25 16:44:56', 16, ''),
(99993, '2016-10-30 06:01:52', 1, ''),
(99993, '2016-10-30 09:07:03', 1, ''),
(99993, '2016-11-13 06:03:43', 1, ''),
(99993, '2016-11-13 09:05:42', 2, ''),
(99993, '2016-11-27 15:04:29', 3, ''),
(99993, '2016-11-27 18:05:19', 3, ''),
(99993, '2017-01-15 06:24:27', 1, ''),
(99993, '2017-01-15 09:00:35', 1, ''),
(99993, '2017-02-12 06:47:12', 1, ''),
(99993, '2017-02-12 10:03:49', 2, ''),
(99993, '2017-02-26 06:27:46', 1, ''),
(99993, '2017-02-26 08:51:09', 1, ''),
(99993, '2017-06-04 06:21:51', 1, ''),
(99993, '2017-06-18 06:24:03', 1, 'Check In'),
(99993, '2017-06-18 09:00:00', 1, 'Check Out'),
(99993, '2017-06-25 06:21:28', 1, 'Check In'),
(99993, '2017-06-25 06:21:36', 1, 'Check Out'),
(99993, '2017-07-02 06:35:52', 1, 'Check In'),
(99993, '2017-07-02 06:36:22', 1, 'Check Out'),
(99993, '2017-07-16 06:33:43', 1, 'Check In'),
(99993, '2017-07-16 06:33:46', 1, 'Check Out'),
(99993, '2017-07-17 19:28:44', 24, 'Check In'),
(99993, '2017-07-17 19:28:46', 24, 'Check Out'),
(99993, '2017-07-30 06:42:56', 1, 'Check In'),
(99993, '2017-07-30 06:42:59', 1, 'Check Out'),
(99993, '2017-10-08 06:15:24', 1, 'Check In'),
(99993, '2017-10-08 06:15:30', 1, 'Check Out'),
(99993, '2017-10-22 06:14:12', 1, 'Check In'),
(99993, '2017-10-22 06:14:20', 1, 'Check Out'),
(99993, '2017-10-30 20:37:23', 25, 'Check In'),
(99993, '2017-10-30 20:37:26', 25, 'Check Out'),
(99993, '2017-11-05 06:01:15', 1, 'Check In'),
(99993, '2017-11-05 06:01:17', 1, 'Check Out'),
(99993, '2017-11-19 06:14:04', 1, 'Check In'),
(99993, '2017-11-19 06:14:08', 1, 'Check Out'),
(99993, '2017-12-10 06:03:40', 1, 'Check In'),
(99993, '2017-12-10 06:03:51', 1, 'Check Out'),
(99994, '2016-08-21 09:41:00', 2, ''),
(99994, '2016-08-21 09:41:02', 2, ''),
(99994, '2016-08-21 12:01:09', 2, ''),
(99994, '2016-08-29 18:33:43', 9, ''),
(99994, '2016-09-04 06:10:32', 1, ''),
(99994, '2016-09-04 08:55:40', 1, ''),
(99994, '2016-10-02 06:18:04', 1, ''),
(99994, '2016-10-02 09:08:03', 1, ''),
(99994, '2016-10-16 06:09:20', 1, ''),
(99994, '2016-10-16 09:03:05', 1, ''),
(99994, '2016-10-30 09:06:14', 1, ''),
(99994, '2016-11-13 06:41:24', 1, ''),
(99994, '2016-11-13 09:07:30', 2, ''),
(99994, '2016-11-27 18:08:57', 3, ''),
(99994, '2016-12-11 14:42:58', 3, ''),
(99994, '2016-12-11 18:08:58', 3, ''),
(99994, '2017-01-15 06:45:11', 1, ''),
(99994, '2017-01-15 08:59:17', 1, ''),
(99994, '2017-02-12 06:47:18', 1, ''),
(99994, '2017-02-12 10:03:55', 2, ''),
(99994, '2017-02-26 06:39:23', 1, ''),
(99994, '2017-02-26 08:51:18', 1, ''),
(99994, '2017-06-04 06:25:30', 1, ''),
(99994, '2017-06-18 06:28:48', 1, 'Check In'),
(99994, '2017-06-18 09:00:00', 1, 'Check Out'),
(99994, '2017-07-02 06:34:07', 1, 'Check In'),
(99994, '2017-07-02 09:00:00', 1, 'Check Out'),
(99994, '2017-07-16 06:27:24', 1, 'Check In'),
(99994, '2017-07-16 09:00:00', 1, 'Check Out'),
(99994, '2017-07-17 19:25:34', 24, 'Check In'),
(99994, '2017-07-17 19:25:56', 24, 'Check Out'),
(99994, '2017-07-30 06:38:19', 1, 'Check In'),
(99994, '2017-07-30 06:38:22', 1, 'Check Out'),
(99994, '2017-10-08 06:34:57', 1, 'Check In'),
(99994, '2017-10-08 06:35:47', 1, 'Check Out'),
(99994, '2017-10-22 06:11:00', 1, 'Check In'),
(99994, '2017-10-22 06:11:09', 1, 'Check Out'),
(99994, '2017-10-30 20:38:38', 25, 'Check In'),
(99994, '2017-10-30 20:38:46', 25, 'Check Out'),
(99994, '2017-11-05 06:10:17', 1, 'Check In'),
(99994, '2017-11-05 06:10:20', 1, 'Check Out'),
(99994, '2017-11-19 06:18:26', 1, 'Check In'),
(99994, '2017-11-19 06:18:35', 1, 'Check Out'),
(99994, '2017-12-03 06:27:02', 1, 'Check In'),
(99994, '2017-12-03 06:27:14', 1, 'Check Out'),
(99995, '2016-08-21 08:46:17', 2, ''),
(99995, '2016-08-21 12:09:46', 2, ''),
(99995, '2016-08-29 18:55:50', 9, ''),
(99995, '2016-09-04 05:57:50', 1, ''),
(99995, '2016-09-04 10:08:50', 1, ''),
(99995, '2016-10-02 05:52:27', 1, ''),
(99995, '2016-10-02 09:08:48', 1, ''),
(99995, '2016-10-16 06:04:02', 1, ''),
(99995, '2016-10-16 09:03:14', 1, ''),
(99995, '2016-10-30 05:58:57', 1, ''),
(99995, '2016-10-30 09:06:24', 1, ''),
(99995, '2016-11-13 06:41:36', 1, ''),
(99995, '2016-11-13 09:06:03', 2, ''),
(99995, '2016-11-27 14:49:03', 3, ''),
(99995, '2016-11-27 18:04:14', 3, ''),
(99995, '2016-12-11 14:33:54', 2, ''),
(99995, '2016-12-11 17:40:26', 4, ''),
(99995, '2016-12-18 06:18:06', 1, ''),
(99995, '2016-12-18 07:38:14', 1, ''),
(99995, '2017-01-01 06:12:30', 1, ''),
(99995, '2017-01-01 09:16:20', 1, ''),
(99995, '2017-01-15 06:14:57', 1, ''),
(99995, '2017-01-15 08:59:44', 1, ''),
(99995, '2017-01-23 17:57:59', 13, ''),
(99995, '2017-01-29 06:16:24', 1, ''),
(99995, '2017-01-29 09:13:01', 1, ''),
(99995, '2017-02-12 06:42:26', 1, ''),
(99995, '2017-02-12 10:07:21', 1, ''),
(99995, '2017-02-26 06:12:29', 1, ''),
(99995, '2017-02-26 09:03:12', 1, ''),
(99995, '2017-02-27 19:18:27', 13, ''),
(99995, '2017-06-04 06:21:20', 1, ''),
(99995, '2017-06-12 19:13:47', 21, 'Check In'),
(99995, '2017-06-12 21:00:00', 21, 'Check Out'),
(99995, '2017-06-18 06:28:05', 1, 'Check In'),
(99995, '2017-06-18 06:28:21', 1, 'Check Out'),
(99995, '2017-07-02 06:15:58', 1, 'Check In'),
(99995, '2017-07-02 09:00:00', 1, 'Check Out'),
(99995, '2017-07-16 06:29:39', 1, 'Check In'),
(99995, '2017-07-16 09:00:00', 1, 'Check Out'),
(99995, '2017-07-23 06:32:47', 1, 'Check In'),
(99995, '2017-07-23 09:00:00', 1, 'Check Out'),
(99995, '2017-07-30 06:29:40', 1, 'Check In'),
(99995, '2017-07-30 09:00:00', 1, 'Check Out'),
(99995, '2017-10-08 06:36:11', 1, 'Check In'),
(99995, '2017-10-08 09:00:00', 1, 'Check Out'),
(99995, '2017-10-22 06:19:37', 1, 'Check In'),
(99995, '2017-10-22 09:00:00', 1, 'Check Out'),
(99995, '2017-11-05 06:15:43', 1, 'Check In'),
(99995, '2017-11-05 09:00:00', 1, 'Check Out'),
(99995, '2017-11-13 19:46:26', 26, 'Check In'),
(99995, '2017-11-13 21:30:00', 26, 'Check Out'),
(99995, '2017-11-19 06:30:04', 1, 'Check In'),
(99995, '2017-11-19 09:00:00', 1, 'Check Out'),
(99995, '2017-11-20 19:02:50', 27, 'Check In'),
(99995, '2017-11-20 21:30:00', 27, 'Check Out'),
(99996, '2016-08-21 08:46:11', 2, ''),
(99996, '2016-08-21 12:37:12', 2, ''),
(99996, '2016-08-21 12:37:30', 2, ''),
(99996, '2016-08-27 16:20:33', 7, ''),
(99996, '2016-09-04 05:58:19', 1, ''),
(99996, '2016-09-04 10:08:59', 1, ''),
(99996, '2016-09-18 06:01:13', 1, ''),
(99996, '2016-09-18 08:57:01', 1, ''),
(99996, '2016-09-24 18:18:56', 8, ''),
(99996, '2016-09-24 21:07:53', 8, ''),
(99996, '2016-10-02 05:52:20', 1, ''),
(99996, '2016-10-02 09:08:34', 1, ''),
(99996, '2016-10-16 06:04:13', 1, ''),
(99996, '2016-10-16 09:01:29', 1, ''),
(99996, '2016-10-22 17:10:29', 14, ''),
(99996, '2016-10-30 05:58:27', 1, ''),
(99996, '2016-10-30 09:04:39', 1, ''),
(99996, '2016-11-13 06:42:22', 1, ''),
(99996, '2016-11-13 09:08:51', 2, ''),
(99996, '2016-11-13 09:09:06', 1, ''),
(99996, '2016-11-26 18:18:14', 8, ''),
(99996, '2016-11-26 21:21:34', 8, ''),
(99996, '2016-11-27 14:48:53', 3, ''),
(99996, '2016-11-27 18:04:19', 3, ''),
(99996, '2016-12-03 18:26:36', 8, ''),
(99996, '2016-12-10 18:29:35', 8, ''),
(99996, '2016-12-10 22:00:56', 8, ''),
(99996, '2016-12-11 14:34:42', 3, ''),
(99996, '2016-12-11 19:31:44', 3, ''),
(99996, '2016-12-17 18:33:14', 8, ''),
(99996, '2016-12-17 21:00:14', 8, ''),
(99996, '2017-01-01 06:11:04', 1, ''),
(99996, '2017-01-01 09:15:35', 1, ''),
(99996, '2017-01-15 06:14:53', 1, ''),
(99996, '2017-01-15 08:59:26', 1, ''),
(99996, '2017-01-21 18:27:48', 8, ''),
(99996, '2017-01-21 21:13:34', 8, ''),
(99996, '2017-01-23 17:55:57', 13, ''),
(99996, '2017-01-29 06:16:33', 1, ''),
(99996, '2017-01-29 09:06:42', 1, ''),
(99996, '2017-02-12 06:42:14', 1, ''),
(99996, '2017-02-12 10:09:13', 1, ''),
(99996, '2017-02-18 18:59:05', 8, ''),
(99996, '2017-02-26 06:12:58', 1, ''),
(99996, '2017-02-26 09:55:55', 1, ''),
(99996, '2017-02-27 19:18:17', 13, ''),
(99996, '2017-03-04 18:46:38', 8, ''),
(99996, '2017-03-04 21:30:40', 8, ''),
(99996, '2017-06-04 06:19:21', 1, ''),
(99996, '2017-06-12 19:12:01', 21, 'Check In'),
(99996, '2017-06-12 21:00:00', 21, 'Check Out'),
(99996, '2017-06-18 06:28:30', 1, 'Check In'),
(99996, '2017-06-18 09:00:00', 1, 'Check Out'),
(99996, '2017-07-16 06:28:17', 1, 'Check In'),
(99996, '2017-07-16 09:00:00', 1, 'Check Out'),
(99996, '2017-07-16 09:21:56', 1, 'Check Out'),
(99996, '2017-07-30 06:28:17', 1, 'Check In'),
(99996, '2017-07-30 09:00:00', 1, 'Check Out'),
(99996, '2017-10-08 06:36:51', 1, 'Check In'),
(99996, '2017-10-08 09:00:00', 1, 'Check Out'),
(99996, '2017-10-22 06:22:28', 1, 'Check In'),
(99996, '2017-10-22 09:00:00', 1, 'Check Out'),
(99996, '2017-11-05 06:12:37', 1, 'Check In'),
(99996, '2017-11-05 09:00:00', 1, 'Check Out'),
(99996, '2017-11-13 19:48:02', 26, 'Check In'),
(99996, '2017-11-13 21:30:00', 26, 'Check Out'),
(99996, '2017-11-19 06:29:59', 1, 'Check In'),
(99996, '2017-11-19 09:00:00', 1, 'Check Out'),
(99996, '2017-11-20 19:04:03', 27, 'Check In'),
(99996, '2017-11-20 21:30:00', 27, 'Check Out'),
(99996, '2017-12-03 06:34:44', 1, 'Check In'),
(99996, '2017-12-03 09:00:00', 1, 'Check Out'),
(99996, '2017-12-10 06:11:47', 1, 'Check In'),
(99996, '2017-12-10 09:00:00', 1, 'Check Out'),
(99997, '2016-08-21 08:42:31', 2, ''),
(99997, '2016-08-21 11:58:29', 2, ''),
(99997, '2016-08-29 18:09:25', 9, ''),
(99997, '2016-09-04 06:34:05', 1, ''),
(99997, '2016-09-04 09:52:42', 1, ''),
(99997, '2016-09-18 06:07:51', 1, ''),
(99997, '2016-09-18 08:57:20', 1, ''),
(99997, '2016-09-26 18:26:33', 11, ''),
(99997, '2016-10-02 05:54:14', 1, ''),
(99997, '2016-10-02 09:07:06', 1, ''),
(99997, '2016-10-16 05:59:34', 1, ''),
(99997, '2016-10-16 09:01:23', 1, ''),
(99997, '2016-10-30 06:00:48', 1, ''),
(99997, '2016-10-30 09:06:00', 1, ''),
(99997, '2016-11-13 05:59:45', 1, ''),
(99997, '2016-11-13 09:08:04', 2, ''),
(99997, '2016-11-27 15:08:36', 3, ''),
(99997, '2016-11-27 18:04:57', 3, ''),
(99997, '2016-12-11 15:34:47', 3, ''),
(99997, '2016-12-11 17:40:10', 4, ''),
(99997, '2017-01-15 06:11:29', 1, ''),
(99997, '2017-01-15 08:59:34', 1, ''),
(99997, '2017-01-23 17:42:44', 13, ''),
(99997, '2017-01-29 06:02:18', 1, ''),
(99997, '2017-01-29 09:06:10', 1, ''),
(99997, '2017-02-12 06:10:49', 1, ''),
(99997, '2017-02-26 06:10:14', 1, ''),
(99997, '2017-02-26 09:55:38', 1, ''),
(99997, '2017-06-04 06:19:01', 1, ''),
(99997, '2017-06-12 19:28:55', 21, 'Check In'),
(99997, '2017-06-12 19:29:03', 21, 'Check Out'),
(99997, '2017-06-18 06:22:48', 1, 'Check In'),
(99997, '2017-06-18 09:00:00', 1, 'Check Out'),
(99997, '2017-07-02 06:25:23', 1, 'Check In'),
(99997, '2017-07-02 09:00:00', 1, 'Check Out'),
(99997, '2017-07-16 06:27:10', 1, 'Check In'),
(99997, '2017-07-16 09:00:00', 1, 'Check Out'),
(99997, '2017-07-23 06:15:50', 1, 'Check In'),
(99997, '2017-07-23 09:00:00', 1, 'Check Out'),
(99997, '2017-07-23 13:40:36', 1, 'Check Out'),
(99997, '2017-07-30 06:25:27', 1, 'Check In'),
(99997, '2017-07-30 09:00:00', 1, 'Check Out'),
(99997, '2017-07-30 11:20:31', 1, 'Check Out'),
(99997, '2017-10-08 06:24:18', 1, 'Check In'),
(99997, '2017-10-08 09:00:00', 1, 'Check Out'),
(99997, '2017-10-15 09:31:33', 2, 'Check In'),
(99997, '2017-10-15 12:00:00', 2, 'Check Out'),
(99997, '2017-10-22 06:24:04', 1, 'Check In'),
(99997, '2017-10-22 09:00:00', 1, 'Check Out'),
(99997, '2017-11-05 06:35:55', 1, 'Check In'),
(99997, '2017-11-05 09:00:00', 1, 'Check Out'),
(99997, '2017-11-13 19:14:35', 26, 'Check In'),
(99997, '2017-11-13 21:30:00', 26, 'Check Out'),
(99997, '2017-11-19 06:17:20', 1, 'Check In'),
(99997, '2017-11-19 09:00:00', 1, 'Check Out'),
(99997, '2017-11-20 19:04:42', 27, 'Check In'),
(99997, '2017-11-20 21:30:00', 27, 'Check Out'),
(99997, '2017-12-03 06:16:16', 1, 'Check In'),
(99997, '2017-12-03 09:00:00', 1, 'Check Out'),
(99997, '2017-12-10 06:04:18', 1, 'Check In'),
(99997, '2017-12-10 09:00:00', 1, 'Check Out'),
(99998, '2016-08-21 06:32:15', 1, ''),
(99998, '2016-08-21 08:31:08', 1, ''),
(99998, '2016-08-21 08:31:23', 1, ''),
(99998, '2016-08-21 08:31:31', 1, ''),
(99998, '2016-08-29 19:31:03', 9, ''),
(99998, '2016-09-18 18:10:12', 3, ''),
(99998, '2016-09-18 20:58:38', 4, ''),
(99998, '2016-09-26 18:21:19', 11, ''),
(99998, '2016-10-02 17:36:02', 4, ''),
(99998, '2016-10-02 21:08:46', 4, ''),
(99998, '2016-10-16 18:00:52', 4, ''),
(99998, '2016-10-16 21:03:22', 4, ''),
(99998, '2016-10-30 17:40:13', 4, ''),
(99998, '2016-10-30 21:23:46', 4, ''),
(99998, '2016-11-13 18:15:13', 3, ''),
(99998, '2016-11-13 21:06:48', 4, ''),
(99998, '2016-12-11 08:41:05', 2, ''),
(99998, '2016-12-11 11:32:34', 3, ''),
(99998, '2017-01-15 17:49:32', 4, ''),
(99998, '2017-01-15 21:07:51', 4, ''),
(99998, '2017-01-23 18:54:03', 13, ''),
(99998, '2017-02-11 18:37:02', 8, ''),
(99998, '2017-02-11 21:47:22', 8, ''),
(99998, '2017-02-25 16:26:49', 8, ''),
(99998, '2017-02-25 21:41:33', 8, ''),
(99998, '2017-02-26 17:47:33', 4, ''),
(99998, '2017-02-26 21:12:34', 4, ''),
(99998, '2017-02-27 19:01:10', 13, ''),
(99998, '2017-07-16 18:06:47', 4, 'Check In'),
(99998, '2017-07-16 21:00:00', 4, 'Check Out'),
(99998, '2017-07-30 18:17:19', 4, 'Check In'),
(99998, '2017-07-30 21:00:00', 4, 'Check Out'),
(99998, '2017-10-08 19:03:22', 4, 'Check In'),
(99998, '2017-10-08 21:00:00', 4, 'Check Out'),
(99998, '2017-10-22 18:10:55', 4, 'Check In'),
(99998, '2017-10-22 21:00:00', 4, 'Check Out'),
(99998, '2017-10-30 19:23:08', 25, 'Check In'),
(99998, '2017-10-30 21:30:00', 25, 'Check Out'),
(99998, '2017-11-05 18:38:42', 4, 'Check In'),
(99998, '2017-11-05 21:00:00', 4, 'Check Out'),
(99998, '2017-11-13 19:50:20', 26, 'Check In'),
(99998, '2017-11-13 21:30:00', 26, 'Check Out'),
(99998, '2017-11-20 19:38:43', 27, 'Check In'),
(99998, '2017-11-20 21:30:00', 27, 'Check Out'),
(99998, '2017-12-03 17:49:29', 4, 'Check In'),
(99998, '2017-12-03 21:00:00', 4, 'Check Out'),
(99999, '2016-08-21 06:30:07', 1, ''),
(99999, '2016-08-21 09:08:01', 1, ''),
(99999, '2016-08-27 17:08:37', 7, ''),
(99999, '2016-09-04 17:12:54', 4, ''),
(99999, '2016-09-04 21:10:08', 4, ''),
(99999, '2016-09-18 17:59:23', 4, ''),
(99999, '2016-09-18 20:58:29', 4, ''),
(99999, '2016-09-26 17:48:28', 11, ''),
(99999, '2016-10-02 17:21:49', 3, ''),
(99999, '2016-10-02 17:34:00', 4, ''),
(99999, '2016-10-02 21:08:51', 4, ''),
(99999, '2016-10-22 17:16:03', 14, ''),
(99999, '2016-10-23 09:18:03', 2, ''),
(99999, '2016-10-23 12:13:52', 2, ''),
(99999, '2016-10-30 17:53:34', 4, ''),
(99999, '2016-10-30 21:23:02', 4, ''),
(99999, '2016-11-13 18:08:25', 4, ''),
(99999, '2016-11-13 21:06:42', 4, ''),
(99999, '2016-11-27 08:39:59', 2, ''),
(99999, '2016-11-27 12:46:29', 2, ''),
(99999, '2016-12-11 08:43:07', 2, ''),
(99999, '2017-01-01 17:56:23', 4, ''),
(99999, '2017-01-01 21:17:23', 4, ''),
(99999, '2017-01-23 18:27:14', 13, ''),
(99999, '2017-01-29 20:55:25', 4, ''),
(99999, '2017-02-12 18:26:50', 4, ''),
(99999, '2017-02-12 21:27:07', 4, ''),
(99999, '2017-02-25 16:32:30', 8, ''),
(99999, '2017-02-25 21:38:41', 8, ''),
(99999, '2017-02-26 18:33:02', 4, ''),
(99999, '2017-02-26 20:50:40', 4, ''),
(99999, '2017-06-18 18:14:09', 4, 'Check In'),
(99999, '2017-06-18 21:10:28', 4, 'Check Out'),
(99999, '2017-07-02 18:01:10', 4, 'Check In'),
(99999, '2017-07-02 21:10:39', 4, 'Check Out'),
(99999, '2017-07-16 18:43:40', 4, 'Check In'),
(99999, '2017-07-16 21:00:00', 4, 'Check Out'),
(99999, '2017-07-17 18:25:10', 24, 'Check In'),
(99999, '2017-07-17 21:00:00', 24, 'Check Out'),
(99999, '2017-07-30 18:12:10', 4, 'Check In'),
(99999, '2017-07-30 21:07:49', 4, 'Check Out'),
(99999, '2017-08-11 18:24:31', 10, 'Check In'),
(99999, '2017-08-11 21:00:00', 10, 'Check Out'),
(99999, '2017-10-22 17:55:59', 4, 'Check In'),
(99999, '2017-10-22 21:00:00', 4, 'Check Out'),
(99999, '2017-10-30 20:36:30', 25, 'Check In'),
(99999, '2017-10-30 21:30:00', 25, 'Check Out'),
(99999, '2017-11-19 18:39:03', 4, 'Check In'),
(99999, '2017-11-19 21:00:00', 4, 'Check Out'),
(99999, '2017-11-20 19:24:39', 27, 'Check In'),
(99999, '2017-11-20 21:30:00', 27, 'Check Out'),
(100000, '2016-08-21 15:11:44', 3, ''),
(100000, '2016-08-21 18:03:23', 3, ''),
(100000, '2016-09-04 09:04:37', 2, ''),
(100000, '2016-09-04 10:52:51', 2, ''),
(100000, '2016-10-02 09:14:58', 2, ''),
(100000, '2016-10-02 12:07:59', 2, ''),
(100000, '2016-10-30 09:12:55', 1, ''),
(100000, '2016-10-30 09:14:37', 2, ''),
(100000, '2016-10-30 12:20:01', 2, ''),
(100000, '2016-11-13 09:26:51', 2, ''),
(100000, '2016-11-13 12:06:30', 2, ''),
(100000, '2016-11-27 18:37:29', 4, ''),
(100000, '2016-11-27 21:03:23', 4, ''),
(100000, '2017-01-01 09:10:57', 2, ''),
(100000, '2017-01-01 12:18:13', 2, ''),
(100000, '2017-01-15 09:12:02', 2, ''),
(100000, '2017-01-15 12:12:03', 2, ''),
(100000, '2017-02-12 09:21:15', 1, ''),
(100000, '2017-02-12 09:21:37', 2, ''),
(100000, '2017-02-12 12:46:47', 2, ''),
(100000, '2017-02-26 09:34:22', 2, ''),
(100000, '2017-02-26 12:12:42', 1, ''),
(100000, '2017-06-04 12:41:48', 2, ''),
(100000, '2017-06-12 19:29:06', 21, 'Check In'),
(100000, '2017-06-12 21:00:00', 21, 'Check Out'),
(100000, '2017-06-17 17:04:37', 8, 'Check In'),
(100000, '2017-06-17 21:00:00', 8, 'Check Out'),
(100000, '2017-06-18 09:32:03', 2, 'Check In'),
(100000, '2017-06-18 12:00:00', 2, 'Check Out'),
(100000, '2017-07-16 09:24:30', 2, 'Check In'),
(100000, '2017-07-16 12:00:00', 2, 'Check Out'),
(100000, '2017-07-17 18:57:30', 24, 'Check In'),
(100000, '2017-07-17 21:00:00', 24, 'Check Out'),
(100000, '2017-10-08 08:52:11', 2, 'Check In'),
(100000, '2017-10-08 12:00:00', 2, 'Check Out'),
(100000, '2017-10-22 09:06:38', 2, 'Check In'),
(100000, '2017-10-22 12:00:00', 2, 'Check Out'),
(100000, '2017-10-30 18:37:02', 25, 'Check In'),
(100000, '2017-10-30 21:30:00', 25, 'Check Out'),
(100000, '2017-11-05 09:18:03', 2, 'Check In'),
(100000, '2017-11-05 12:00:00', 2, 'Check Out'),
(100000, '2017-11-13 20:29:45', 26, 'Check In'),
(100000, '2017-11-13 21:30:00', 26, 'Check Out'),
(100000, '2017-11-19 09:23:34', 2, 'Check In'),
(100000, '2017-11-19 12:00:00', 2, 'Check Out'),
(100001, '2016-08-21 17:56:51', 4, ''),
(100001, '2016-08-21 21:01:39', 4, ''),
(100001, '2016-08-29 19:12:13', 9, ''),
(100001, '2016-09-18 14:35:36', 3, ''),
(100001, '2016-09-18 18:05:03', 3, ''),
(100001, '2016-09-26 17:22:21', 11, ''),
(100001, '2017-01-23 17:39:43', 13, ''),
(100001, '2017-01-29 14:52:15', 3, ''),
(100001, '2017-01-29 18:03:05', 3, ''),
(100001, '2017-02-12 14:59:45', 3, ''),
(100001, '2017-02-26 14:47:53', 3, ''),
(100001, '2017-03-05 10:17:12', 2, ''),
(100001, '2017-06-04 15:03:10', 3, ''),
(100001, '2017-07-09 08:55:52', 2, 'Check In'),
(100001, '2017-07-09 12:00:00', 2, 'Check Out'),
(100001, '2017-07-17 18:39:20', 24, 'Check In'),
(100001, '2017-07-17 21:00:00', 24, 'Check Out'),
(100001, '2017-07-23 14:43:01', 3, 'Check In'),
(100001, '2017-07-23 18:00:00', 3, 'Check Out'),
(100001, '2017-10-08 14:57:22', 3, 'Check In'),
(100001, '2017-10-08 18:00:00', 3, 'Check Out'),
(100001, '2017-10-30 19:48:46', 25, 'Check In'),
(100001, '2017-10-30 21:30:00', 25, 'Check Out'),
(100001, '2017-11-13 18:51:24', 26, 'Check In'),
(100001, '2017-11-13 21:30:00', 26, 'Check Out'),
(100001, '2017-11-19 15:20:27', 3, 'Check In'),
(100001, '2017-11-19 18:00:00', 3, 'Check Out'),
(100001, '2017-12-03 14:48:29', 3, 'Check In'),
(100001, '2017-12-03 18:00:00', 3, 'Check Out'),
(100002, '2016-08-21 17:59:14', 4, ''),
(100002, '2016-09-04 15:18:59', 3, ''),
(100002, '2016-09-04 18:12:22', 4, ''),
(100002, '2016-09-18 14:43:45', 3, ''),
(100002, '2016-09-18 18:09:27', 3, ''),
(100002, '2016-09-26 17:23:12', 11, ''),
(100002, '2016-10-30 15:01:42', 3, ''),
(100002, '2016-10-30 18:16:07', 3, ''),
(100002, '2016-11-13 14:54:10', 3, ''),
(100002, '2016-11-13 16:56:08', 3, ''),
(100002, '2016-11-27 05:57:18', 1, ''),
(100002, '2016-11-27 09:03:18', 1, ''),
(100002, '2017-01-23 18:46:05', 13, ''),
(100002, '2017-01-29 15:07:41', 3, ''),
(100002, '2017-01-29 18:02:03', 3, ''),
(100002, '2017-06-04 15:04:27', 3, ''),
(100002, '2017-06-18 15:20:42', 3, 'Check In'),
(100002, '2017-06-18 18:00:00', 3, 'Check Out'),
(100002, '2017-11-13 20:08:26', 26, 'Check In'),
(100002, '2017-11-13 20:08:52', 26, 'Check Out'),
(100002, '2017-11-13 20:09:07', 26, 'Check In'),
(100002, '2017-11-13 21:30:00', 26, 'Check Out'),
(100002, '2017-11-19 15:40:00', 3, 'Check In'),
(100002, '2017-11-19 15:42:26', 3, 'Check Out'),
(100003, '2016-08-21 18:00:46', 4, ''),
(100003, '2016-09-04 15:27:28', 3, ''),
(100003, '2016-09-04 18:12:29', 4, ''),
(100003, '2016-09-18 14:46:04', 3, ''),
(100003, '2016-09-18 18:09:33', 3, ''),
(100003, '2016-09-26 17:29:26', 11, ''),
(100003, '2016-10-30 15:03:54', 3, ''),
(100003, '2016-10-30 18:16:13', 3, ''),
(100003, '2016-11-13 14:54:05', 3, ''),
(100003, '2016-11-13 16:56:18', 3, ''),
(100003, '2016-11-27 05:57:24', 1, ''),
(100003, '2016-11-27 09:03:14', 1, ''),
(100003, '2017-01-23 18:45:59', 13, ''),
(100003, '2017-01-29 15:07:34', 3, ''),
(100003, '2017-01-29 18:01:59', 3, ''),
(100003, '2017-06-04 18:24:40', 3, ''),
(100004, '2016-08-27 17:29:12', 7, ''),
(100004, '2016-08-29 18:30:55', 9, ''),
(100004, '2016-09-04 15:04:13', 3, ''),
(100004, '2016-09-04 18:12:16', 4, ''),
(100004, '2016-09-26 18:31:36', 11, ''),
(100004, '2016-10-16 18:03:54', 3, ''),
(100004, '2016-10-30 18:17:24', 3, ''),
(100004, '2017-01-23 17:40:02', 13, ''),
(100004, '2017-02-27 17:42:30', 13, ''),
(100004, '2017-06-04 15:16:50', 3, ''),
(100004, '2017-06-12 19:08:45', 21, 'Check In'),
(100004, '2017-06-12 21:00:00', 21, 'Check Out'),
(100004, '2017-07-30 15:27:24', 3, 'Check In'),
(100004, '2017-07-30 18:00:00', 3, 'Check Out'),
(100004, '2017-10-08 15:08:51', 3, 'Check In'),
(100004, '2017-10-08 18:00:00', 3, 'Check Out'),
(100004, '2017-11-05 15:16:50', 3, 'Check In'),
(100004, '2017-11-05 18:00:00', 3, 'Check Out'),
(100004, '2017-11-20 19:04:30', 27, 'Check In'),
(100004, '2017-11-20 19:25:33', 27, 'Check Out'),
(100005, '2016-08-29 18:38:41', 9, ''),
(100005, '2016-08-29 18:38:49', 9, ''),
(100005, '2016-09-04 08:30:58', 2, ''),
(100005, '2016-09-04 12:11:52', 2, ''),
(100005, '2016-09-18 09:25:08', 2, ''),
(100005, '2016-09-18 12:06:04', 2, ''),
(100005, '2016-10-02 09:15:22', 2, ''),
(100005, '2016-10-02 12:08:32', 2, ''),
(100005, '2016-10-16 09:22:41', 2, ''),
(100005, '2016-10-16 11:56:06', 2, ''),
(100005, '2016-10-30 09:16:28', 2, ''),
(100005, '2016-10-30 12:11:56', 2, ''),
(100005, '2016-11-13 09:46:15', 2, ''),
(100005, '2016-11-13 12:00:53', 2, ''),
(100005, '2016-11-27 18:40:02', 4, ''),
(100005, '2016-11-27 20:59:54', 4, ''),
(100005, '2016-12-11 18:49:08', 4, ''),
(100005, '2017-01-01 12:18:51', 2, ''),
(100005, '2017-01-15 09:31:45', 2, ''),
(100005, '2017-01-15 12:06:33', 2, ''),
(100005, '2017-01-23 17:46:44', 13, ''),
(100005, '2017-01-29 09:25:07', 2, ''),
(100005, '2017-01-29 11:56:38', 2, ''),
(100005, '2017-02-12 09:36:25', 2, ''),
(100005, '2017-02-12 12:52:45', 2, ''),
(100005, '2017-02-26 09:33:52', 2, ''),
(100005, '2017-02-26 12:13:12', 1, ''),
(100005, '2017-02-26 12:22:42', 2, ''),
(100006, '2016-08-27 17:07:03', 7, ''),
(100006, '2016-09-17 17:55:47', 8, ''),
(100006, '2016-09-17 21:02:01', 8, ''),
(100006, '2016-09-25 15:05:50', 3, ''),
(100006, '2016-09-25 18:00:05', 3, ''),
(100006, '2016-10-01 18:10:31', 8, ''),
(100006, '2016-10-01 21:13:09', 8, ''),
(100006, '2016-10-15 18:16:33', 8, ''),
(100006, '2016-10-15 21:13:44', 8, ''),
(100006, '2016-10-29 18:21:45', 8, ''),
(100006, '2016-10-29 21:22:08', 8, ''),
(100006, '2016-11-12 18:05:16', 8, ''),
(100006, '2016-11-12 21:17:33', 8, ''),
(100006, '2016-11-20 15:11:13', 3, ''),
(100006, '2016-11-20 17:59:37', 3, ''),
(100006, '2016-11-26 18:20:17', 8, ''),
(100006, '2016-11-26 21:04:56', 8, ''),
(100006, '2016-12-10 18:34:11', 8, ''),
(100006, '2016-12-10 21:47:40', 8, ''),
(100006, '2016-12-31 15:47:12', 8, ''),
(100006, '2017-02-11 18:52:22', 8, ''),
(100006, '2017-02-11 21:47:09', 8, ''),
(100006, '2017-02-25 16:24:26', 8, ''),
(100006, '2017-02-25 21:41:41', 8, ''),
(100006, '2017-06-10 18:40:56', 8, 'Check In'),
(100006, '2017-06-10 22:46:28', 8, 'Check Out'),
(100006, '2017-06-24 18:04:57', 8, 'Check In'),
(100006, '2017-06-24 21:54:53', 8, 'Check Out'),
(100006, '2017-07-08 18:31:33', 8, 'Check In'),
(100006, '2017-07-08 21:00:00', 8, 'Check Out'),
(100006, '2017-07-17 18:38:25', 24, 'Check In'),
(100006, '2017-07-17 21:00:00', 24, 'Check Out'),
(100006, '2017-08-05 18:56:25', 8, 'Check In'),
(100006, '2017-08-05 21:00:00', 8, 'Check Out'),
(100006, '2017-10-28 20:01:01', 8, 'Check In'),
(100006, '2017-10-28 21:00:00', 8, 'Check Out'),
(100006, '2017-12-02 18:05:01', 8, 'Check In'),
(100006, '2017-12-02 21:00:00', 8, 'Check Out'),
(100007, '0000-00-00 00:00:00', 8, 'Check In'),
(100007, '2016-08-27 17:07:13', 7, ''),
(100007, '2016-08-28 17:42:07', 4, ''),
(100007, '2016-08-28 21:16:26', 4, ''),
(100007, '2016-09-11 14:44:45', 3, ''),
(100007, '2016-09-11 19:01:59', 3, ''),
(100007, '2016-09-17 17:55:34', 8, ''),
(100007, '2016-09-17 21:01:56', 8, ''),
(100007, '2016-09-25 15:05:41', 3, ''),
(100007, '2016-09-25 18:01:59', 3, ''),
(100007, '2016-10-01 18:10:17', 8, ''),
(100007, '2016-10-01 21:13:02', 8, ''),
(100007, '2016-10-09 14:56:10', 3, ''),
(100007, '2016-10-09 18:14:08', 3, ''),
(100007, '2016-10-15 18:16:23', 8, ''),
(100007, '2016-10-15 21:13:51', 8, ''),
(100007, '2016-10-22 17:45:28', 14, ''),
(100007, '2016-10-23 15:06:28', 3, ''),
(100007, '2016-10-23 18:11:58', 3, ''),
(100007, '2016-10-29 18:21:53', 8, ''),
(100007, '2016-10-29 21:22:12', 8, ''),
(100007, '2016-11-06 15:47:11', 3, ''),
(100007, '2016-11-06 18:16:35', 3, ''),
(100007, '2016-11-12 18:05:28', 8, ''),
(100007, '2016-11-12 21:17:40', 8, ''),
(100007, '2016-11-20 15:11:04', 3, ''),
(100007, '2016-11-20 17:59:32', 3, ''),
(100007, '2016-11-26 18:20:22', 8, ''),
(100007, '2016-11-26 21:05:00', 8, ''),
(100007, '2016-12-04 06:01:32', 1, ''),
(100007, '2016-12-04 11:12:58', 1, ''),
(100007, '2016-12-10 18:33:58', 8, ''),
(100007, '2016-12-10 21:48:09', 8, ''),
(100007, '2016-12-18 06:11:33', 1, ''),
(100007, '2016-12-18 09:28:11', 1, ''),
(100007, '2016-12-31 15:47:20', 8, ''),
(100007, '2017-01-08 14:54:44', 3, ''),
(100007, '2017-01-08 18:16:34', 3, ''),
(100007, '2017-01-14 18:24:50', 8, ''),
(100007, '2017-01-22 15:03:24', 3, ''),
(100007, '2017-01-22 18:05:58', 3, ''),
(100007, '2017-01-28 18:17:38', 8, ''),
(100007, '2017-01-28 21:16:02', 8, ''),
(100007, '2017-02-05 14:51:11', 3, ''),
(100007, '2017-02-05 18:09:49', 3, ''),
(100007, '2017-02-11 18:52:38', 8, ''),
(100007, '2017-02-11 21:47:13', 8, ''),
(100007, '2017-02-19 14:51:49', 3, ''),
(100007, '2017-02-19 19:01:56', 3, ''),
(100007, '2017-02-25 16:24:05', 8, ''),
(100007, '2017-02-25 21:41:24', 8, ''),
(100007, '2017-03-05 15:02:03', 3, ''),
(100007, '2017-06-10 18:41:35', 8, 'Check In'),
(100007, '2017-06-10 22:46:14', 8, 'Check Out'),
(100007, '2017-06-24 21:55:25', 8, 'Check Out'),
(100007, '2017-07-08 18:36:02', 8, 'Check In'),
(100007, '2017-07-08 21:00:00', 8, 'Check Out'),
(100007, '2017-07-17 18:38:31', 24, 'Check In'),
(100007, '2017-07-17 21:00:00', 24, 'Check Out'),
(100007, '2017-07-22 18:25:48', 8, 'Check In'),
(100007, '2017-07-22 21:00:00', 8, 'Check Out'),
(100007, '2017-08-05 18:28:48', 8, 'Check In'),
(100007, '2017-08-05 21:00:00', 8, 'Check Out'),
(100007, '2017-10-14 18:21:24', 8, 'Check In'),
(100007, '2017-10-14 21:00:00', 8, 'Check Out'),
(100007, '2017-10-28 18:59:42', 8, 'Check In'),
(100007, '2017-10-28 21:00:00', 8, 'Check Out'),
(100007, '2017-10-30 18:55:25', 25, 'Check In'),
(100007, '2017-10-30 21:30:00', 25, 'Check Out'),
(100007, '2017-11-04 18:20:48', 8, 'Check In'),
(100007, '2017-11-04 21:00:00', 8, 'Check Out'),
(100007, '2017-11-18 18:23:05', 8, 'Check In'),
(100007, '2017-11-18 21:00:00', 8, 'Check Out'),
(100007, '2017-12-02 17:56:08', 8, 'Check In'),
(100007, '2017-12-02 21:00:00', 8, 'Check Out'),
(100007, '2017-12-09 17:37:25', 8, 'Check In'),
(100007, '2017-12-09 21:00:00', 8, 'Check Out'),
(100008, '2016-08-27 17:09:59', 7, ''),
(100008, '2016-08-28 07:02:01', 1, ''),
(100008, '2016-08-28 08:46:42', 1, ''),
(100008, '2016-09-11 18:44:20', 4, ''),
(100008, '2016-09-11 21:42:45', 4, ''),
(100008, '2016-10-22 17:11:30', 14, ''),
(100008, '2016-12-04 10:19:32', 2, ''),
(100008, '2016-12-18 09:37:41', 2, ''),
(100009, '0000-00-00 00:00:00', 2, 'Check In'),
(100009, '2016-10-09 06:55:35', 10, ''),
(100009, '2017-01-01 14:19:42', 3, ''),
(100009, '2017-01-01 17:45:05', 3, ''),
(100009, '2017-01-01 17:52:45', 4, ''),
(100009, '2017-01-01 21:27:59', 4, ''),
(100009, '2017-01-23 18:33:42', 13, ''),
(100009, '2017-06-25 09:27:52', 2, 'Check Out'),
(100010, '2016-08-28 17:41:41', 4, ''),
(100010, '2016-08-29 17:53:24', 9, ''),
(100010, '2016-09-11 14:50:45', 3, ''),
(100010, '2016-09-11 19:02:34', 3, ''),
(100010, '2016-09-26 18:06:30', 11, ''),
(100010, '2016-10-09 15:28:16', 3, ''),
(100010, '2016-10-09 18:20:15', 3, ''),
(100010, '2016-10-23 14:49:23', 3, ''),
(100010, '2016-10-23 18:12:05', 3, ''),
(100010, '2016-11-06 14:49:50', 3, ''),
(100010, '2016-11-06 18:13:46', 3, ''),
(100010, '2016-11-20 14:42:53', 3, ''),
(100010, '2016-11-20 18:04:05', 3, ''),
(100010, '2016-12-04 06:06:02', 1, ''),
(100010, '2016-12-04 11:13:05', 1, ''),
(100010, '2016-12-18 06:05:47', 1, ''),
(100010, '2016-12-18 09:28:23', 1, ''),
(100010, '2017-01-08 14:54:40', 3, ''),
(100010, '2017-01-08 18:16:40', 3, ''),
(100010, '2017-01-22 15:03:31', 3, ''),
(100010, '2017-01-22 18:06:25', 3, ''),
(100010, '2017-01-23 18:58:09', 13, ''),
(100010, '2017-02-05 15:10:23', 3, ''),
(100010, '2017-02-05 18:49:20', 3, ''),
(100010, '2017-02-19 14:49:40', 3, ''),
(100010, '2017-02-19 18:31:03', 4, ''),
(100010, '2017-03-05 15:06:57', 3, ''),
(100010, '2017-06-04 15:09:27', 3, ''),
(100010, '2017-06-11 15:02:00', 3, 'Check In'),
(100010, '2017-06-11 18:00:00', 3, 'Check Out'),
(100010, '2017-07-23 15:51:22', 3, 'Check In'),
(100010, '2017-07-23 18:00:00', 3, 'Check Out'),
(100010, '2017-08-06 15:13:17', 3, 'Check In'),
(100010, '2017-08-06 18:00:00', 3, 'Check Out'),
(100010, '2017-10-01 15:29:53', 3, 'Check In'),
(100010, '2017-10-01 18:00:00', 3, 'Check Out'),
(100010, '2017-10-30 20:39:34', 25, 'Check In'),
(100010, '2017-10-30 21:30:00', 25, 'Check Out'),
(100010, '2017-11-12 15:14:37', 3, 'Check In'),
(100010, '2017-11-12 18:00:00', 3, 'Check Out'),
(100010, '2017-11-20 18:40:37', 27, 'Check In'),
(100010, '2017-11-20 21:30:00', 27, 'Check Out'),
(100010, '2017-12-10 15:03:59', 3, 'Check In'),
(100010, '2017-12-10 15:04:07', 3, 'Check Out'),
(100010, '2017-12-10 15:04:16', 3, 'Check In'),
(100010, '2017-12-10 18:00:00', 3, 'Check Out'),
(100011, '2016-08-28 17:44:24', 4, ''),
(100011, '2016-08-28 19:55:37', 4, ''),
(100011, '2016-09-11 14:59:35', 3, ''),
(100011, '2016-09-11 19:02:27', 3, ''),
(100011, '2016-10-09 15:21:51', 3, ''),
(100011, '2016-10-09 18:14:18', 3, ''),
(100011, '2016-10-23 15:26:38', 3, ''),
(100011, '2016-10-23 18:17:42', 3, ''),
(100011, '2016-11-06 14:54:57', 3, ''),
(100011, '2016-11-06 18:16:07', 3, ''),
(100011, '2016-12-04 06:25:58', 1, ''),
(100011, '2016-12-04 11:01:22', 2, ''),
(100011, '2016-12-18 06:24:36', 1, ''),
(100011, '2016-12-18 10:20:52', 2, ''),
(100011, '2017-01-08 15:10:52', 3, ''),
(100011, '2017-01-08 18:11:09', 3, ''),
(100011, '2017-02-19 15:02:48', 3, ''),
(100011, '2017-02-19 17:08:03', 4, ''),
(100012, '2016-08-29 17:56:31', 9, ''),
(100012, '2016-09-25 08:51:52', 2, ''),
(100012, '2016-10-09 10:52:19', 1, ''),
(100012, '2016-10-09 10:52:58', 2, ''),
(100012, '2016-10-23 09:40:56', 2, ''),
(100012, '2016-10-23 12:21:47', 2, ''),
(100012, '2016-11-20 09:28:20', 2, ''),
(100012, '2016-11-20 12:11:45', 2, '');
INSERT INTO `ihub_absence` (`idOpr`, `tglabsence`, `ibadah`, `keterangan`) VALUES
(100012, '2016-12-04 18:12:43', 4, ''),
(100012, '2016-12-04 19:59:28', 4, ''),
(100012, '2017-01-08 09:36:17', 2, ''),
(100012, '2017-01-08 12:11:40', 2, ''),
(100012, '2017-01-22 09:32:20', 1, ''),
(100012, '2017-01-22 12:04:56', 2, ''),
(100012, '2017-01-23 18:48:10', 13, ''),
(100012, '2017-02-19 09:24:17', 2, ''),
(100012, '2017-02-19 12:05:41', 2, ''),
(100012, '2017-03-05 09:05:47', 1, ''),
(100012, '2017-03-05 12:23:15', 2, ''),
(100013, '2016-09-04 06:38:59', 1, ''),
(100013, '2016-09-04 09:50:23', 1, ''),
(100013, '2016-09-06 18:18:40', 5, ''),
(100013, '2016-10-02 06:19:12', 1, ''),
(100013, '2016-10-02 09:08:55', 1, ''),
(100013, '2016-10-16 06:21:38', 1, ''),
(100013, '2016-10-16 08:55:15', 1, ''),
(100013, '2016-10-25 17:12:29', 16, ''),
(100013, '2016-11-13 05:57:27', 1, ''),
(100013, '2016-11-13 09:03:57', 2, ''),
(100013, '2016-11-27 15:00:50', 3, ''),
(100013, '2016-11-27 18:04:40', 3, ''),
(100013, '2016-12-04 06:23:30', 1, ''),
(100013, '2016-12-04 10:12:42', 2, ''),
(100013, '2016-12-10 15:54:44', 17, ''),
(100013, '2016-12-11 15:21:50', 3, ''),
(100013, '2016-12-11 19:14:56', 3, ''),
(100013, '2017-01-01 06:24:24', 1, ''),
(100013, '2017-01-01 09:11:40', 1, ''),
(100013, '2017-01-15 06:31:19', 1, ''),
(100013, '2017-01-15 08:59:56', 1, ''),
(100013, '2017-01-29 06:40:06', 1, ''),
(100013, '2017-01-29 09:08:47', 1, ''),
(100013, '2017-02-26 06:17:45', 1, ''),
(100013, '2017-02-26 09:04:56', 1, ''),
(100013, '2017-02-27 19:00:22', 13, ''),
(100013, '2017-06-25 12:14:24', 12, 'Check In'),
(100013, '2017-06-25 15:00:00', 12, 'Check Out'),
(100013, '2017-07-02 12:19:00', 12, 'Check In'),
(100013, '2017-07-02 15:00:00', 12, 'Check Out'),
(100013, '2017-10-01 13:43:39', 12, 'Check In'),
(100013, '2017-10-01 15:00:00', 12, 'Check Out'),
(100013, '2017-10-07 18:01:00', 17, 'Check Out'),
(100013, '2017-10-07 20:55:50', 17, 'Check In'),
(100013, '2017-10-08 12:14:33', 12, 'Check In'),
(100013, '2017-10-08 15:00:00', 12, 'Check Out'),
(100013, '2017-10-14 15:57:06', 17, 'Check In'),
(100013, '2017-10-14 18:01:00', 17, 'Check Out'),
(100013, '2017-10-15 12:29:57', 12, 'Check In'),
(100013, '2017-10-15 15:00:00', 12, 'Check Out'),
(100013, '2017-10-29 12:48:20', 12, 'Check In'),
(100013, '2017-10-29 15:00:00', 12, 'Check Out'),
(100013, '2017-10-30 19:08:00', 25, 'Check In'),
(100013, '2017-10-30 21:30:00', 25, 'Check Out'),
(100013, '2017-11-04 15:57:25', 17, 'Check In'),
(100013, '2017-11-04 18:01:00', 17, 'Check Out'),
(100013, '2017-11-05 12:25:28', 12, 'Check In'),
(100013, '2017-11-05 15:00:00', 12, 'Check Out'),
(100013, '2017-11-12 12:24:42', 12, 'Check In'),
(100013, '2017-11-12 15:00:00', 12, 'Check Out'),
(100013, '2017-11-18 15:42:15', 17, 'Check In'),
(100013, '2017-11-18 18:01:00', 17, 'Check Out'),
(100013, '2017-11-19 12:15:49', 12, 'Check In'),
(100013, '2017-11-19 15:00:00', 12, 'Check Out'),
(100013, '2017-11-20 19:43:59', 27, 'Check In'),
(100013, '2017-11-20 21:30:00', 27, 'Check Out'),
(100013, '2017-11-25 14:50:14', 17, 'Check In'),
(100013, '2017-11-25 18:01:00', 17, 'Check Out'),
(100013, '2017-12-02 15:10:00', 17, 'Check In'),
(100013, '2017-12-02 18:01:00', 17, 'Check Out'),
(100013, '2017-12-03 12:24:45', 12, 'Check In'),
(100013, '2017-12-03 15:00:00', 12, 'Check Out'),
(100013, '2017-12-09 15:29:43', 17, 'Check In'),
(100013, '2017-12-09 18:01:00', 17, 'Check Out'),
(100013, '2017-12-10 12:34:17', 12, 'Check In'),
(100013, '2017-12-10 15:00:00', 12, 'Check Out'),
(100014, '2016-09-04 17:12:45', 4, ''),
(100014, '2016-09-18 18:18:32', 3, ''),
(100014, '2016-09-18 18:18:46', 4, ''),
(100014, '2016-09-18 21:03:35', 4, ''),
(100014, '2016-10-02 17:50:52', 4, ''),
(100014, '2016-10-02 21:12:00', 4, ''),
(100014, '2016-10-16 17:57:41', 4, ''),
(100014, '2016-10-16 21:03:13', 4, ''),
(100014, '2016-10-22 17:53:34', 14, ''),
(100014, '2016-10-30 17:59:18', 4, ''),
(100014, '2016-10-30 21:22:01', 4, ''),
(100014, '2016-11-13 17:55:48', 4, ''),
(100014, '2016-11-13 20:57:05', 4, ''),
(100014, '2016-12-11 09:43:28', 2, ''),
(100014, '2016-12-18 06:10:02', 1, ''),
(100014, '2016-12-18 09:08:22', 1, ''),
(100014, '2017-01-01 17:44:19', 4, ''),
(100014, '2017-01-01 21:17:48', 4, ''),
(100014, '2017-01-23 19:07:55', 13, ''),
(100014, '2017-01-28 18:44:43', 8, ''),
(100014, '2017-01-28 21:15:52', 8, ''),
(100014, '2017-02-12 18:38:02', 4, ''),
(100014, '2017-02-12 21:19:10', 4, ''),
(100014, '2017-02-25 17:04:37', 8, ''),
(100014, '2017-02-25 21:38:45', 8, ''),
(100014, '2017-02-26 17:45:08', 4, ''),
(100014, '2017-02-26 20:59:54', 4, ''),
(100014, '2017-02-27 18:57:40', 13, ''),
(100014, '2017-02-27 21:43:16', 13, ''),
(100014, '2017-06-11 06:16:33', 1, 'Check In'),
(100014, '2017-06-11 09:00:00', 1, 'Check Out'),
(100014, '2017-06-11 09:11:42', 1, 'Check Out'),
(100014, '2017-06-12 21:30:02', 21, 'Check In'),
(100014, '2017-06-12 21:30:05', 21, 'Check Out'),
(100014, '2017-06-25 06:20:57', 1, 'Check In'),
(100014, '2017-06-25 09:00:00', 1, 'Check Out'),
(100014, '2017-06-25 09:15:26', 1, 'Check In'),
(100014, '2017-06-25 09:15:29', 1, 'Check Out'),
(100014, '2017-07-16 06:01:46', 1, 'Check In'),
(100014, '2017-07-16 09:00:00', 1, 'Check Out'),
(100014, '2017-07-16 09:21:06', 1, 'Check Out'),
(100014, '2017-07-17 19:03:47', 24, 'Check In'),
(100014, '2017-07-17 21:00:00', 24, 'Check Out'),
(100014, '2017-08-06 06:22:24', 1, 'Check In'),
(100014, '2017-08-06 09:00:00', 1, 'Check Out'),
(100014, '2017-10-15 06:29:52', 1, 'Check In'),
(100014, '2017-10-15 09:00:00', 1, 'Check Out'),
(100014, '2017-11-20 20:01:21', 27, 'Check In'),
(100014, '2017-11-20 21:30:00', 27, 'Check Out'),
(100014, '2017-11-26 06:13:56', 1, 'Check In'),
(100014, '2017-11-26 09:00:00', 1, 'Check Out'),
(100014, '2017-12-03 06:40:37', 1, 'Check In'),
(100014, '2017-12-03 09:00:00', 1, 'Check Out'),
(100015, '2016-09-04 17:44:45', 4, ''),
(100015, '2016-09-04 21:13:42', 4, ''),
(100015, '2016-10-02 17:42:19', 4, ''),
(100015, '2016-10-02 21:08:24', 4, ''),
(100015, '2016-10-16 17:40:57', 4, ''),
(100015, '2016-10-16 21:03:04', 4, ''),
(100015, '2016-10-30 17:36:43', 4, ''),
(100015, '2016-10-30 21:23:22', 4, ''),
(100015, '2016-11-13 17:44:48', 4, ''),
(100015, '2016-11-13 20:58:12', 4, ''),
(100015, '2017-01-15 21:07:23', 4, ''),
(100015, '2017-02-25 16:22:12', 8, ''),
(100015, '2017-02-25 21:38:50', 8, ''),
(100015, '2017-02-26 18:27:06', 4, ''),
(100015, '2017-02-26 21:12:13', 4, ''),
(100015, '2017-02-27 19:04:18', 13, ''),
(100015, '2017-07-16 18:07:36', 4, 'Check In'),
(100015, '2017-07-16 21:11:34', 4, 'Check Out'),
(100015, '2017-10-22 18:15:05', 4, 'Check In'),
(100015, '2017-10-22 21:00:00', 4, 'Check Out'),
(100015, '2017-11-05 18:14:17', 4, 'Check In'),
(100015, '2017-11-05 21:00:00', 4, 'Check Out'),
(100015, '2017-11-13 19:21:35', 26, 'Check In'),
(100015, '2017-11-13 21:30:00', 26, 'Check Out'),
(100015, '2017-11-20 18:53:13', 27, 'Check In'),
(100015, '2017-11-20 21:30:00', 27, 'Check Out'),
(100015, '2017-12-03 18:23:10', 4, 'Check In'),
(100015, '2017-12-03 21:00:00', 4, 'Check Out'),
(100016, '2016-09-11 06:17:27', 1, ''),
(100016, '2016-09-11 09:26:03', 2, ''),
(100016, '2016-09-25 06:17:58', 1, ''),
(100016, '2016-09-25 08:47:33', 1, ''),
(100016, '2016-10-09 06:14:16', 1, ''),
(100016, '2016-10-09 09:13:14', 1, ''),
(100016, '2016-10-23 06:21:11', 1, ''),
(100016, '2016-10-23 09:09:43', 1, ''),
(100016, '2016-11-06 06:38:10', 1, ''),
(100016, '2016-11-06 08:48:59', 2, ''),
(100016, '2016-11-20 06:19:52', 1, ''),
(100016, '2016-11-20 08:47:41', 1, ''),
(100016, '2016-12-04 15:22:52', 3, ''),
(100016, '2016-12-04 16:51:10', 3, ''),
(100016, '2017-01-08 06:43:03', 1, ''),
(100016, '2017-01-08 08:55:35', 1, ''),
(100016, '2017-01-22 06:20:18', 1, ''),
(100016, '2017-01-22 08:53:37', 1, ''),
(100016, '2017-01-23 19:13:01', 13, ''),
(100016, '2017-02-05 06:58:44', 1, ''),
(100016, '2017-02-05 09:01:30', 1, ''),
(100016, '2017-02-19 06:51:54', 1, ''),
(100016, '2017-02-19 10:01:35', 1, ''),
(100016, '2017-02-27 17:43:14', 13, ''),
(100016, '2017-03-05 06:50:14', 1, ''),
(100016, '2017-03-05 08:54:06', 2, ''),
(100016, '2017-06-04 15:37:52', 1, ''),
(100016, '2017-06-12 19:41:35', 21, 'Check In'),
(100016, '2017-06-12 21:00:00', 21, 'Check Out'),
(100016, '2017-06-25 06:27:12', 1, 'Check In'),
(100016, '2017-06-25 09:00:00', 1, 'Check Out'),
(100016, '2017-07-17 20:11:42', 24, 'Check In'),
(100016, '2017-07-17 21:00:00', 24, 'Check Out'),
(100016, '2017-07-23 06:18:14', 1, 'Check In'),
(100016, '2017-07-23 09:00:00', 1, 'Check Out'),
(100016, '2017-08-06 06:13:49', 1, 'Check In'),
(100016, '2017-08-06 09:00:00', 1, 'Check Out'),
(100016, '2017-10-01 06:31:45', 1, 'Check In'),
(100016, '2017-10-01 09:00:00', 1, 'Check Out'),
(100016, '2017-10-15 06:32:27', 1, 'Check In'),
(100016, '2017-10-15 09:00:00', 1, 'Check Out'),
(100016, '2017-10-29 06:31:39', 1, 'Check In'),
(100016, '2017-10-29 09:00:00', 1, 'Check Out'),
(100016, '2017-10-30 19:40:15', 25, 'Check In'),
(100016, '2017-10-30 21:30:00', 25, 'Check Out'),
(100016, '2017-11-12 06:29:39', 1, 'Check In'),
(100016, '2017-11-12 09:00:00', 1, 'Check Out'),
(100016, '2017-11-13 18:59:36', 26, 'Check In'),
(100016, '2017-11-13 21:30:00', 26, 'Check Out'),
(100016, '2017-11-20 19:32:28', 27, 'Check In'),
(100016, '2017-11-20 21:30:00', 27, 'Check Out'),
(100016, '2017-12-03 06:07:04', 1, 'Check In'),
(100016, '2017-12-03 09:00:00', 1, 'Check Out'),
(100016, '2017-12-10 06:23:59', 1, 'Check In'),
(100016, '2017-12-10 09:00:00', 1, 'Check Out'),
(100017, '2016-09-18 15:05:51', 3, ''),
(100017, '2016-09-18 18:07:48', 3, ''),
(100017, '2017-01-15 15:32:48', 3, ''),
(100017, '2017-01-15 18:02:31', 3, ''),
(100017, '2017-01-23 18:28:33', 13, ''),
(100017, '2017-01-29 16:12:37', 3, ''),
(100017, '2017-01-29 18:02:52', 3, ''),
(100017, '2017-02-12 15:24:45', 3, ''),
(100017, '2017-02-12 19:14:53', 3, ''),
(100017, '2017-02-25 16:23:17', 8, ''),
(100017, '2017-02-25 21:42:15', 8, ''),
(100017, '2017-02-26 15:29:23', 3, ''),
(100017, '2017-02-26 18:32:44', 3, ''),
(100017, '2017-02-27 18:28:02', 13, ''),
(100017, '2017-06-12 21:00:00', 21, 'Check Out'),
(100017, '2017-06-12 21:03:08', 21, 'Check In'),
(100017, '2017-06-12 21:31:22', 21, 'Check In'),
(100017, '2017-06-12 21:31:33', 21, 'Check Out'),
(100017, '2017-06-18 15:11:04', 3, 'Check In'),
(100017, '2017-06-18 18:00:00', 3, 'Check Out'),
(100017, '2017-06-18 18:09:52', 3, 'Check In'),
(100017, '2017-06-18 18:09:55', 3, 'Check Out'),
(100017, '2017-06-18 18:10:32', 3, 'Check In'),
(100017, '2017-06-18 18:10:36', 3, 'Check Out'),
(100017, '2017-06-18 18:23:04', 3, 'Check In'),
(100017, '2017-06-18 18:23:13', 3, 'Check Out'),
(100017, '2017-07-16 15:07:26', 3, 'Check In'),
(100017, '2017-07-16 18:00:00', 3, 'Check Out'),
(100017, '2017-07-17 19:18:02', 24, 'Check In'),
(100017, '2017-07-17 21:00:00', 24, 'Check Out'),
(100017, '2017-07-30 15:34:00', 3, 'Check In'),
(100017, '2017-07-30 18:00:00', 3, 'Check Out'),
(100017, '2017-10-08 15:10:23', 3, 'Check In'),
(100017, '2017-10-08 18:00:00', 3, 'Check Out'),
(100017, '2017-11-05 15:36:00', 3, 'Check In'),
(100017, '2017-11-05 18:00:00', 3, 'Check Out'),
(100017, '2017-11-13 19:01:43', 26, 'Check In'),
(100017, '2017-11-13 21:30:00', 26, 'Check Out'),
(100017, '2017-12-03 15:16:24', 3, 'Check In'),
(100017, '2017-12-03 18:00:00', 3, 'Check Out'),
(100017, '2017-12-10 14:31:44', 3, 'Check In'),
(100017, '2017-12-10 18:00:00', 3, 'Check Out'),
(100018, '2016-09-18 18:22:29', 4, ''),
(100018, '2016-09-18 20:57:31', 4, ''),
(100018, '2016-09-26 17:22:36', 11, ''),
(100018, '2016-10-02 18:36:54', 4, ''),
(100018, '2016-10-02 21:10:46', 4, ''),
(100018, '2016-10-16 17:35:01', 4, ''),
(100018, '2016-10-16 21:04:05', 4, ''),
(100018, '2016-10-25 16:50:31', 16, ''),
(100018, '2016-11-13 18:18:57', 3, ''),
(100018, '2016-11-13 18:19:09', 4, ''),
(100018, '2016-11-13 20:57:17', 4, ''),
(100018, '2016-12-11 09:39:42', 2, ''),
(100018, '2016-12-11 14:30:04', 2, ''),
(100018, '2017-01-23 18:08:08', 13, ''),
(100018, '2017-02-12 18:24:38', 4, ''),
(100018, '2017-02-12 21:22:53', 4, ''),
(100018, '2017-02-25 17:08:37', 8, ''),
(100018, '2017-02-25 21:41:28', 8, ''),
(100018, '2017-02-26 18:27:14', 4, ''),
(100018, '2017-02-26 21:12:25', 4, ''),
(100020, '2016-10-25 18:02:41', 16, ''),
(100020, '2016-11-27 11:58:48', 2, ''),
(100020, '2017-01-29 08:16:04', 1, ''),
(100020, '2017-02-26 07:50:50', 1, ''),
(100020, '2017-06-03 11:01:23', 8, ''),
(100020, '2017-10-07 15:39:19', 17, 'Check In'),
(100020, '2017-10-07 18:01:00', 17, 'Check Out'),
(100020, '2017-10-21 14:37:29', 17, 'Check In'),
(100020, '2017-10-21 18:01:00', 17, 'Check Out'),
(100021, '2016-10-30 09:28:58', 2, ''),
(100021, '2016-11-05 13:02:58', 17, ''),
(100021, '2016-11-27 18:26:08', 3, ''),
(100022, '2016-11-06 18:04:53', 4, ''),
(100022, '2016-11-20 08:56:03', 2, ''),
(100022, '2016-11-27 05:57:12', 1, ''),
(100022, '2016-12-11 10:36:47', 2, ''),
(100022, '2017-01-08 08:56:10', 1, ''),
(100022, '2017-02-05 05:59:36', 1, ''),
(100022, '2017-02-12 05:57:00', 1, ''),
(100023, '2017-01-08 08:50:32', 1, ''),
(100023, '2017-01-15 15:20:18', 3, ''),
(100023, '2017-01-29 08:19:01', 1, ''),
(100024, '2016-10-16 18:50:35', 3, ''),
(100024, '2016-11-06 15:06:45', 3, ''),
(100024, '2016-11-06 18:29:41', 3, ''),
(100024, '2016-11-13 14:55:37', 3, ''),
(100024, '2016-11-13 18:16:30', 3, ''),
(100024, '2016-11-20 18:17:55', 3, ''),
(100024, '2016-11-27 09:18:08', 1, ''),
(100024, '2016-12-11 15:06:41', 3, ''),
(100024, '2016-12-11 19:04:26', 4, ''),
(100024, '2017-01-15 15:12:52', 3, ''),
(100024, '2017-01-15 18:43:24', 4, ''),
(100024, '2017-02-12 17:50:06', 4, ''),
(100024, '2017-02-12 21:18:48', 4, ''),
(100024, '2017-02-19 17:46:35', 3, ''),
(100025, '2016-11-06 09:19:18', 2, ''),
(100025, '2017-01-15 15:13:21', 3, ''),
(100025, '2017-01-29 08:19:08', 1, ''),
(100025, '2017-02-12 08:46:22', 1, ''),
(100026, '2016-10-02 13:05:02', 12, ''),
(100026, '2016-10-09 13:14:13', 1, ''),
(100026, '2016-10-09 19:00:49', 4, ''),
(100026, '2016-10-16 12:51:48', 12, ''),
(100026, '2016-10-23 08:33:32', 1, ''),
(100026, '2016-11-06 12:09:12', 2, ''),
(100026, '2016-11-13 08:30:39', 2, ''),
(100026, '2016-11-20 21:12:19', 4, ''),
(100026, '2016-11-27 12:18:31', 2, ''),
(100026, '2016-12-04 08:09:31', 1, ''),
(100026, '2016-12-11 06:26:21', 1, ''),
(100026, '2017-01-08 08:54:55', 1, ''),
(100026, '2017-01-08 14:35:50', 3, ''),
(100026, '2017-01-15 13:14:53', 2, ''),
(100026, '2017-01-22 15:45:26', 3, ''),
(100026, '2017-01-29 06:15:16', 1, ''),
(100026, '2017-01-29 21:07:47', 4, ''),
(100026, '2017-02-12 08:43:36', 1, ''),
(100026, '2017-03-05 08:28:08', 1, ''),
(100028, '2016-10-09 08:24:15', 1, ''),
(100028, '2016-10-23 08:40:27', 1, ''),
(100028, '2016-10-23 13:06:07', 3, ''),
(100028, '2016-11-04 17:39:58', 10, ''),
(100028, '2016-11-06 08:22:27', 1, ''),
(100028, '2016-11-18 17:51:35', 10, ''),
(100028, '2016-12-04 08:49:35', 2, ''),
(100028, '2016-12-18 17:52:30', 3, ''),
(100028, '2016-12-18 17:52:45', 4, ''),
(100028, '2017-02-05 08:30:01', 1, ''),
(100028, '2017-02-19 14:54:49', 3, ''),
(100029, '2016-10-30 14:53:00', 3, ''),
(100029, '2016-11-06 08:56:30', 2, ''),
(100030, '2016-10-16 08:38:31', 1, ''),
(100030, '2016-11-06 06:05:46', 1, ''),
(100030, '2016-11-13 09:18:03', 1, ''),
(100030, '2016-11-20 18:21:19', 3, ''),
(100030, '2016-11-27 14:44:51', 3, ''),
(100030, '2016-12-04 15:02:55', 3, ''),
(100030, '2016-12-18 08:19:32', 1, ''),
(100030, '2016-12-18 08:19:55', 2, ''),
(100030, '2017-02-12 14:46:12', 3, ''),
(100030, '2017-02-12 21:16:49', 4, ''),
(100030, '2017-03-05 12:30:30', 2, ''),
(100034, '2016-12-11 19:05:08', 3, ''),
(100036, '2016-11-06 17:49:19', 4, ''),
(100036, '2016-11-13 17:56:07', 4, ''),
(100036, '2016-11-27 06:00:27', 1, ''),
(100037, '2016-10-09 15:01:34', 3, ''),
(100037, '2016-10-30 09:12:02', 1, ''),
(100037, '2016-11-27 18:18:55', 3, ''),
(100037, '2017-01-08 18:23:50', 3, ''),
(100037, '2017-01-15 18:11:57', 4, ''),
(100037, '2017-01-22 15:03:48', 3, ''),
(100037, '2017-03-05 09:22:44', 2, ''),
(100039, '2016-10-09 08:33:06', 1, ''),
(100039, '2016-10-16 15:18:55', 3, ''),
(100039, '2016-10-16 15:19:02', 4, ''),
(100039, '2016-10-16 21:09:55', 4, ''),
(100039, '2016-10-23 18:59:57', 4, ''),
(100039, '2017-01-01 06:07:12', 1, ''),
(100039, '2017-02-12 08:46:32', 1, ''),
(100040, '2016-10-16 15:02:25', 3, ''),
(100040, '2016-12-18 10:20:54', 2, ''),
(100041, '2017-01-15 15:14:16', 3, ''),
(100041, '2017-01-29 12:40:37', 2, ''),
(100043, '2016-10-16 15:26:48', 3, ''),
(100043, '2016-10-23 17:48:59', 4, ''),
(100043, '2016-10-23 21:30:34', 4, ''),
(100043, '2016-11-20 09:20:31', 2, ''),
(100043, '2016-11-27 17:19:41', 4, ''),
(100043, '2016-12-11 14:47:54', 3, ''),
(100044, '2016-11-27 14:53:42', 3, ''),
(100044, '2017-01-08 17:57:53', 4, ''),
(100044, '2017-02-26 15:20:36', 3, ''),
(100046, '2016-11-06 18:07:13', 4, ''),
(100046, '2016-11-13 14:59:07', 3, ''),
(100046, '2016-11-27 08:52:53', 2, ''),
(100046, '2017-02-12 09:29:03', 2, ''),
(100046, '2017-02-19 18:28:51', 4, ''),
(100046, '2017-02-26 14:56:26', 3, ''),
(100047, '2016-10-16 10:44:44', 2, ''),
(100047, '2016-10-30 15:15:05', 3, ''),
(100047, '2016-11-06 14:29:13', 3, ''),
(100047, '2016-11-13 15:07:14', 3, ''),
(100047, '2016-11-20 09:22:35', 1, ''),
(100047, '2016-11-27 08:58:51', 2, ''),
(100047, '2016-12-11 15:03:47', 3, ''),
(100047, '2016-12-11 19:05:29', 3, ''),
(100047, '2017-02-12 17:57:05', 4, ''),
(100047, '2017-02-12 21:18:42', 4, ''),
(100047, '2017-02-19 08:55:06', 1, ''),
(100047, '2017-02-19 08:55:42', 2, ''),
(100048, '2017-02-26 17:47:56', 4, ''),
(100050, '2016-10-16 17:51:34', 4, ''),
(100050, '2016-10-23 07:14:51', 1, ''),
(100050, '2016-10-30 08:53:38', 1, ''),
(100050, '2016-11-06 17:37:57', 4, ''),
(100050, '2017-01-22 10:41:34', 2, ''),
(100050, '2017-02-12 11:51:59', 2, ''),
(100050, '2017-02-26 17:47:43', 4, ''),
(100051, '2016-10-02 09:39:10', 2, ''),
(100051, '2016-10-16 15:26:58', 3, ''),
(100051, '2016-10-21 18:07:42', 10, ''),
(100051, '2016-11-06 06:05:54', 1, ''),
(100051, '2016-11-13 05:55:52', 1, ''),
(100051, '2016-12-04 15:05:46', 3, ''),
(100051, '2016-12-18 08:48:52', 2, ''),
(100052, '2016-10-16 14:49:20', 3, ''),
(100053, '2016-10-09 09:14:49', 2, ''),
(100053, '2016-10-23 18:22:37', 3, ''),
(100053, '2016-11-20 17:42:48', 2, ''),
(100053, '2016-11-20 21:14:08', 4, ''),
(100053, '2016-12-04 10:40:19', 2, ''),
(100053, '2016-12-11 10:36:37', 2, ''),
(100053, '2017-01-08 21:16:50', 4, ''),
(100053, '2017-01-22 15:11:53', 3, ''),
(100053, '2017-02-19 13:32:16', 2, ''),
(100056, '2016-11-27 12:35:52', 10, ''),
(100057, '2016-10-09 08:51:58', 1, ''),
(100057, '2016-10-23 18:59:43', 4, ''),
(100057, '2017-01-15 09:12:47', 1, ''),
(100057, '2017-01-22 14:57:33', 3, ''),
(100057, '2017-01-29 15:00:30', 3, ''),
(100058, '2016-10-23 13:06:47', 3, ''),
(100058, '2016-11-06 12:08:53', 2, ''),
(100059, '2016-10-07 17:58:51', 10, ''),
(100060, '2016-10-16 10:43:13', 2, ''),
(100061, '2017-01-08 12:51:24', 2, ''),
(100063, '2016-10-02 09:17:11', 2, ''),
(100063, '2017-01-08 21:17:28', 4, ''),
(100065, '2017-01-08 09:12:46', 2, ''),
(100065, '2017-01-15 09:15:15', 2, ''),
(100065, '2017-01-29 18:08:18', 3, ''),
(100067, '2016-10-02 21:22:12', 10, ''),
(100067, '2016-10-07 17:59:33', 10, ''),
(100067, '2016-11-06 18:51:14', 3, ''),
(100067, '2016-11-13 08:18:23', 2, ''),
(100067, '2017-01-08 08:49:50', 1, ''),
(100067, '2017-01-29 17:54:13', 4, ''),
(100069, '2016-11-06 12:11:32', 12, ''),
(100069, '2016-11-13 08:51:02', 2, ''),
(100069, '2016-11-20 17:22:01', 2, ''),
(100069, '2016-11-27 17:40:53', 4, ''),
(100069, '2017-01-22 08:28:23', 1, ''),
(100070, '2016-11-06 12:11:37', 12, ''),
(100070, '2016-11-20 21:13:54', 4, ''),
(100070, '2016-12-04 07:51:57', 1, ''),
(100070, '2016-12-18 17:42:37', 3, ''),
(100070, '2017-01-08 15:00:01', 3, ''),
(100071, '2017-01-08 08:58:44', 2, ''),
(100072, '2016-10-16 18:52:26', 3, ''),
(100072, '2016-10-23 12:28:40', 10, ''),
(100072, '2016-11-06 17:58:38', 4, ''),
(100072, '2016-11-13 17:51:06', 4, ''),
(100072, '2016-11-20 08:58:41', 2, ''),
(100072, '2016-11-27 08:59:56', 2, ''),
(100072, '2017-02-05 06:04:55', 1, ''),
(100072, '2017-02-12 09:27:25', 2, ''),
(100072, '2017-02-19 06:00:21', 1, ''),
(100072, '2017-02-26 15:25:05', 3, ''),
(100073, '2017-01-08 05:56:49', 1, ''),
(100073, '2017-01-15 09:13:04', 1, ''),
(100073, '2017-01-22 14:56:53', 3, ''),
(100073, '2017-01-29 14:53:32', 3, ''),
(100073, '2017-02-05 09:03:25', 1, ''),
(100073, '2017-02-12 12:25:12', 2, ''),
(100073, '2017-02-26 17:50:05', 4, ''),
(100074, '2016-11-20 18:23:57', 3, ''),
(100074, '2017-01-22 14:56:19', 3, ''),
(100074, '2017-03-05 08:43:51', 2, ''),
(100076, '2016-10-02 09:22:03', 2, ''),
(100076, '2016-10-16 09:14:58', 1, ''),
(100077, '2016-10-16 14:59:58', 3, ''),
(100077, '2016-10-30 17:31:25', 4, ''),
(100077, '2017-01-08 14:04:20', 3, ''),
(100077, '2017-01-15 09:12:37', 1, ''),
(100078, '2016-10-02 09:17:20', 2, ''),
(100078, '2016-10-09 18:25:04', 3, ''),
(100078, '2016-10-16 18:22:17', 4, ''),
(100078, '2016-10-23 09:19:52', 1, ''),
(100078, '2016-10-30 09:14:11', 1, ''),
(100078, '2016-11-13 12:55:23', 2, ''),
(100078, '2017-01-15 14:55:47', 3, ''),
(100079, '2016-11-20 09:21:05', 2, ''),
(100079, '2016-11-20 09:22:21', 1, ''),
(100079, '2016-12-11 19:04:47', 3, ''),
(100080, '2017-01-08 09:24:36', 1, ''),
(100080, '2017-01-15 09:15:33', 1, ''),
(100080, '2017-01-22 09:13:36', 1, ''),
(100083, '2016-11-06 17:58:22', 4, ''),
(100083, '2016-11-13 17:55:59', 4, ''),
(100083, '2017-02-12 05:59:51', 1, ''),
(100083, '2017-02-19 15:00:11', 3, ''),
(100083, '2017-02-26 15:00:03', 3, ''),
(100084, '2016-11-13 17:58:34', 3, ''),
(100084, '2016-11-13 17:58:45', 4, ''),
(100084, '2016-11-20 09:10:46', 2, ''),
(100084, '2016-12-11 10:36:43', 2, ''),
(100084, '2017-02-05 06:05:04', 1, ''),
(100084, '2017-02-19 14:45:20', 3, ''),
(100084, '2017-02-26 15:04:46', 3, ''),
(100086, '2016-10-02 09:27:15', 2, ''),
(100086, '2016-10-23 15:04:08', 3, ''),
(100086, '2016-11-13 05:55:25', 1, ''),
(100086, '2016-11-20 14:56:26', 3, ''),
(100086, '2016-11-27 14:54:04', 3, ''),
(100086, '2016-12-04 14:48:34', 2, ''),
(100086, '2016-12-18 15:30:04', 3, ''),
(100086, '2017-01-22 06:21:45', 1, ''),
(100086, '2017-03-05 08:43:43', 2, ''),
(100088, '2016-10-02 11:10:31', 2, ''),
(100088, '2016-10-23 12:59:30', 3, ''),
(100088, '2016-10-23 20:49:00', 4, ''),
(100088, '2016-10-30 05:28:40', 1, ''),
(100088, '2016-10-30 13:53:06', 2, ''),
(100088, '2016-10-30 13:53:29', 1, ''),
(100088, '2016-11-04 17:40:22', 10, ''),
(100088, '2016-12-04 14:49:32', 4, ''),
(100088, '2016-12-11 11:27:04', 4, ''),
(100088, '2016-12-18 08:48:28', 2, ''),
(100089, '2016-10-02 12:56:44', 12, ''),
(100090, '2016-10-09 08:36:57', 1, ''),
(100090, '2016-10-23 08:33:56', 1, ''),
(100090, '2016-10-23 13:05:16', 3, ''),
(100090, '2016-11-06 12:08:44', 2, ''),
(100090, '2016-11-13 08:30:10', 2, ''),
(100090, '2016-11-13 12:13:35', 12, ''),
(100090, '2016-11-13 12:13:45', 2, ''),
(100090, '2016-11-27 15:52:51', 4, ''),
(100090, '2016-12-04 08:30:20', 2, ''),
(100090, '2016-12-18 14:48:18', 3, ''),
(100090, '2016-12-18 18:42:36', 3, ''),
(100090, '2017-01-08 14:27:47', 3, ''),
(100090, '2017-01-15 09:13:34', 1, ''),
(100090, '2017-01-29 14:23:10', 3, ''),
(100090, '2017-02-12 14:24:53', 3, ''),
(100090, '2017-03-05 06:33:50', 1, ''),
(100091, '2016-11-13 09:18:18', 1, ''),
(100091, '2016-11-20 18:21:13', 3, ''),
(100091, '2016-11-27 14:45:16', 3, ''),
(100091, '2016-12-04 14:50:16', 3, ''),
(100091, '2016-12-18 08:20:46', 2, ''),
(100091, '2017-01-22 10:41:30', 2, ''),
(100091, '2017-03-05 12:30:25', 2, ''),
(100092, '2016-10-09 17:51:05', 4, ''),
(100094, '2016-10-23 17:50:07', 3, ''),
(100094, '2017-01-01 12:24:21', 2, ''),
(100094, '2017-01-08 09:28:44', 2, ''),
(100094, '2017-01-15 18:12:06', 4, ''),
(100094, '2017-01-29 14:44:26', 3, ''),
(100094, '2017-02-12 08:45:21', 1, ''),
(100094, '2017-02-26 14:21:17', 2, ''),
(100095, '2016-10-30 18:06:53', 4, ''),
(100095, '2016-12-11 09:01:23', 2, ''),
(100097, '2016-11-13 08:48:00', 2, ''),
(100097, '2016-11-20 21:13:09', 4, ''),
(100097, '2016-12-04 08:29:55', 1, ''),
(100097, '2016-12-04 08:30:30', 2, ''),
(100097, '2016-12-18 18:42:28', 3, ''),
(100099, '2016-10-02 12:56:36', 12, ''),
(100099, '2017-01-08 08:50:22', 1, ''),
(100099, '2017-01-29 08:19:15', 1, ''),
(100102, '2016-10-09 09:16:03', 1, ''),
(100102, '2016-10-16 05:59:54', 1, ''),
(100102, '2016-10-23 18:22:12', 3, ''),
(100102, '2016-10-30 14:56:07', 3, ''),
(100102, '2016-10-30 18:25:55', 3, ''),
(100102, '2017-01-08 21:18:09', 4, ''),
(100102, '2017-01-22 12:16:24', 2, ''),
(100105, '2016-11-13 14:55:45', 3, ''),
(100105, '2016-11-13 18:16:23', 3, ''),
(100105, '2016-11-20 09:22:28', 1, ''),
(100105, '2016-12-11 15:06:49', 3, ''),
(100106, '2016-10-09 09:17:18', 1, ''),
(100106, '2016-10-16 05:59:45', 1, ''),
(100106, '2016-10-16 09:14:51', 1, ''),
(100106, '2016-10-23 15:11:18', 3, ''),
(100106, '2016-10-23 18:24:34', 3, ''),
(100106, '2016-10-30 18:26:05', 3, ''),
(100106, '2016-12-11 08:38:35', 2, ''),
(100106, '2017-01-08 17:58:10', 4, ''),
(100106, '2017-01-08 21:17:15', 4, ''),
(100106, '2017-01-29 08:56:23', 2, ''),
(100109, '2016-10-16 15:30:08', 3, ''),
(100109, '2016-10-23 14:48:25', 3, ''),
(100109, '2016-11-13 05:50:44', 1, ''),
(100109, '2016-12-04 14:49:46', 3, ''),
(100109, '2016-12-11 09:10:05', 2, ''),
(100109, '2017-01-08 05:57:06', 1, ''),
(100111, '2016-11-06 14:27:41', 3, ''),
(100111, '2016-12-11 09:10:29', 2, ''),
(100113, '2016-11-13 12:13:22', 12, ''),
(100115, '2016-11-27 14:53:33', 3, ''),
(100117, '2016-11-13 14:49:54', 3, ''),
(100117, '2016-11-18 18:03:00', 10, ''),
(100117, '2016-12-04 15:25:16', 3, ''),
(100117, '2017-01-01 12:19:52', 2, ''),
(100117, '2017-01-22 14:47:44', 2, ''),
(100118, '2016-10-16 14:18:19', 3, ''),
(100118, '2016-11-06 11:15:11', 12, ''),
(100118, '2016-11-06 11:15:29', 3, ''),
(100118, '2016-11-20 14:22:55', 3, ''),
(100118, '2016-12-18 05:28:33', 1, ''),
(100118, '2017-01-15 14:25:12', 3, ''),
(100118, '2017-02-05 14:20:46', 3, ''),
(100120, '2016-11-13 14:53:53', 3, ''),
(100120, '2016-11-27 11:33:23', 2, ''),
(100120, '2016-11-27 15:41:56', 3, ''),
(100120, '2016-12-10 11:39:44', 17, ''),
(100120, '2016-12-11 11:23:40', 2, ''),
(100120, '2017-01-01 12:00:11', 2, ''),
(100120, '2017-01-22 14:11:19', 2, ''),
(100121, '2016-10-16 18:28:47', 3, ''),
(100124, '2016-10-09 18:09:32', 3, ''),
(100125, '2016-10-16 18:56:11', 3, ''),
(100125, '2017-01-08 05:56:57', 1, ''),
(100125, '2017-01-15 09:13:42', 1, ''),
(100125, '2017-01-22 14:57:08', 3, ''),
(100131, '2016-10-16 11:21:09', 2, ''),
(100131, '2016-10-30 11:45:01', 12, ''),
(100131, '2016-10-30 15:52:33', 12, ''),
(100131, '2016-11-06 09:19:19', 2, ''),
(100134, '2016-10-16 12:32:43', 12, ''),
(100134, '2016-10-30 09:25:00', 2, ''),
(100135, '2016-10-02 12:18:15', 12, ''),
(100135, '2016-10-16 12:31:08', 2, ''),
(100135, '2016-10-30 09:29:05', 2, ''),
(100140, '2016-11-27 11:34:16', 2, ''),
(100140, '2016-12-10 13:49:08', 17, ''),
(100140, '2016-12-18 16:10:11', 3, ''),
(100140, '2016-12-31 14:26:43', 8, ''),
(100142, '2016-10-09 14:57:23', 3, ''),
(100142, '2016-10-16 08:47:07', 1, ''),
(100142, '2016-11-06 12:09:01', 2, ''),
(100142, '2017-01-08 15:01:31', 3, ''),
(100142, '2017-01-08 18:23:38', 3, ''),
(100143, '2016-10-02 12:15:23', 12, ''),
(100146, '2016-10-16 09:16:11', 2, ''),
(100146, '2016-11-20 09:20:46', 2, ''),
(100146, '2016-12-11 09:15:09', 2, ''),
(100146, '2016-12-31 18:15:11', 8, ''),
(100146, '2017-01-08 05:56:01', 1, ''),
(100146, '2017-01-08 09:23:28', 2, ''),
(100148, '2016-11-06 21:12:57', 4, ''),
(100150, '2016-10-23 18:24:02', 3, ''),
(100150, '2016-11-27 18:25:52', 3, ''),
(100150, '2017-02-12 15:05:52', 3, ''),
(100150, '2017-02-12 18:19:15', 3, ''),
(100150, '2017-02-19 08:58:06', 2, ''),
(100150, '2017-02-19 15:10:39', 2, ''),
(100150, '2017-02-19 15:10:50', 12, ''),
(100150, '2017-03-04 14:49:06', 17, ''),
(100150, '2017-03-04 18:19:44', 17, ''),
(100150, '2017-03-05 11:38:18', 12, ''),
(100150, '2017-03-05 15:15:55', 12, ''),
(100151, '2016-12-04 15:13:35', 3, ''),
(100151, '2016-12-04 18:25:30', 3, ''),
(100151, '2016-12-17 15:16:34', 17, ''),
(100151, '2016-12-17 18:08:47', 17, ''),
(100151, '2017-01-08 09:13:19', 2, ''),
(100151, '2017-01-08 12:18:36', 2, ''),
(100152, '2016-10-16 15:27:07', 3, ''),
(100152, '2016-11-13 08:30:47', 2, ''),
(100153, '2016-10-02 09:17:57', 2, ''),
(100154, '2016-10-09 15:26:58', 3, ''),
(100156, '2016-10-23 09:40:33', 1, ''),
(100156, '2016-11-20 18:11:43', 3, ''),
(100156, '2016-12-11 17:27:02', 4, ''),
(100156, '2016-12-18 05:58:00', 1, ''),
(100156, '2017-01-01 09:25:06', 2, ''),
(100156, '2017-01-01 09:25:21', 1, ''),
(100156, '2017-01-15 09:16:02', 1, ''),
(100156, '2017-02-26 09:18:10', 1, ''),
(100159, '2016-10-23 18:26:14', 4, ''),
(100164, '2016-12-04 15:12:29', 3, ''),
(100165, '2016-10-23 15:15:51', 3, ''),
(100165, '2016-12-04 15:12:20', 3, ''),
(100165, '2017-01-08 12:51:15', 2, ''),
(100165, '2017-01-22 15:29:34', 3, ''),
(100165, '2017-02-19 16:44:54', 4, ''),
(100165, '2017-03-05 08:28:17', 1, ''),
(100166, '2016-10-16 10:44:21', 2, ''),
(100166, '2016-10-30 15:15:17', 3, ''),
(100166, '2016-11-06 14:29:03', 3, ''),
(100166, '2016-11-13 15:06:38', 3, ''),
(100166, '2016-11-27 09:20:04', 1, ''),
(100166, '2016-12-11 15:03:52', 3, ''),
(100166, '2017-02-19 08:56:14', 2, ''),
(100167, '2016-10-16 08:39:16', 1, ''),
(100167, '2016-10-30 15:13:36', 3, ''),
(100170, '2016-10-23 12:27:27', 10, ''),
(100170, '2017-01-29 08:41:53', 1, ''),
(100176, '2016-10-07 17:59:17', 10, ''),
(100176, '2017-01-01 06:07:35', 1, ''),
(100176, '2017-01-08 08:43:14', 1, ''),
(100176, '2017-01-15 08:51:54', 1, ''),
(100177, '2016-10-09 15:26:02', 3, ''),
(100178, '2016-10-09 12:21:54', 2, ''),
(100178, '2016-10-16 12:38:23', 12, ''),
(100178, '2016-10-16 12:38:35', 2, ''),
(100178, '2016-10-23 17:48:52', 4, ''),
(100178, '2016-10-23 21:30:23', 4, ''),
(100178, '2016-11-06 13:17:14', 2, ''),
(100178, '2016-11-27 08:48:57', 2, ''),
(100178, '2016-11-27 12:58:29', 2, ''),
(100178, '2017-01-15 08:55:11', 1, ''),
(100178, '2017-01-15 12:50:41', 2, ''),
(100178, '2017-01-22 14:02:25', 2, ''),
(100178, '2017-01-22 18:42:44', 3, ''),
(100178, '2017-02-26 14:44:31', 3, ''),
(100178, '2017-02-26 18:37:35', 4, ''),
(100178, '2017-02-26 18:38:13', 3, ''),
(100178, '2017-03-05 14:40:21', 3, ''),
(100182, '2016-10-25 16:50:16', 16, ''),
(100182, '2016-12-04 15:08:03', 3, ''),
(100182, '2017-01-08 06:18:50', 1, ''),
(100183, '2016-11-06 17:18:56', 4, ''),
(100183, '2016-11-27 17:19:18', 4, ''),
(100184, '2017-01-15 15:09:00', 3, ''),
(100184, '2017-01-15 18:02:16', 3, ''),
(100184, '2017-02-12 15:09:27', 3, ''),
(100184, '2017-02-12 18:18:31', 3, ''),
(100185, '2017-01-15 15:11:28', 3, ''),
(100185, '2017-01-15 18:02:09', 3, ''),
(100185, '2017-02-12 15:09:22', 3, ''),
(100185, '2017-02-12 18:18:26', 3, ''),
(100186, '2017-01-22 15:03:12', 3, ''),
(100186, '2017-01-29 14:53:47', 3, ''),
(100186, '2017-02-05 09:03:17', 1, ''),
(100186, '2017-02-12 12:24:55', 2, ''),
(100187, '2017-06-12 19:10:10', 21, 'Check In'),
(100187, '2017-06-12 21:00:00', 21, 'Check Out'),
(100187, '2017-06-12 22:53:16', 21, 'Check In'),
(100187, '2017-06-12 22:53:32', 21, 'Check Out'),
(100187, '2017-06-17 15:23:48', 17, 'Check In'),
(100187, '2017-06-17 18:01:00', 17, 'Check Out'),
(100188, '2017-06-12 19:28:43', 21, 'Check In'),
(100188, '2017-06-12 21:00:00', 21, 'Check Out'),
(100188, '2017-06-25 06:27:50', 1, 'Check In'),
(100188, '2017-06-25 09:00:00', 1, 'Check Out'),
(100188, '2017-07-02 06:18:33', 1, 'Check In'),
(100188, '2017-07-02 09:00:00', 1, 'Check Out'),
(100188, '2017-07-16 06:18:18', 1, 'Check In'),
(100188, '2017-07-16 09:00:00', 1, 'Check Out'),
(100188, '2017-07-17 19:28:56', 24, 'Check In'),
(100188, '2017-07-17 21:00:00', 24, 'Check Out'),
(100188, '2017-07-23 06:29:47', 1, 'Check In'),
(100188, '2017-07-23 09:00:00', 1, 'Check Out'),
(100188, '2017-07-30 06:23:50', 1, 'Check In'),
(100188, '2017-07-30 09:00:00', 1, 'Check Out'),
(100188, '2017-10-22 06:13:23', 1, 'Check In'),
(100188, '2017-10-22 09:00:00', 1, 'Check Out'),
(100188, '2017-10-30 20:36:30', 25, 'Check In'),
(100188, '2017-10-30 21:30:00', 25, 'Check Out'),
(100188, '2017-11-05 06:10:12', 1, 'Check In'),
(100188, '2017-11-05 09:00:00', 1, 'Check Out'),
(100188, '2017-11-13 19:24:53', 26, 'Check In'),
(100188, '2017-11-13 21:30:00', 26, 'Check Out'),
(100188, '2017-11-19 06:07:42', 1, 'Check In'),
(100188, '2017-11-19 09:00:00', 1, 'Check Out'),
(100188, '2017-11-20 19:16:01', 27, 'Check In'),
(100188, '2017-11-20 21:30:00', 27, 'Check Out'),
(100188, '2017-12-03 06:13:27', 1, 'Check In'),
(100188, '2017-12-03 09:00:00', 1, 'Check Out'),
(100188, '2017-12-10 06:05:17', 1, 'Check In'),
(100188, '2017-12-10 09:00:00', 1, 'Check Out'),
(100189, '2017-06-12 19:31:00', 21, 'Check In'),
(100189, '2017-06-12 19:31:13', 21, 'Check Out'),
(100189, '2017-06-12 19:31:19', 21, 'Check In'),
(100189, '2017-06-12 21:00:00', 21, 'Check Out'),
(100189, '2017-06-17 15:02:39', 17, 'Check In'),
(100189, '2017-06-17 15:02:48', 17, 'Check Out'),
(100189, '2017-06-17 15:02:54', 17, 'Check In'),
(100189, '2017-06-17 17:01:22', 17, 'Check Out'),
(100189, '2017-07-09 14:58:58', 3, 'Check In'),
(100189, '2017-07-09 18:00:00', 3, 'Check Out'),
(100189, '2017-07-17 18:38:00', 24, 'Check In'),
(100189, '2017-07-17 21:00:00', 24, 'Check Out'),
(100189, '2017-07-23 14:50:28', 3, 'Check In'),
(100189, '2017-07-23 18:00:00', 3, 'Check Out'),
(100189, '2017-08-06 14:56:35', 3, 'Check In'),
(100189, '2017-08-06 18:00:00', 3, 'Check Out'),
(100189, '2017-10-30 18:54:04', 25, 'Check In'),
(100189, '2017-10-30 21:30:00', 25, 'Check Out'),
(100189, '2017-11-12 14:55:41', 3, 'Check In'),
(100189, '2017-11-12 18:00:00', 3, 'Check Out'),
(100189, '2017-11-13 19:04:15', 26, 'Check In'),
(100189, '2017-11-13 21:30:00', 26, 'Check Out'),
(100189, '2017-11-26 15:09:31', 3, 'Check In'),
(100189, '2017-11-26 18:00:00', 3, 'Check Out'),
(100189, '2017-12-10 15:20:55', 3, 'Check In'),
(100189, '2017-12-10 18:00:00', 3, 'Check Out'),
(100190, '2017-06-12 19:31:24', 21, 'Check In'),
(100190, '2017-06-12 19:31:40', 21, 'Check Out'),
(100190, '2017-06-17 09:24:30', 17, 'Check In'),
(100190, '2017-06-17 09:25:28', 17, 'Check Out'),
(100190, '2017-07-09 14:46:15', 3, 'Check In'),
(100190, '2017-07-09 14:46:19', 3, 'Check Out'),
(100190, '2017-07-17 18:30:10', 24, 'Check In'),
(100190, '2017-07-17 21:00:00', 24, 'Check Out'),
(100190, '2017-07-23 15:04:16', 3, 'Check In'),
(100190, '2017-07-23 18:00:00', 3, 'Check Out'),
(100190, '2017-08-06 14:34:13', 3, 'Check In'),
(100190, '2017-08-06 18:00:00', 3, 'Check Out'),
(100190, '2017-08-06 18:24:39', 3, 'Check Out'),
(100190, '2017-10-01 17:18:38', 3, 'Check In'),
(100190, '2017-10-01 18:00:00', 3, 'Check Out'),
(100190, '2017-10-15 15:14:03', 3, 'Check In'),
(100190, '2017-10-15 18:00:00', 3, 'Check Out'),
(100190, '2017-10-29 15:23:10', 3, 'Check In'),
(100190, '2017-10-29 18:00:00', 3, 'Check Out'),
(100190, '2017-10-30 18:58:16', 25, 'Check In'),
(100190, '2017-10-30 21:30:00', 25, 'Check Out'),
(100190, '2017-11-13 18:58:09', 26, 'Check In'),
(100190, '2017-11-13 21:30:00', 26, 'Check Out'),
(100190, '2017-12-03 14:38:11', 3, 'Check In'),
(100190, '2017-12-03 18:00:00', 3, 'Check Out'),
(100190, '2017-12-10 15:05:33', 3, 'Check In'),
(100190, '2017-12-10 18:00:00', 3, 'Check Out'),
(100191, '2017-06-12 19:41:55', 21, 'Check In'),
(100191, '2017-06-12 19:42:00', 21, 'Check Out'),
(100191, '2017-06-17 15:03:44', 17, 'Check In'),
(100191, '2017-06-17 18:01:00', 17, 'Check Out'),
(100191, '2017-07-09 14:58:26', 3, 'Check In'),
(100191, '2017-07-09 18:00:00', 3, 'Check Out'),
(100191, '2017-07-17 18:40:23', 24, 'Check In'),
(100191, '2017-07-17 21:00:00', 24, 'Check Out'),
(100191, '2017-07-23 14:54:40', 3, 'Check In'),
(100191, '2017-07-23 18:00:00', 3, 'Check Out'),
(100191, '2017-08-06 14:56:04', 3, 'Check In'),
(100191, '2017-08-06 18:00:00', 3, 'Check Out'),
(100191, '2017-10-15 14:59:34', 3, 'Check In'),
(100191, '2017-10-15 18:00:00', 3, 'Check Out'),
(100191, '2017-10-30 18:54:27', 25, 'Check In'),
(100191, '2017-10-30 21:30:00', 25, 'Check Out'),
(100191, '2017-11-12 14:56:16', 3, 'Check In'),
(100191, '2017-11-12 18:00:00', 3, 'Check Out'),
(100191, '2017-11-26 15:41:58', 3, 'Check In'),
(100191, '2017-11-26 18:00:00', 3, 'Check Out'),
(100191, '2017-12-10 16:05:02', 3, 'Check In'),
(100191, '2017-12-10 18:00:00', 3, 'Check Out'),
(100192, '2017-06-17 09:44:44', 8, 'Check In'),
(100192, '2017-06-17 09:45:33', 8, 'Check Out'),
(100192, '2017-06-18 15:07:22', 3, 'Check In'),
(100192, '2017-06-18 18:00:00', 3, 'Check Out'),
(100192, '2017-07-08 15:21:18', 17, 'Check In'),
(100192, '2017-07-08 18:11:27', 17, 'Check Out'),
(100192, '2017-07-16 14:49:02', 3, 'Check In'),
(100192, '2017-07-16 18:00:00', 3, 'Check Out'),
(100192, '2017-07-17 18:27:03', 24, 'Check In'),
(100192, '2017-07-17 21:00:00', 24, 'Check Out'),
(100192, '2017-07-30 15:27:10', 3, 'Check In'),
(100192, '2017-07-30 18:00:00', 3, 'Check Out'),
(100192, '2017-10-08 15:01:39', 3, 'Check In'),
(100192, '2017-10-08 18:00:00', 3, 'Check Out'),
(100192, '2017-10-30 20:39:22', 25, 'Check In'),
(100192, '2017-10-30 21:30:00', 25, 'Check Out'),
(100192, '2017-11-05 14:55:05', 3, 'Check In'),
(100192, '2017-11-05 18:00:00', 3, 'Check Out'),
(100192, '2017-12-03 14:51:17', 3, 'Check In'),
(100192, '2017-12-03 18:00:00', 3, 'Check Out'),
(100192, '2017-12-10 13:06:56', 3, 'Check In'),
(100192, '2017-12-10 18:00:00', 3, 'Check Out'),
(100193, '2017-06-12 19:55:41', 21, 'Check In'),
(100193, '2017-06-12 21:00:00', 21, 'Check Out'),
(100193, '2017-06-25 06:04:56', 1, 'Check In'),
(100193, '2017-06-25 09:00:00', 1, 'Check Out'),
(100193, '2017-07-02 06:14:01', 1, 'Check In'),
(100193, '2017-07-02 08:57:16', 1, 'Check Out'),
(100193, '2017-07-09 06:11:34', 1, 'Check In'),
(100193, '2017-07-09 09:00:00', 1, 'Check Out'),
(100193, '2017-07-09 09:17:27', 1, 'Check In'),
(100193, '2017-07-09 09:17:33', 1, 'Check Out'),
(100193, '2017-07-23 06:08:34', 1, 'Check In'),
(100193, '2017-07-23 09:00:00', 1, 'Check Out'),
(100193, '2017-07-23 09:09:06', 1, 'Check In'),
(100193, '2017-07-23 09:09:10', 1, 'Check Out'),
(100193, '2017-08-06 06:23:35', 1, 'Check In'),
(100193, '2017-08-06 09:00:00', 1, 'Check Out'),
(100193, '2017-10-15 06:27:55', 1, 'Check In'),
(100193, '2017-10-15 09:00:00', 1, 'Check Out'),
(100193, '2017-10-29 06:24:46', 1, 'Check In'),
(100193, '2017-10-29 09:00:00', 1, 'Check Out'),
(100193, '2017-10-30 19:58:11', 25, 'Check In'),
(100193, '2017-10-30 21:30:00', 25, 'Check Out'),
(100193, '2017-11-12 06:12:37', 1, 'Check In'),
(100193, '2017-11-12 09:00:00', 1, 'Check Out'),
(100193, '2017-11-13 19:43:00', 26, 'Check In'),
(100193, '2017-11-13 21:30:00', 26, 'Check Out'),
(100193, '2017-11-20 18:33:46', 27, 'Check In'),
(100193, '2017-11-20 21:30:00', 27, 'Check Out'),
(100193, '2017-11-26 06:22:56', 1, 'Check In'),
(100193, '2017-11-26 09:00:00', 1, 'Check Out'),
(100193, '2017-12-03 06:27:36', 1, 'Check In'),
(100193, '2017-12-03 09:00:00', 1, 'Check Out'),
(100193, '2017-12-10 05:54:20', 1, 'Check In'),
(100193, '2017-12-10 09:00:00', 1, 'Check Out'),
(100194, '2017-06-12 19:59:25', 21, 'Check In'),
(100194, '2017-06-12 21:00:00', 21, 'Check Out'),
(100194, '2017-06-25 06:05:07', 1, 'Check In'),
(100194, '2017-06-25 09:00:00', 1, 'Check Out'),
(100194, '2017-07-02 06:15:36', 1, 'Check In'),
(100194, '2017-07-02 08:57:50', 1, 'Check Out'),
(100194, '2017-07-09 06:12:27', 1, 'Check In'),
(100194, '2017-07-09 09:00:00', 1, 'Check Out'),
(100194, '2017-07-09 09:17:37', 1, 'Check Out'),
(100194, '2017-07-23 06:07:45', 1, 'Check In'),
(100194, '2017-07-23 09:00:00', 1, 'Check Out'),
(100194, '2017-08-06 06:24:17', 1, 'Check In'),
(100194, '2017-08-06 09:00:00', 1, 'Check Out'),
(100194, '2017-10-01 06:31:29', 1, 'Check In'),
(100194, '2017-10-01 09:00:00', 1, 'Check Out'),
(100194, '2017-10-15 06:26:50', 1, 'Check In'),
(100194, '2017-10-15 09:00:00', 1, 'Check Out'),
(100194, '2017-10-29 06:24:04', 1, 'Check In'),
(100194, '2017-10-29 09:00:00', 1, 'Check Out'),
(100194, '2017-10-30 20:36:30', 25, 'Check In'),
(100194, '2017-10-30 21:30:00', 25, 'Check Out'),
(100194, '2017-11-12 06:17:25', 1, 'Check In'),
(100194, '2017-11-12 09:00:00', 1, 'Check Out'),
(100194, '2017-11-13 19:43:28', 26, 'Check In'),
(100194, '2017-11-13 21:30:00', 26, 'Check Out'),
(100194, '2017-11-20 18:35:24', 27, 'Check In'),
(100194, '2017-11-20 21:30:00', 27, 'Check Out'),
(100194, '2017-11-26 06:21:43', 1, 'Check In'),
(100194, '2017-11-26 09:00:00', 1, 'Check Out'),
(100194, '2017-12-03 06:14:31', 1, 'Check In'),
(100194, '2017-12-03 09:00:00', 1, 'Check Out'),
(100194, '2017-12-10 05:52:48', 1, 'Check In'),
(100194, '2017-12-10 09:00:00', 1, 'Check Out'),
(100195, '2017-06-12 20:10:03', 21, 'Check In'),
(100195, '2017-06-12 20:10:11', 21, 'Check Out'),
(100195, '2017-06-12 20:10:17', 21, 'Check In'),
(100195, '2017-06-12 20:10:19', 21, 'Check Out'),
(100195, '2017-07-02 06:23:02', 1, 'Check In'),
(100195, '2017-07-02 09:00:00', 1, 'Check Out'),
(100195, '2017-07-17 18:17:12', 24, 'Check In'),
(100195, '2017-07-17 21:00:00', 24, 'Check Out'),
(100195, '2017-07-23 06:13:40', 1, 'Check In'),
(100195, '2017-07-23 09:00:00', 1, 'Check Out'),
(100195, '2017-07-30 12:27:16', 12, 'Check In'),
(100195, '2017-07-30 15:00:00', 12, 'Check Out'),
(100195, '2017-08-06 06:23:48', 1, 'Check In'),
(100195, '2017-08-06 09:00:00', 1, 'Check Out'),
(100195, '2017-10-01 06:30:54', 1, 'Check In'),
(100195, '2017-10-01 09:00:00', 1, 'Check Out'),
(100195, '2017-10-15 06:28:17', 1, 'Check In'),
(100195, '2017-10-15 09:00:00', 1, 'Check Out'),
(100195, '2017-10-29 06:27:47', 1, 'Check In'),
(100195, '2017-10-29 09:00:00', 1, 'Check Out'),
(100195, '2017-10-30 19:02:52', 25, 'Check In'),
(100195, '2017-10-30 21:30:00', 25, 'Check Out'),
(100195, '2017-11-12 06:35:24', 1, 'Check In'),
(100195, '2017-11-12 09:00:00', 1, 'Check Out'),
(100195, '2017-11-13 18:53:39', 26, 'Check In'),
(100195, '2017-11-13 21:30:00', 26, 'Check Out'),
(100195, '2017-11-20 18:52:17', 27, 'Check In'),
(100195, '2017-11-20 21:30:00', 27, 'Check Out'),
(100195, '2017-11-26 06:39:51', 1, 'Check In'),
(100195, '2017-11-26 09:00:00', 1, 'Check Out'),
(100195, '2017-12-03 05:53:26', 1, 'Check In'),
(100195, '2017-12-03 09:00:00', 1, 'Check Out'),
(100195, '2017-12-10 05:59:46', 1, 'Check In'),
(100195, '2017-12-10 09:00:00', 1, 'Check Out'),
(100196, '2017-06-12 20:15:10', 21, 'Check In'),
(100196, '2017-06-12 21:00:00', 21, 'Check Out'),
(100196, '2017-06-25 15:07:09', 3, 'Check In'),
(100196, '2017-06-25 18:00:00', 3, 'Check Out'),
(100196, '2017-06-25 22:35:27', 3, 'Check Out'),
(100196, '2017-07-02 15:03:05', 3, 'Check In'),
(100196, '2017-07-02 17:54:57', 3, 'Check Out'),
(100196, '2017-07-09 14:45:21', 3, 'Check In'),
(100196, '2017-07-09 18:00:00', 3, 'Check Out'),
(100196, '2017-07-23 15:29:33', 3, 'Check In'),
(100196, '2017-07-23 18:00:00', 3, 'Check Out'),
(100196, '2017-08-06 15:03:54', 3, 'Check In'),
(100196, '2017-08-06 18:00:00', 3, 'Check Out'),
(100196, '2017-10-01 15:09:03', 3, 'Check In'),
(100196, '2017-10-01 18:00:00', 3, 'Check Out'),
(100196, '2017-10-15 14:56:33', 3, 'Check In'),
(100196, '2017-10-15 18:00:00', 3, 'Check Out'),
(100196, '2017-10-29 15:16:16', 3, 'Check In'),
(100196, '2017-10-29 18:00:00', 3, 'Check Out'),
(100196, '2017-12-10 15:57:43', 3, 'Check In'),
(100196, '2017-12-10 18:00:00', 3, 'Check Out'),
(100197, '2017-06-18 18:33:14', 4, 'Check In'),
(100197, '2017-06-18 21:06:32', 4, 'Check Out'),
(100197, '2017-06-25 18:07:54', 4, 'Check In'),
(100197, '2017-06-25 21:15:13', 4, 'Check Out'),
(100197, '2017-07-02 17:53:49', 4, 'Check In'),
(100197, '2017-07-02 21:08:58', 4, 'Check Out'),
(100197, '2017-07-16 21:13:33', 4, 'Check In'),
(100197, '2017-07-16 21:17:03', 4, 'Check Out'),
(100197, '2017-07-23 18:19:42', 4, 'Check In'),
(100197, '2017-07-23 21:07:51', 4, 'Check Out'),
(100197, '2017-07-23 21:08:15', 4, 'Check In'),
(100197, '2017-07-23 21:08:17', 4, 'Check Out'),
(100197, '2017-07-30 18:05:19', 4, 'Check In'),
(100197, '2017-07-30 21:11:00', 4, 'Check Out'),
(100197, '2017-10-08 18:10:06', 4, 'Check In'),
(100197, '2017-10-08 21:00:00', 4, 'Check Out'),
(100197, '2017-10-22 18:11:06', 4, 'Check In'),
(100197, '2017-10-22 21:26:22', 4, 'Check Out'),
(100197, '2017-10-22 21:26:58', 4, 'Check In'),
(100197, '2017-10-22 21:27:01', 4, 'Check Out'),
(100197, '2017-10-30 20:59:23', 25, 'Check In'),
(100197, '2017-10-30 21:30:00', 25, 'Check Out'),
(100197, '2017-12-03 18:42:55', 4, 'Check In'),
(100197, '2017-12-03 21:00:00', 4, 'Check Out'),
(100198, '2017-06-12 22:03:00', 21, 'Check In'),
(100198, '2017-06-12 22:03:34', 21, 'Check Out'),
(100198, '2017-07-02 09:27:04', 2, 'Check In'),
(100198, '2017-07-02 12:00:00', 2, 'Check Out'),
(100198, '2017-07-02 12:21:51', 2, 'Check Out'),
(100198, '2017-07-16 09:21:22', 2, 'Check In'),
(100198, '2017-07-16 12:00:00', 2, 'Check Out'),
(100198, '2017-07-16 12:46:34', 2, 'Check In'),
(100198, '2017-07-16 12:46:40', 2, 'Check Out'),
(100198, '2017-07-30 09:06:20', 2, 'Check In'),
(100198, '2017-07-30 12:00:00', 2, 'Check Out'),
(100199, '0000-00-00 00:00:00', 3, 'Check Out'),
(100199, '2017-06-12 22:21:50', 21, 'Check In'),
(100199, '2017-06-12 22:22:13', 21, 'Check Out'),
(100199, '2017-06-25 14:53:01', 3, 'Check In'),
(100199, '2017-06-25 18:00:00', 3, 'Check Out'),
(100199, '2017-07-09 14:38:45', 3, 'Check In'),
(100199, '2017-07-09 18:00:00', 3, 'Check Out'),
(100199, '2017-07-23 15:03:20', 3, 'Check In'),
(100199, '2017-07-23 18:00:00', 3, 'Check Out'),
(100199, '2017-10-01 15:13:55', 3, 'Check In'),
(100199, '2017-10-15 15:19:32', 3, 'Check In'),
(100199, '2017-10-15 18:00:00', 3, 'Check Out'),
(100199, '2017-11-12 15:21:56', 3, 'Check In'),
(100199, '2017-11-12 18:03:27', 3, 'Check Out'),
(100199, '2017-11-13 18:46:26', 26, 'Check In'),
(100199, '2017-11-13 21:30:00', 26, 'Check Out'),
(100199, '2017-11-20 18:33:59', 27, 'Check In'),
(100199, '2017-11-23 19:05:06', 27, 'Check Out'),
(100199, '2017-12-10 15:04:40', 3, 'Check In'),
(100199, '2017-12-10 18:00:00', 3, 'Check Out'),
(100200, '0000-00-00 00:00:00', 24, 'Check In'),
(100200, '2017-06-12 22:56:55', 21, 'Check In'),
(100200, '2017-06-12 22:57:13', 21, 'Check Out'),
(100200, '2017-06-25 15:17:03', 3, 'Check In'),
(100200, '2017-06-25 18:00:00', 3, 'Check Out'),
(100200, '2017-07-09 15:15:23', 3, 'Check In'),
(100200, '2017-07-09 18:00:00', 3, 'Check Out'),
(100200, '2017-07-18 08:15:32', 24, 'Check Out'),
(100200, '2017-07-23 15:22:02', 3, 'Check In'),
(100200, '2017-07-23 18:00:00', 3, 'Check Out'),
(100200, '2017-07-23 18:55:01', 3, 'Check Out'),
(100200, '2017-08-06 14:56:08', 3, 'Check In'),
(100200, '2017-08-06 18:00:00', 3, 'Check Out'),
(100200, '2017-10-01 15:13:04', 3, 'Check In'),
(100200, '2017-10-01 18:00:00', 3, 'Check Out'),
(100200, '2017-10-15 15:08:23', 3, 'Check In'),
(100200, '2017-10-15 18:00:00', 3, 'Check Out'),
(100200, '2017-10-29 15:17:56', 3, 'Check In'),
(100200, '2017-10-29 18:00:00', 3, 'Check Out'),
(100201, '2017-06-25 14:37:45', 3, 'Check In'),
(100201, '2017-06-25 18:00:00', 3, 'Check Out'),
(100201, '2017-07-02 14:28:18', 3, 'Check In'),
(100201, '2017-07-02 18:00:00', 3, 'Check Out'),
(100201, '2017-07-02 19:54:21', 3, 'Check In'),
(100201, '2017-07-02 19:54:25', 3, 'Check Out'),
(100201, '2017-07-09 14:45:10', 3, 'Check In'),
(100201, '2017-07-09 18:00:00', 3, 'Check Out'),
(100201, '2017-07-17 18:12:44', 24, 'Check In'),
(100201, '2017-07-17 21:00:00', 24, 'Check Out'),
(100201, '2017-07-23 14:38:35', 3, 'Check In'),
(100201, '2017-07-23 18:00:00', 3, 'Check Out'),
(100201, '2017-08-06 14:48:42', 3, 'Check In'),
(100201, '2017-08-06 18:00:00', 3, 'Check Out'),
(100201, '2017-08-11 18:28:21', 10, 'Check In'),
(100201, '2017-08-11 21:00:00', 10, 'Check Out'),
(100201, '2017-10-01 15:03:00', 3, 'Check In'),
(100201, '2017-10-01 18:00:00', 3, 'Check Out'),
(100201, '2017-10-15 14:58:37', 3, 'Check In'),
(100201, '2017-10-15 18:00:00', 3, 'Check Out'),
(100201, '2017-11-13 18:52:00', 26, 'Check In'),
(100201, '2017-11-13 21:30:00', 26, 'Check Out'),
(100201, '2017-11-20 19:25:14', 27, 'Check In'),
(100201, '2017-11-20 21:30:00', 27, 'Check Out'),
(100201, '2017-11-26 14:32:06', 3, 'Check In'),
(100201, '2017-11-26 18:00:00', 3, 'Check Out'),
(100201, '2017-12-10 16:08:10', 3, 'Check In'),
(100201, '2017-12-10 18:00:00', 3, 'Check Out'),
(100202, '2017-10-08 09:12:38', 2, 'Check In'),
(100202, '2017-10-08 09:13:31', 2, 'Check Out'),
(100202, '2017-10-29 09:10:34', 2, 'Check In'),
(100202, '2017-10-29 09:11:38', 2, 'Check Out'),
(100202, '2017-10-30 19:01:36', 25, 'Check In'),
(100202, '2017-10-30 19:02:38', 25, 'Check Out'),
(100202, '2017-11-05 09:16:49', 2, 'Check In'),
(100202, '2017-11-05 09:17:04', 2, 'Check Out'),
(100202, '2017-11-13 18:56:35', 26, 'Check In'),
(100202, '2017-11-13 18:56:56', 26, 'Check Out'),
(100202, '2017-12-03 09:20:34', 2, 'Check In'),
(100202, '2017-12-03 09:20:37', 2, 'Check Out'),
(100202, '2017-12-10 09:05:33', 2, 'Check In'),
(100202, '2017-12-10 09:05:36', 2, 'Check Out'),
(100203, '2017-06-24 18:10:02', 8, 'Check In'),
(100203, '2017-06-24 21:54:56', 8, 'Check Out'),
(100203, '2017-07-01 18:03:53', 8, 'Check In'),
(100203, '2017-07-01 21:25:30', 8, 'Check Out'),
(100203, '2017-07-15 18:03:02', 8, 'Check In'),
(100203, '2017-07-15 21:00:00', 8, 'Check Out'),
(100203, '2017-07-17 18:27:09', 24, 'Check In'),
(100203, '2017-07-17 21:00:00', 24, 'Check Out'),
(100203, '2017-07-22 17:31:44', 8, 'Check In'),
(100203, '2017-07-22 21:00:00', 8, 'Check Out'),
(100203, '2017-07-29 18:04:55', 8, 'Check In'),
(100203, '2017-07-29 21:00:00', 8, 'Check Out'),
(100203, '2017-10-07 18:23:23', 8, 'Check In'),
(100203, '2017-10-07 21:00:00', 8, 'Check Out'),
(100203, '2017-10-14 18:20:39', 8, 'Check In'),
(100203, '2017-10-14 21:00:00', 8, 'Check Out'),
(100203, '2017-10-21 17:41:27', 8, 'Check In'),
(100203, '2017-10-21 21:00:00', 8, 'Check Out'),
(100203, '2017-10-28 18:18:45', 8, 'Check In'),
(100203, '2017-10-28 21:00:00', 8, 'Check Out'),
(100203, '2017-10-30 20:38:23', 25, 'Check In'),
(100203, '2017-10-30 21:30:00', 25, 'Check Out'),
(100203, '2017-11-04 18:07:46', 8, 'Check In'),
(100203, '2017-11-04 21:00:00', 8, 'Check Out'),
(100203, '2017-11-11 18:02:40', 8, 'Check In'),
(100203, '2017-11-11 21:00:00', 8, 'Check Out'),
(100203, '2017-11-13 18:46:04', 26, 'Check In'),
(100203, '2017-11-13 18:46:15', 26, 'Check Out'),
(100203, '2017-11-13 18:46:21', 26, 'Check In'),
(100203, '2017-11-13 21:30:00', 26, 'Check Out'),
(100203, '2017-11-18 18:10:47', 8, 'Check In'),
(100203, '2017-11-18 21:00:00', 8, 'Check Out'),
(100203, '2017-11-25 17:54:43', 8, 'Check In'),
(100203, '2017-11-25 21:00:00', 8, 'Check Out'),
(100203, '2017-12-02 17:40:36', 8, 'Check In'),
(100203, '2017-12-02 21:00:00', 8, 'Check Out'),
(100203, '2017-12-09 17:29:00', 8, 'Check In'),
(100203, '2017-12-09 21:00:00', 8, 'Check Out'),
(100204, '2017-06-18 08:44:32', 2, 'Check In'),
(100204, '2017-06-18 09:12:13', 2, 'Check In'),
(100204, '2017-06-18 12:00:00', 2, 'Check Out'),
(100204, '2017-06-25 08:54:41', 2, 'Check In'),
(100204, '2017-06-25 12:00:00', 2, 'Check Out'),
(100204, '2017-06-25 13:24:32', 2, 'Check Out'),
(100204, '2017-07-16 08:57:14', 2, 'Check In'),
(100204, '2017-07-16 12:00:00', 2, 'Check Out'),
(100204, '2017-07-17 18:17:48', 24, 'Check In'),
(100204, '2017-07-17 21:00:00', 24, 'Check Out'),
(100204, '2017-10-08 09:17:34', 2, 'Check In'),
(100204, '2017-10-08 12:00:00', 2, 'Check Out'),
(100204, '2017-10-22 09:05:01', 2, 'Check In'),
(100204, '2017-10-22 12:00:00', 2, 'Check Out'),
(100204, '2017-11-19 09:52:32', 2, 'Check In'),
(100204, '2017-11-19 12:00:00', 2, 'Check Out'),
(100204, '2017-12-03 08:43:01', 2, 'Check In'),
(100204, '2017-12-03 12:00:00', 2, 'Check Out'),
(100205, '2017-06-25 18:33:55', 4, 'Check In'),
(100205, '2017-06-25 18:34:32', 4, 'Check Out'),
(100205, '2017-07-09 18:35:48', 4, 'Check In'),
(100205, '2017-07-09 21:00:00', 4, 'Check Out'),
(100205, '2017-07-23 18:47:11', 4, 'Check In'),
(100205, '2017-07-23 21:00:00', 4, 'Check Out'),
(100205, '2017-08-06 18:33:04', 4, 'Check In');
INSERT INTO `ihub_absence` (`idOpr`, `tglabsence`, `ibadah`, `keterangan`) VALUES
(100205, '2017-08-06 21:00:00', 4, 'Check Out'),
(100205, '2017-10-01 18:31:44', 4, 'Check In'),
(100205, '2017-10-01 21:00:00', 4, 'Check Out'),
(100205, '2017-10-29 18:33:01', 4, 'Check In'),
(100205, '2017-10-29 21:00:00', 4, 'Check Out'),
(100205, '2017-11-12 18:03:33', 4, 'Check In'),
(100205, '2017-11-12 21:00:00', 4, 'Check Out'),
(100205, '2017-11-26 18:26:07', 4, 'Check In'),
(100205, '2017-11-26 21:00:00', 4, 'Check Out'),
(100205, '2017-12-10 18:26:14', 4, 'Check In'),
(100206, '2017-07-02 18:27:09', 4, 'Check In'),
(100206, '2017-07-02 21:00:00', 4, 'Check Out'),
(100206, '2017-10-01 19:10:17', 4, 'Check In'),
(100206, '2017-10-01 21:00:00', 4, 'Check Out'),
(100206, '2017-11-12 18:47:29', 4, 'Check In'),
(100206, '2017-11-12 21:00:00', 4, 'Check Out'),
(100206, '2017-11-13 19:46:22', 26, 'Check In'),
(100206, '2017-11-13 21:30:00', 26, 'Check Out'),
(100206, '2017-11-20 19:27:06', 27, 'Check In'),
(100206, '2017-11-20 21:30:00', 27, 'Check Out'),
(100207, '2017-07-09 18:08:55', 4, 'Check In'),
(100207, '2017-07-09 21:14:17', 4, 'Check Out'),
(100207, '2017-07-17 19:14:39', 24, 'Check In'),
(100207, '2017-07-17 21:10:54', 24, 'Check Out'),
(100207, '2017-07-23 18:04:32', 4, 'Check In'),
(100207, '2017-07-23 21:00:00', 4, 'Check Out'),
(100207, '2017-07-23 21:18:01', 4, 'Check Out'),
(100207, '2017-08-06 15:11:26', 3, 'Check In'),
(100207, '2017-08-06 18:02:23', 3, 'Check Out'),
(100207, '2017-08-06 18:07:32', 4, 'Check In'),
(100207, '2017-08-06 22:01:33', 4, 'Check Out'),
(100207, '2017-10-01 18:20:39', 4, 'Check In'),
(100207, '2017-10-01 21:00:00', 4, 'Check Out'),
(100207, '2017-10-15 18:12:00', 4, 'Check In'),
(100207, '2017-10-15 21:00:00', 4, 'Check Out'),
(100207, '2017-10-29 18:10:34', 4, 'Check In'),
(100207, '2017-10-29 21:00:00', 4, 'Check Out'),
(100207, '2017-10-30 19:13:54', 25, 'Check In'),
(100207, '2017-10-30 21:30:00', 25, 'Check Out'),
(100207, '2017-11-03 19:58:28', 10, 'Check In'),
(100207, '2017-11-03 19:58:35', 10, 'Check Out'),
(100207, '2017-11-12 18:12:40', 4, 'Check In'),
(100207, '2017-11-12 18:20:19', 4, 'Check Out'),
(100207, '2017-11-20 20:10:05', 27, 'Check In'),
(100207, '2017-11-20 20:10:08', 27, 'Check Out'),
(100207, '2017-12-10 18:08:29', 4, 'Check In'),
(100208, '2017-07-02 17:55:57', 4, 'Check In'),
(100208, '2017-07-02 21:00:00', 4, 'Check Out'),
(100208, '2017-08-06 18:21:54', 4, 'Check In'),
(100208, '2017-08-06 21:13:01', 4, 'Check Out'),
(100208, '2017-10-01 18:12:27', 4, 'Check In'),
(100208, '2017-10-01 21:55:41', 4, 'Check Out'),
(100208, '2017-10-15 18:24:07', 4, 'Check In'),
(100208, '2017-10-15 21:00:00', 4, 'Check Out'),
(100208, '2017-10-29 18:23:04', 4, 'Check In'),
(100208, '2017-10-29 21:00:00', 4, 'Check Out'),
(100208, '2017-11-12 17:29:23', 4, 'Check In'),
(100208, '2017-11-12 22:21:02', 4, 'Check Out'),
(100208, '2017-11-20 18:53:34', 27, 'Check In'),
(100208, '2017-11-20 21:30:00', 27, 'Check Out'),
(100209, '0000-00-00 00:00:00', 3, 'Check In'),
(100209, '2017-06-18 09:13:12', 3, 'Check In'),
(100209, '2017-06-18 09:14:13', 3, 'Check Out'),
(100209, '2017-06-18 15:09:08', 3, 'Check In'),
(100209, '2017-06-18 18:00:00', 3, 'Check Out'),
(100209, '2017-06-25 11:20:36', 12, 'Check In'),
(100209, '2017-06-25 14:21:08', 12, 'Check Out'),
(100209, '2017-06-25 14:21:18', 3, 'Check In'),
(100209, '2017-06-25 18:00:00', 3, 'Check Out'),
(100209, '2017-07-02 11:39:30', 12, 'Check In'),
(100209, '2017-07-02 14:21:07', 12, 'Check Out'),
(100209, '2017-07-02 14:21:15', 3, 'Check In'),
(100209, '2017-07-02 18:00:00', 3, 'Check Out'),
(100209, '2017-07-09 14:47:42', 3, 'Check In'),
(100209, '2017-07-09 18:00:00', 3, 'Check Out'),
(100209, '2017-07-16 14:40:50', 3, 'Check In'),
(100209, '2017-07-16 18:00:00', 3, 'Check Out'),
(100209, '2017-07-17 18:26:37', 24, 'Check In'),
(100209, '2017-07-17 21:00:00', 24, 'Check Out'),
(100209, '2017-07-23 08:38:25', 2, 'Check In'),
(100209, '2017-07-23 12:00:00', 2, 'Check Out'),
(100209, '2017-07-23 14:22:53', 3, 'Check In'),
(100209, '2017-07-23 18:00:00', 3, 'Check Out'),
(100209, '2017-07-30 18:00:00', 3, 'Check Out'),
(100209, '2017-10-08 15:03:58', 3, 'Check In'),
(100209, '2017-10-08 18:00:00', 3, 'Check Out'),
(100209, '2017-10-22 14:51:23', 3, 'Check In'),
(100209, '2017-10-22 18:00:00', 3, 'Check Out'),
(100209, '2017-10-30 18:38:25', 25, 'Check In'),
(100209, '2017-10-30 21:30:00', 25, 'Check Out'),
(100209, '2017-11-05 15:09:24', 3, 'Check In'),
(100209, '2017-11-05 18:00:00', 3, 'Check Out'),
(100209, '2017-11-13 18:49:51', 26, 'Check In'),
(100209, '2017-11-13 18:49:57', 26, 'Check Out'),
(100209, '2017-11-19 15:21:12', 3, 'Check In'),
(100209, '2017-11-19 18:00:00', 3, 'Check Out'),
(100209, '2017-11-20 18:58:08', 27, 'Check In'),
(100209, '2017-11-20 18:58:19', 27, 'Check Out'),
(100209, '2017-11-20 18:58:23', 27, 'Check In'),
(100209, '2017-11-20 21:30:00', 27, 'Check Out'),
(100209, '2017-12-03 15:14:12', 3, 'Check In'),
(100209, '2017-12-03 18:00:00', 3, 'Check Out'),
(100209, '2017-12-10 08:04:46', 1, 'Check In'),
(100209, '2017-12-10 09:00:00', 1, 'Check Out'),
(100210, '0000-00-00 00:00:00', 8, 'Check In'),
(100210, '2017-06-17 09:42:04', 8, 'Check In'),
(100210, '2017-06-17 21:00:00', 8, 'Check Out'),
(100210, '2017-07-17 18:44:41', 24, 'Check In'),
(100210, '2017-07-17 21:00:00', 24, 'Check Out'),
(100210, '2017-08-05 18:37:20', 8, 'Check In'),
(100210, '2017-08-05 21:00:00', 8, 'Check Out'),
(100210, '2017-10-14 21:00:00', 8, 'Check Out'),
(100210, '2017-12-02 18:51:33', 8, 'Check In'),
(100210, '2017-12-02 21:00:00', 8, 'Check Out'),
(100211, '2017-06-17 09:55:39', 8, 'Check In'),
(100211, '2017-06-17 09:56:48', 8, 'Check Out'),
(100211, '2017-07-15 18:24:50', 8, 'Check In'),
(100211, '2017-07-15 21:00:00', 8, 'Check Out'),
(100211, '2017-07-17 18:11:32', 24, 'Check In'),
(100211, '2017-07-17 21:00:00', 24, 'Check Out'),
(100211, '2017-07-29 18:38:08', 8, 'Check In'),
(100211, '2017-07-29 21:00:00', 8, 'Check Out'),
(100211, '2017-10-21 18:04:09', 8, 'Check In'),
(100211, '2017-10-21 21:00:00', 8, 'Check Out'),
(100211, '2017-10-30 18:56:56', 25, 'Check In'),
(100211, '2017-10-30 21:30:00', 25, 'Check Out'),
(100211, '2017-11-11 18:24:48', 8, 'Check In'),
(100211, '2017-11-11 21:00:00', 8, 'Check Out'),
(100211, '2017-11-13 18:25:13', 26, 'Check In'),
(100211, '2017-11-13 18:42:54', 26, 'Check Out'),
(100211, '2017-11-25 18:23:03', 8, 'Check In'),
(100211, '2017-11-25 21:00:00', 8, 'Check Out'),
(100212, '2017-07-02 18:52:43', 4, 'Check In'),
(100212, '2017-07-02 21:10:16', 4, 'Check Out'),
(100212, '2017-07-09 20:42:47', 4, 'Check In'),
(100212, '2017-07-09 21:00:00', 4, 'Check Out'),
(100212, '2017-07-17 19:13:56', 24, 'Check In'),
(100212, '2017-07-17 21:00:00', 24, 'Check Out'),
(100212, '2017-07-23 18:07:13', 4, 'Check In'),
(100212, '2017-07-23 21:00:00', 4, 'Check Out'),
(100212, '2017-08-06 18:43:39', 4, 'Check In'),
(100212, '2017-08-06 21:12:41', 4, 'Check Out'),
(100212, '2017-10-01 19:07:01', 4, 'Check In'),
(100212, '2017-10-01 21:00:00', 4, 'Check Out'),
(100212, '2017-10-15 18:12:54', 4, 'Check In'),
(100212, '2017-10-15 21:00:00', 4, 'Check Out'),
(100212, '2017-11-12 17:56:05', 4, 'Check In'),
(100212, '2017-11-12 21:00:00', 4, 'Check Out'),
(100212, '2017-11-13 19:20:57', 26, 'Check In'),
(100212, '2017-11-13 21:30:00', 26, 'Check Out'),
(100212, '2017-11-20 18:13:59', 27, 'Check In'),
(100212, '2017-11-20 21:30:00', 27, 'Check Out'),
(100212, '2017-11-26 18:13:02', 4, 'Check In'),
(100212, '2017-11-26 21:00:00', 4, 'Check Out'),
(100213, '2017-06-18 06:02:29', 1, 'Check In'),
(100213, '2017-06-18 09:00:00', 1, 'Check Out'),
(100213, '2017-06-25 06:10:17', 1, 'Check In'),
(100213, '2017-06-25 09:00:00', 1, 'Check Out'),
(100213, '2017-07-02 06:05:30', 1, 'Check In'),
(100213, '2017-07-02 09:00:00', 1, 'Check Out'),
(100213, '2017-07-02 09:12:57', 1, 'Check Out'),
(100213, '2017-07-16 06:06:01', 1, 'Check In'),
(100213, '2017-07-16 09:00:00', 1, 'Check Out'),
(100213, '2017-07-17 18:52:13', 24, 'Check In'),
(100213, '2017-07-17 21:00:00', 24, 'Check Out'),
(100213, '2017-07-23 06:06:43', 1, 'Check In'),
(100213, '2017-07-23 09:00:00', 1, 'Check Out'),
(100213, '2017-07-30 06:08:30', 1, 'Check In'),
(100213, '2017-07-30 09:00:00', 1, 'Check Out'),
(100213, '2017-08-11 18:23:15', 10, 'Check In'),
(100213, '2017-08-11 21:00:00', 10, 'Check Out'),
(100213, '2017-10-08 06:06:45', 1, 'Check In'),
(100213, '2017-10-08 09:00:00', 1, 'Check Out'),
(100213, '2017-10-22 06:07:34', 1, 'Check In'),
(100213, '2017-10-22 09:00:00', 1, 'Check Out'),
(100213, '2017-10-30 20:37:54', 25, 'Check In'),
(100213, '2017-10-30 21:30:00', 25, 'Check Out'),
(100213, '2017-11-05 06:06:16', 1, 'Check In'),
(100213, '2017-11-05 09:00:00', 1, 'Check Out'),
(100213, '2017-11-13 18:59:53', 26, 'Check In'),
(100213, '2017-11-13 21:30:00', 26, 'Check Out'),
(100213, '2017-11-19 06:04:51', 1, 'Check In'),
(100213, '2017-11-19 09:00:00', 1, 'Check Out'),
(100213, '2017-11-20 18:33:39', 27, 'Check In'),
(100213, '2017-11-20 21:30:00', 27, 'Check Out'),
(100213, '2017-12-03 06:06:09', 1, 'Check In'),
(100213, '2017-12-03 09:00:00', 1, 'Check Out'),
(100213, '2017-12-10 06:04:11', 1, 'Check In'),
(100213, '2017-12-10 09:00:00', 1, 'Check Out'),
(100214, '2017-06-25 06:15:20', 1, 'Check In'),
(100214, '2017-06-25 09:00:00', 1, 'Check Out'),
(100214, '2017-07-23 06:09:53', 1, 'Check In'),
(100214, '2017-07-23 09:00:00', 1, 'Check Out'),
(100214, '2017-07-23 09:07:36', 1, 'Check Out'),
(100214, '2017-08-06 06:17:47', 1, 'Check In'),
(100214, '2017-08-06 09:00:00', 1, 'Check Out'),
(100214, '2017-08-06 09:11:44', 1, 'Check Out'),
(100214, '2017-10-29 06:18:16', 1, 'Check In'),
(100214, '2017-10-29 09:00:00', 1, 'Check Out'),
(100214, '2017-11-20 19:24:47', 27, 'Check In'),
(100214, '2017-11-20 21:30:00', 27, 'Check Out'),
(100214, '2017-11-26 06:21:40', 1, 'Check In'),
(100214, '2017-11-26 09:00:00', 1, 'Check Out'),
(100214, '2017-12-03 06:15:04', 1, 'Check In'),
(100214, '2017-12-03 09:00:00', 1, 'Check Out'),
(100214, '2017-12-10 06:25:17', 1, 'Check In'),
(100214, '2017-12-10 09:00:00', 1, 'Check Out'),
(100215, '2017-06-25 18:27:30', 4, 'Check In'),
(100215, '2017-06-25 18:27:39', 4, 'Check Out'),
(100215, '2017-07-02 18:18:41', 4, 'Check In'),
(100215, '2017-07-02 18:18:45', 4, 'Check Out'),
(100215, '2017-07-17 19:26:38', 24, 'Check In'),
(100215, '2017-07-17 19:26:41', 24, 'Check Out'),
(100215, '2017-07-23 18:22:02', 4, 'Check In'),
(100215, '2017-07-23 18:22:04', 4, 'Check Out'),
(100215, '2017-10-01 18:24:39', 4, 'Check In'),
(100215, '2017-10-01 21:00:00', 4, 'Check Out'),
(100215, '2017-10-29 18:35:52', 4, 'Check In'),
(100215, '2017-10-29 21:00:00', 4, 'Check Out'),
(100215, '2017-10-30 20:36:23', 25, 'Check In'),
(100215, '2017-10-30 21:30:00', 25, 'Check Out'),
(100215, '2017-11-12 18:18:02', 4, 'Check In'),
(100215, '2017-11-12 21:00:00', 4, 'Check Out'),
(100215, '2017-11-20 19:32:59', 27, 'Check In'),
(100215, '2017-11-20 21:30:00', 27, 'Check Out'),
(100215, '2017-12-10 18:20:47', 4, 'Check In'),
(100216, '2017-06-18 18:11:55', 4, 'Check In'),
(100216, '2017-06-18 21:10:33', 4, 'Check Out'),
(100216, '2017-07-16 18:16:24', 4, 'Check In'),
(100216, '2017-07-16 21:00:00', 4, 'Check Out'),
(100216, '2017-07-30 18:18:16', 4, 'Check In'),
(100216, '2017-07-30 21:08:04', 4, 'Check Out'),
(100216, '2017-10-08 18:23:15', 4, 'Check In'),
(100216, '2017-10-08 21:00:00', 4, 'Check Out'),
(100216, '2017-10-22 18:12:28', 4, 'Check In'),
(100216, '2017-10-22 21:00:00', 4, 'Check Out'),
(100216, '2017-11-19 18:18:09', 4, 'Check In'),
(100216, '2017-11-19 21:00:00', 4, 'Check Out'),
(100217, '2017-06-18 12:35:06', 12, 'Check In'),
(100217, '2017-06-18 15:00:00', 12, 'Check Out'),
(100217, '2017-06-25 11:52:16', 12, 'Check In'),
(100217, '2017-06-25 15:00:00', 12, 'Check Out'),
(100217, '2017-06-25 15:38:32', 12, 'Check Out'),
(100217, '2017-07-02 12:11:44', 12, 'Check In'),
(100217, '2017-07-02 15:00:00', 12, 'Check Out'),
(100217, '2017-07-09 12:03:40', 12, 'Check In'),
(100217, '2017-07-09 15:00:00', 12, 'Check Out'),
(100217, '2017-07-16 12:08:22', 12, 'Check In'),
(100217, '2017-07-16 15:00:00', 12, 'Check Out'),
(100217, '2017-07-17 18:38:08', 24, 'Check In'),
(100217, '2017-07-17 21:00:00', 24, 'Check Out'),
(100217, '2017-07-23 12:13:17', 12, 'Check In'),
(100217, '2017-07-23 15:00:00', 12, 'Check Out'),
(100217, '2017-07-30 12:01:18', 12, 'Check In'),
(100217, '2017-07-30 15:00:00', 12, 'Check Out'),
(100217, '2017-08-06 12:11:44', 12, 'Check In'),
(100217, '2017-08-06 15:00:00', 12, 'Check Out'),
(100217, '2017-10-08 12:11:20', 12, 'Check In'),
(100217, '2017-10-08 15:00:00', 12, 'Check Out'),
(100217, '2017-10-22 12:09:23', 12, 'Check In'),
(100217, '2017-10-22 15:00:00', 12, 'Check Out'),
(100217, '2017-10-29 12:09:37', 12, 'Check In'),
(100217, '2017-10-29 15:00:00', 12, 'Check Out'),
(100217, '2017-10-30 18:46:51', 25, 'Check In'),
(100217, '2017-10-30 21:30:00', 25, 'Check Out'),
(100217, '2017-11-05 12:19:20', 12, 'Check In'),
(100217, '2017-11-05 15:00:00', 12, 'Check Out'),
(100217, '2017-11-12 12:14:30', 12, 'Check In'),
(100217, '2017-11-12 15:00:00', 12, 'Check Out'),
(100217, '2017-11-13 19:01:57', 26, 'Check In'),
(100217, '2017-11-13 21:30:00', 26, 'Check Out'),
(100217, '2017-11-19 12:27:40', 12, 'Check In'),
(100217, '2017-11-19 15:00:00', 12, 'Check Out'),
(100217, '2017-11-20 19:44:18', 27, 'Check In'),
(100217, '2017-11-23 18:47:47', 27, 'Check Out'),
(100217, '2017-11-25 14:19:02', 17, 'Check In'),
(100217, '2017-11-25 18:01:00', 17, 'Check Out'),
(100217, '2017-12-03 12:33:10', 12, 'Check In'),
(100217, '2017-12-03 15:00:00', 12, 'Check Out'),
(100217, '2017-12-09 14:57:01', 17, 'Check In'),
(100217, '2017-12-09 18:01:00', 17, 'Check Out'),
(100218, '2017-06-18 17:59:25', 4, 'Check In'),
(100218, '2017-06-18 21:06:15', 4, 'Check Out'),
(100218, '2017-07-02 18:03:05', 4, 'Check In'),
(100218, '2017-07-02 21:00:00', 4, 'Check Out'),
(100218, '2017-07-16 17:36:36', 4, 'Check In'),
(100218, '2017-07-16 21:00:00', 4, 'Check Out'),
(100218, '2017-07-17 19:15:04', 24, 'Check In'),
(100218, '2017-07-17 21:10:59', 24, 'Check Out'),
(100219, '2017-07-09 12:07:16', 12, 'Check In'),
(100219, '2017-07-09 15:00:00', 12, 'Check Out'),
(100219, '2017-07-23 12:14:43', 12, 'Check In'),
(100219, '2017-07-23 12:14:58', 12, 'Check Out'),
(100219, '2017-07-30 12:08:20', 12, 'Check In'),
(100219, '2017-07-30 12:08:26', 12, 'Check Out'),
(100219, '2017-08-06 11:50:27', 12, 'Check In'),
(100219, '2017-08-06 15:00:00', 12, 'Check Out'),
(100219, '2017-10-08 12:42:25', 12, 'Check In'),
(100219, '2017-10-08 15:00:00', 12, 'Check Out'),
(100219, '2017-10-15 12:09:22', 12, 'Check In'),
(100219, '2017-10-15 15:00:00', 12, 'Check Out'),
(100219, '2017-10-29 12:11:32', 12, 'Check In'),
(100219, '2017-10-29 15:00:00', 12, 'Check Out'),
(100219, '2017-11-05 12:27:15', 12, 'Check In'),
(100219, '2017-11-05 15:00:00', 12, 'Check Out'),
(100219, '2017-11-12 12:12:56', 12, 'Check In'),
(100219, '2017-11-12 15:00:00', 12, 'Check Out'),
(100219, '2017-11-19 12:02:20', 12, 'Check In'),
(100219, '2017-11-19 15:00:00', 12, 'Check Out'),
(100220, '2017-10-08 12:13:08', 12, 'Check In'),
(100220, '2017-10-08 15:00:00', 12, 'Check Out'),
(100220, '2017-10-15 11:54:02', 12, 'Check In'),
(100220, '2017-10-15 15:00:00', 12, 'Check Out'),
(100220, '2017-10-30 20:36:43', 25, 'Check In'),
(100220, '2017-10-30 21:30:00', 25, 'Check Out'),
(100220, '2017-11-13 21:30:00', 26, 'Check Out'),
(100220, '2017-11-13 22:14:10', 26, 'Check In'),
(100220, '2017-11-19 12:06:17', 12, 'Check In'),
(100220, '2017-11-19 12:06:20', 12, 'Check Out'),
(100220, '2017-11-20 18:52:28', 27, 'Check In'),
(100220, '2017-11-20 18:52:30', 27, 'Check Out'),
(100220, '2017-12-03 11:20:41', 12, 'Check In'),
(100220, '2017-12-03 15:00:00', 12, 'Check Out'),
(100221, '2017-06-25 12:13:23', 12, 'Check In'),
(100221, '2017-06-25 15:00:00', 12, 'Check Out'),
(100221, '2017-06-25 15:15:24', 12, 'Check In'),
(100221, '2017-06-25 15:15:31', 12, 'Check Out'),
(100221, '2017-07-17 19:14:20', 24, 'Check In'),
(100221, '2017-07-18 06:46:41', 24, 'Check Out'),
(100221, '2017-11-11 18:31:41', 8, 'Check In'),
(100221, '2017-11-11 21:00:00', 8, 'Check Out'),
(100221, '2017-11-13 19:44:19', 26, 'Check In'),
(100221, '2017-11-13 21:30:00', 26, 'Check Out'),
(100221, '2017-11-20 19:03:43', 27, 'Check In'),
(100221, '2017-11-20 21:30:00', 27, 'Check Out'),
(100223, '2017-06-25 11:57:19', 12, 'Check In'),
(100223, '2017-06-25 15:00:00', 12, 'Check Out'),
(100223, '2017-06-25 15:38:10', 12, 'Check Out'),
(100223, '2017-07-08 15:27:57', 17, 'Check In'),
(100223, '2017-07-08 18:01:00', 17, 'Check Out'),
(100223, '2017-07-08 19:19:32', 17, 'Check Out'),
(100223, '2017-07-30 12:25:47', 12, 'Check In'),
(100223, '2017-07-30 15:00:00', 12, 'Check Out'),
(100223, '2017-10-21 15:30:47', 17, 'Check In'),
(100223, '2017-10-21 18:01:00', 17, 'Check Out'),
(100223, '2017-10-30 20:59:00', 25, 'Check In'),
(100223, '2017-10-30 21:30:00', 25, 'Check Out'),
(100223, '2017-11-04 15:25:31', 17, 'Check In'),
(100223, '2017-11-04 18:01:00', 17, 'Check Out'),
(100223, '2017-11-18 15:22:21', 17, 'Check In'),
(100223, '2017-11-18 18:01:00', 17, 'Check Out'),
(100223, '2017-11-20 19:25:35', 27, 'Check In'),
(100223, '2017-11-20 19:31:01', 27, 'Check Out'),
(100224, '0000-00-00 00:00:00', 1, 'Check Out'),
(100224, '2017-07-02 06:25:49', 1, 'Check In'),
(100224, '2017-07-23 06:16:21', 1, 'Check In'),
(100224, '2017-07-23 09:00:00', 1, 'Check Out'),
(100224, '2017-08-06 06:25:14', 1, 'Check In'),
(100224, '2017-08-06 09:00:00', 1, 'Check Out'),
(100224, '2017-08-06 10:47:41', 1, 'Check In'),
(100224, '2017-08-06 10:47:45', 1, 'Check Out'),
(100224, '2017-10-01 06:36:23', 1, 'Check In'),
(100224, '2017-10-01 09:00:00', 1, 'Check Out'),
(100224, '2017-10-01 10:23:51', 1, 'Check In'),
(100224, '2017-10-01 10:23:53', 1, 'Check Out'),
(100224, '2017-10-01 10:24:02', 1, 'Check In'),
(100224, '2017-10-01 10:24:10', 1, 'Check Out'),
(100224, '2017-10-01 10:24:32', 1, 'Check In'),
(100224, '2017-10-01 10:24:34', 1, 'Check Out'),
(100224, '2017-10-15 06:27:47', 1, 'Check In'),
(100224, '2017-10-15 09:00:00', 1, 'Check Out'),
(100224, '2017-10-15 10:23:31', 1, 'Check In'),
(100224, '2017-10-15 10:23:32', 1, 'Check Out'),
(100224, '2017-10-29 06:15:48', 1, 'Check In'),
(100224, '2017-10-29 09:00:00', 1, 'Check Out'),
(100224, '2017-10-29 10:17:19', 1, 'Check In'),
(100224, '2017-10-29 10:17:21', 1, 'Check Out'),
(100224, '2017-10-30 20:36:50', 25, 'Check In'),
(100224, '2017-10-30 21:30:00', 25, 'Check Out'),
(100224, '2017-11-12 06:34:25', 1, 'Check In'),
(100224, '2017-11-12 09:00:00', 1, 'Check Out'),
(100224, '2017-11-12 09:34:36', 1, 'Check In'),
(100224, '2017-11-12 09:34:37', 1, 'Check Out'),
(100224, '2017-11-26 06:47:57', 1, 'Check In'),
(100224, '2017-11-26 09:00:00', 1, 'Check Out'),
(100224, '2017-11-26 09:33:05', 1, 'Check In'),
(100224, '2017-11-26 09:33:06', 1, 'Check Out'),
(100224, '2017-12-10 07:03:22', 1, 'Check In'),
(100224, '2017-12-10 09:00:00', 1, 'Check Out'),
(100224, '2017-12-10 12:26:17', 1, 'Check In'),
(100224, '2017-12-10 12:26:18', 1, 'Check Out'),
(100225, '0000-00-00 00:00:00', 25, 'Check In'),
(100225, '2017-06-18 12:12:07', 12, 'Check In'),
(100225, '2017-06-18 12:12:41', 12, 'Check Out'),
(100225, '2017-07-02 12:25:33', 12, 'Check In'),
(100225, '2017-07-02 12:25:38', 12, 'Check Out'),
(100225, '2017-07-16 12:14:48', 12, 'Check In'),
(100225, '2017-07-16 12:14:53', 12, 'Check Out'),
(100225, '2017-07-17 18:28:38', 24, 'Check In'),
(100225, '2017-07-17 18:28:42', 24, 'Check Out'),
(100225, '2017-07-17 18:28:48', 24, 'Check In'),
(100225, '2017-07-17 18:28:50', 24, 'Check Out'),
(100225, '2017-07-23 12:06:53', 12, 'Check In'),
(100225, '2017-07-23 12:06:57', 12, 'Check Out'),
(100225, '2017-08-06 12:12:03', 12, 'Check In'),
(100225, '2017-08-06 12:12:05', 12, 'Check Out'),
(100225, '2017-10-01 12:22:11', 12, 'Check In'),
(100225, '2017-10-01 15:00:00', 12, 'Check Out'),
(100225, '2017-10-08 12:05:39', 12, 'Check In'),
(100225, '2017-10-08 15:00:00', 12, 'Check Out'),
(100225, '2017-10-15 12:14:01', 12, 'Check In'),
(100225, '2017-10-15 15:00:00', 12, 'Check Out'),
(100225, '2017-10-22 12:02:07', 12, 'Check In'),
(100225, '2017-10-22 15:00:00', 12, 'Check Out'),
(100225, '2017-10-29 12:20:41', 12, 'Check In'),
(100225, '2017-10-29 15:00:00', 12, 'Check Out'),
(100225, '2017-10-30 21:30:00', 25, 'Check Out'),
(100225, '2017-10-30 23:46:54', 25, 'Check In'),
(100225, '2017-11-05 12:16:12', 12, 'Check In'),
(100225, '2017-11-05 15:00:00', 12, 'Check Out'),
(100225, '2017-11-12 11:43:13', 12, 'Check In'),
(100225, '2017-11-12 15:00:00', 12, 'Check Out'),
(100225, '2017-11-13 19:03:08', 26, 'Check In'),
(100225, '2017-11-13 21:30:00', 26, 'Check Out'),
(100225, '2017-11-20 18:59:50', 27, 'Check In'),
(100225, '2017-11-20 21:30:00', 27, 'Check Out'),
(100226, '2017-07-09 12:07:23', 12, 'Check In'),
(100226, '2017-07-09 12:08:12', 12, 'Check Out'),
(100226, '2017-07-23 12:05:32', 12, 'Check In'),
(100226, '2017-07-23 12:05:34', 12, 'Check Out'),
(100226, '2017-08-06 12:10:50', 12, 'Check In'),
(100226, '2017-08-06 15:00:00', 12, 'Check Out'),
(100226, '2017-10-01 12:16:11', 12, 'Check In'),
(100226, '2017-10-01 15:00:00', 12, 'Check Out'),
(100226, '2017-10-15 12:33:10', 12, 'Check In'),
(100226, '2017-10-15 15:00:00', 12, 'Check Out'),
(100226, '2017-11-12 12:22:43', 12, 'Check In'),
(100226, '2017-11-12 15:00:00', 12, 'Check Out'),
(100226, '2017-11-26 11:41:57', 12, 'Check In'),
(100226, '2017-11-26 15:00:00', 12, 'Check Out'),
(100226, '2017-12-10 11:58:40', 12, 'Check In'),
(100226, '2017-12-10 15:00:00', 12, 'Check Out'),
(100227, '2017-07-09 12:08:49', 12, 'Check In'),
(100227, '2017-07-09 12:08:51', 12, 'Check Out'),
(100227, '2017-07-23 12:05:58', 12, 'Check In'),
(100227, '2017-07-23 15:00:00', 12, 'Check Out'),
(100227, '2017-08-06 12:11:05', 12, 'Check In'),
(100227, '2017-08-06 15:00:00', 12, 'Check Out'),
(100227, '2017-10-01 12:16:25', 12, 'Check In'),
(100227, '2017-10-01 13:47:44', 12, 'Check Out'),
(100227, '2017-10-15 12:33:26', 12, 'Check In'),
(100227, '2017-10-15 15:00:00', 12, 'Check Out'),
(100227, '2017-11-12 12:23:03', 12, 'Check In'),
(100227, '2017-11-12 15:00:00', 12, 'Check Out'),
(100227, '2017-11-26 11:42:19', 12, 'Check In'),
(100227, '2017-11-26 15:00:00', 12, 'Check Out'),
(100228, '2017-07-02 06:26:37', 1, 'Check In'),
(100228, '2017-07-02 09:00:00', 1, 'Check Out'),
(100228, '2017-07-09 06:17:14', 2, 'Check In'),
(100228, '2017-07-09 09:42:39', 2, 'Check Out'),
(100228, '2017-07-23 06:22:18', 1, 'Check In'),
(100228, '2017-07-23 09:00:00', 1, 'Check Out'),
(100228, '2017-08-06 06:20:23', 1, 'Check In'),
(100228, '2017-08-06 09:00:00', 1, 'Check Out'),
(100228, '2017-10-01 06:34:27', 1, 'Check In'),
(100228, '2017-10-01 09:00:00', 1, 'Check Out'),
(100228, '2017-10-01 10:25:52', 1, 'Check In'),
(100228, '2017-10-01 10:25:56', 1, 'Check Out'),
(100228, '2017-10-15 06:27:41', 1, 'Check In'),
(100228, '2017-10-15 09:00:00', 1, 'Check Out'),
(100228, '2017-10-29 06:34:39', 1, 'Check In'),
(100228, '2017-10-29 09:00:00', 1, 'Check Out'),
(100228, '2017-10-30 20:36:37', 25, 'Check In'),
(100228, '2017-10-30 21:30:00', 25, 'Check Out'),
(100228, '2017-11-12 06:34:49', 1, 'Check In'),
(100228, '2017-11-12 09:00:00', 1, 'Check Out'),
(100228, '2017-11-12 09:36:16', 1, 'Check In'),
(100228, '2017-11-12 09:36:18', 1, 'Check Out'),
(100228, '2017-11-20 19:28:59', 27, 'Check In'),
(100228, '2017-11-20 21:30:00', 27, 'Check Out'),
(100228, '2017-12-03 06:06:28', 1, 'Check In'),
(100228, '2017-12-03 09:00:00', 1, 'Check Out'),
(100228, '2017-12-10 06:28:36', 1, 'Check In'),
(100228, '2017-12-10 09:00:00', 1, 'Check Out'),
(100228, '2017-12-10 09:09:25', 1, 'Check Out'),
(100229, '2017-06-18 18:11:19', 4, 'Check In'),
(100229, '2017-06-18 21:05:01', 4, 'Check Out'),
(100229, '2017-07-16 18:28:13', 4, 'Check In'),
(100229, '2017-07-16 21:00:00', 4, 'Check Out'),
(100229, '2017-07-30 18:25:03', 4, 'Check In'),
(100229, '2017-07-30 21:54:13', 4, 'Check Out'),
(100229, '2017-10-08 18:14:20', 4, 'Check In'),
(100229, '2017-10-08 21:00:00', 4, 'Check Out'),
(100229, '2017-10-22 18:24:09', 4, 'Check In'),
(100229, '2017-10-22 21:00:00', 4, 'Check Out'),
(100229, '2017-10-30 19:48:25', 25, 'Check In'),
(100229, '2017-10-30 21:30:00', 25, 'Check Out'),
(100229, '2017-11-05 18:24:29', 4, 'Check In'),
(100229, '2017-11-05 21:00:00', 4, 'Check Out'),
(100229, '2017-11-13 19:09:53', 26, 'Check In'),
(100229, '2017-11-13 21:30:00', 26, 'Check Out'),
(100229, '2017-11-19 18:07:02', 4, 'Check In'),
(100229, '2017-11-19 21:00:00', 4, 'Check Out'),
(100229, '2017-11-20 19:06:05', 27, 'Check In'),
(100229, '2017-11-20 21:30:00', 27, 'Check Out'),
(100229, '2017-12-03 17:57:33', 4, 'Check In'),
(100229, '2017-12-03 21:00:00', 4, 'Check Out'),
(100230, '2017-06-17 18:47:47', 17, 'Check In'),
(100230, '2017-06-17 18:48:03', 17, 'Check Out'),
(100230, '2017-06-18 12:11:19', 12, 'Check In'),
(100230, '2017-06-18 12:12:34', 12, 'Check Out'),
(100230, '2017-07-16 08:40:33', 12, 'Check In'),
(100230, '2017-07-16 08:40:37', 12, 'Check Out'),
(100230, '2017-07-17 18:46:00', 24, 'Check In'),
(100230, '2017-07-17 18:46:05', 24, 'Check Out'),
(100230, '2017-08-06 12:25:12', 12, 'Check In'),
(100230, '2017-08-06 15:00:00', 12, 'Check Out'),
(100231, '2017-07-16 09:15:52', 2, 'Check In'),
(100231, '2017-07-16 12:00:00', 2, 'Check Out'),
(100231, '2017-07-17 18:14:43', 24, 'Check In'),
(100231, '2017-07-17 21:00:00', 24, 'Check Out'),
(100231, '2017-07-30 09:04:08', 2, 'Check In'),
(100231, '2017-07-30 12:00:00', 2, 'Check Out'),
(100231, '2017-10-22 09:23:26', 2, 'Check In'),
(100231, '2017-10-22 12:00:00', 2, 'Check Out'),
(100231, '2017-10-30 19:45:20', 25, 'Check In'),
(100231, '2017-10-30 21:30:00', 25, 'Check Out'),
(100231, '2017-11-05 09:24:59', 2, 'Check In'),
(100231, '2017-11-05 12:00:00', 2, 'Check Out'),
(100231, '2017-11-20 20:54:22', 27, 'Check In'),
(100231, '2017-11-20 21:30:00', 27, 'Check Out'),
(100232, '2017-07-02 13:55:00', 12, 'Check In'),
(100232, '2017-07-02 13:55:30', 12, 'Check Out'),
(100232, '2017-07-09 12:23:35', 12, 'Check In'),
(100232, '2017-07-09 15:00:00', 12, 'Check Out'),
(100232, '2017-07-09 15:13:58', 12, 'Check Out'),
(100232, '2017-07-23 12:22:01', 12, 'Check In'),
(100232, '2017-07-23 15:00:00', 12, 'Check Out'),
(100232, '2017-08-06 12:23:58', 12, 'Check In'),
(100232, '2017-08-06 15:00:00', 12, 'Check Out'),
(100232, '2017-08-06 15:37:25', 12, 'Check Out'),
(100232, '2017-10-07 15:31:45', 17, 'Check In'),
(100232, '2017-10-07 18:01:00', 17, 'Check Out'),
(100232, '2017-10-08 12:40:33', 12, 'Check In'),
(100232, '2017-10-08 15:00:00', 12, 'Check Out'),
(100232, '2017-10-15 12:28:43', 12, 'Check In'),
(100232, '2017-10-15 15:00:00', 12, 'Check Out'),
(100232, '2017-10-21 15:30:30', 17, 'Check In'),
(100232, '2017-10-21 18:01:00', 17, 'Check Out'),
(100232, '2017-10-30 20:39:20', 25, 'Check In'),
(100232, '2017-10-30 20:39:31', 25, 'Check Out'),
(100232, '2017-11-12 12:26:41', 12, 'Check In'),
(100232, '2017-11-12 15:00:00', 12, 'Check Out'),
(100232, '2017-11-13 19:44:33', 26, 'Check In'),
(100232, '2017-11-13 21:30:00', 26, 'Check Out'),
(100233, '2017-06-18 09:13:40', 2, 'Check In'),
(100233, '2017-06-18 12:00:00', 2, 'Check Out'),
(100233, '2017-06-18 12:04:51', 2, 'Check Out'),
(100233, '2017-06-25 09:03:52', 2, 'Check In'),
(100233, '2017-06-25 12:00:00', 2, 'Check Out'),
(100233, '2017-06-25 12:45:24', 2, 'Check Out'),
(100233, '2017-07-02 09:03:38', 2, 'Check In'),
(100233, '2017-07-02 12:00:00', 2, 'Check Out'),
(100233, '2017-07-02 12:21:36', 2, 'Check Out'),
(100233, '2017-07-16 09:01:49', 2, 'Check In'),
(100233, '2017-07-16 12:00:00', 2, 'Check Out'),
(100233, '2017-07-16 12:40:14', 2, 'Check Out'),
(100233, '2017-07-17 19:14:13', 24, 'Check In'),
(100233, '2017-07-17 21:11:06', 24, 'Check Out'),
(100233, '2017-10-22 08:49:44', 2, 'Check In'),
(100233, '2017-10-22 12:00:00', 2, 'Check Out'),
(100233, '2017-11-05 08:55:54', 2, 'Check In'),
(100233, '2017-11-05 12:00:00', 2, 'Check Out'),
(100233, '2017-12-03 08:44:55', 2, 'Check In'),
(100233, '2017-12-03 12:00:00', 2, 'Check Out'),
(100234, '2017-06-18 09:27:49', 2, 'Check In'),
(100234, '2017-06-18 12:00:00', 2, 'Check Out'),
(100234, '2017-07-16 10:27:37', 2, 'Check In'),
(100234, '2017-07-16 12:00:00', 2, 'Check Out'),
(100234, '2017-07-30 09:22:08', 2, 'Check In'),
(100234, '2017-07-30 12:00:00', 2, 'Check Out'),
(100235, '2017-06-18 10:13:02', 2, 'Check In'),
(100235, '2017-06-18 12:00:00', 2, 'Check Out'),
(100235, '2017-07-16 10:08:31', 2, 'Check In'),
(100235, '2017-07-16 12:00:00', 2, 'Check Out'),
(100235, '2017-07-30 09:23:28', 2, 'Check In'),
(100235, '2017-07-30 12:00:00', 2, 'Check Out'),
(100236, '2017-07-02 12:15:34', 12, 'Check In'),
(100236, '2017-07-02 15:00:00', 12, 'Check Out'),
(100236, '2017-07-09 11:57:13', 12, 'Check In'),
(100236, '2017-07-09 15:00:00', 12, 'Check Out'),
(100236, '2017-07-23 12:05:17', 12, 'Check In'),
(100236, '2017-07-23 15:00:00', 12, 'Check Out'),
(100236, '2017-07-30 12:04:18', 12, 'Check In'),
(100236, '2017-07-30 15:00:00', 12, 'Check Out'),
(100236, '2017-10-01 12:22:14', 12, 'Check In'),
(100236, '2017-10-01 15:00:00', 12, 'Check Out'),
(100236, '2017-10-07 15:03:16', 17, 'Check In'),
(100236, '2017-10-07 18:01:00', 17, 'Check Out'),
(100236, '2017-10-08 12:04:14', 12, 'Check In'),
(100236, '2017-10-08 15:00:00', 12, 'Check Out'),
(100236, '2017-10-15 12:25:17', 12, 'Check In'),
(100236, '2017-10-15 15:00:00', 12, 'Check Out'),
(100236, '2017-10-21 15:24:43', 17, 'Check In'),
(100236, '2017-10-21 18:01:00', 17, 'Check Out'),
(100236, '2017-10-29 12:07:41', 12, 'Check In'),
(100236, '2017-10-29 15:00:00', 12, 'Check Out'),
(100236, '2017-10-30 20:37:05', 25, 'Check In'),
(100236, '2017-10-30 21:30:00', 25, 'Check Out'),
(100236, '2017-11-05 12:14:38', 12, 'Check In'),
(100236, '2017-11-05 15:00:00', 12, 'Check Out'),
(100236, '2017-11-13 19:01:52', 26, 'Check In'),
(100236, '2017-11-13 21:30:00', 26, 'Check Out'),
(100236, '2017-11-18 15:14:37', 17, 'Check In'),
(100236, '2017-11-18 18:01:00', 17, 'Check Out'),
(100236, '2017-11-19 12:23:27', 12, 'Check In'),
(100236, '2017-11-19 15:00:00', 12, 'Check Out'),
(100236, '2017-11-20 18:58:30', 27, 'Check In'),
(100236, '2017-11-20 21:30:00', 27, 'Check Out'),
(100236, '2017-12-03 15:00:00', 12, 'Check Out'),
(100236, '2017-12-03 21:16:50', 12, 'Check In'),
(100236, '2017-12-09 16:43:49', 17, 'Check In'),
(100236, '2017-12-09 18:01:00', 17, 'Check Out'),
(100237, '2017-06-18 14:24:26', 2, 'Check In'),
(100237, '2017-06-18 14:24:36', 2, 'Check Out'),
(100237, '2017-06-25 09:08:47', 2, 'Check In'),
(100237, '2017-06-25 12:00:00', 2, 'Check Out'),
(100237, '2017-07-09 09:05:02', 2, 'Check In'),
(100237, '2017-07-09 12:00:00', 2, 'Check Out'),
(100237, '2017-07-23 09:14:15', 2, 'Check In'),
(100237, '2017-07-23 12:00:00', 2, 'Check Out'),
(100237, '2017-08-06 09:24:23', 2, 'Check In'),
(100237, '2017-08-06 12:00:00', 2, 'Check Out'),
(100237, '2017-10-01 09:19:56', 2, 'Check In'),
(100237, '2017-10-01 12:00:00', 2, 'Check Out'),
(100237, '2017-10-15 09:29:57', 2, 'Check In'),
(100237, '2017-10-15 12:00:00', 2, 'Check Out'),
(100237, '2017-10-29 09:22:33', 2, 'Check In'),
(100237, '2017-10-29 12:00:00', 2, 'Check Out'),
(100237, '2017-11-12 09:15:38', 2, 'Check In'),
(100237, '2017-11-12 12:00:00', 2, 'Check Out'),
(100237, '2017-11-13 19:43:34', 26, 'Check In'),
(100237, '2017-11-13 21:30:00', 26, 'Check Out'),
(100237, '2017-11-26 09:26:52', 2, 'Check In'),
(100237, '2017-11-26 12:00:00', 2, 'Check Out'),
(100237, '2017-12-03 08:34:57', 2, 'Check In'),
(100237, '2017-12-03 12:00:00', 2, 'Check Out'),
(100237, '2017-12-10 09:26:02', 2, 'Check In'),
(100237, '2017-12-10 12:00:00', 2, 'Check Out'),
(100238, '2017-07-09 09:10:42', 2, 'Check In'),
(100238, '2017-07-09 12:00:00', 2, 'Check Out'),
(100238, '2017-07-17 19:18:03', 24, 'Check In'),
(100238, '2017-07-17 21:00:00', 24, 'Check Out'),
(100238, '2017-07-23 09:05:56', 2, 'Check In'),
(100238, '2017-07-23 09:06:04', 2, 'Check Out'),
(100238, '2017-07-23 09:06:15', 2, 'Check In'),
(100238, '2017-07-23 09:06:29', 2, 'Check Out'),
(100238, '2017-11-13 19:14:39', 26, 'Check In'),
(100238, '2017-11-13 21:30:00', 26, 'Check Out'),
(100239, '2017-06-18 15:11:50', 3, 'Check In'),
(100239, '2017-06-18 18:00:00', 3, 'Check Out'),
(100239, '2017-07-02 14:59:20', 3, 'Check In'),
(100239, '2017-07-02 17:54:43', 3, 'Check Out'),
(100239, '2017-07-02 18:00:00', 3, 'Check Out'),
(100239, '2017-07-30 15:30:37', 3, 'Check In'),
(100239, '2017-07-30 18:00:00', 3, 'Check Out'),
(100239, '2017-07-30 18:05:40', 3, 'Check Out'),
(100239, '2017-10-08 15:25:26', 3, 'Check In'),
(100239, '2017-10-08 18:00:00', 3, 'Check Out'),
(100239, '2017-10-22 15:18:53', 3, 'Check In'),
(100239, '2017-10-22 18:00:00', 3, 'Check Out'),
(100239, '2017-10-30 20:36:52', 25, 'Check In'),
(100239, '2017-10-30 21:30:00', 25, 'Check Out'),
(100239, '2017-11-05 15:06:29', 3, 'Check In'),
(100239, '2017-11-05 18:00:00', 3, 'Check Out'),
(100239, '2017-11-13 19:44:04', 26, 'Check In'),
(100239, '2017-11-13 21:30:00', 26, 'Check Out'),
(100239, '2017-12-03 15:31:55', 3, 'Check In'),
(100239, '2017-12-03 18:00:00', 3, 'Check Out'),
(100240, '2017-06-18 16:59:00', 2, 'Check In'),
(100240, '2017-06-18 16:59:04', 2, 'Check Out'),
(100240, '2017-06-25 10:52:35', 2, 'Check In'),
(100240, '2017-06-25 10:52:46', 2, 'Check Out'),
(100240, '2017-06-25 10:52:57', 2, 'Check In'),
(100240, '2017-06-25 12:00:00', 2, 'Check Out'),
(100240, '2017-07-17 18:37:14', 24, 'Check In'),
(100240, '2017-07-17 21:00:00', 24, 'Check Out'),
(100240, '2017-07-23 09:13:30', 2, 'Check In'),
(100240, '2017-07-23 09:13:33', 2, 'Check Out'),
(100240, '2017-08-06 08:25:38', 2, 'Check In'),
(100240, '2017-08-06 08:25:42', 2, 'Check Out'),
(100240, '2017-10-15 09:28:28', 2, 'Check In'),
(100240, '2017-10-15 09:28:34', 2, 'Check Out'),
(100240, '2017-10-29 09:24:17', 2, 'Check In'),
(100240, '2017-10-29 09:24:24', 2, 'Check Out'),
(100240, '2017-10-30 19:08:59', 25, 'Check In'),
(100240, '2017-10-30 19:09:01', 25, 'Check Out'),
(100240, '2017-11-26 09:11:49', 2, 'Check In'),
(100240, '2017-11-26 09:11:53', 2, 'Check Out'),
(100240, '2017-12-03 08:35:20', 2, 'Check In'),
(100240, '2017-12-03 08:35:25', 2, 'Check Out'),
(100240, '2017-12-10 08:10:54', 2, 'Check In'),
(100240, '2017-12-10 08:11:00', 2, 'Check Out'),
(100241, '2017-06-18 17:49:09', 2, 'Check In'),
(100241, '2017-06-18 17:50:24', 2, 'Check Out'),
(100241, '2017-07-17 19:20:10', 24, 'Check In'),
(100241, '2017-07-17 21:00:00', 24, 'Check Out'),
(100241, '2017-10-30 20:36:51', 25, 'Check In'),
(100241, '2017-10-30 21:30:00', 25, 'Check Out'),
(100241, '2017-11-13 19:28:03', 26, 'Check In'),
(100241, '2017-11-13 19:28:23', 26, 'Check Out'),
(100242, '2017-06-25 09:09:42', 2, 'Check In'),
(100242, '2017-06-25 09:09:51', 2, 'Check Out'),
(100242, '2017-07-09 08:57:55', 2, 'Check In'),
(100242, '2017-07-09 08:58:00', 2, 'Check Out'),
(100242, '2017-07-16 09:09:56', 2, 'Check In'),
(100242, '2017-07-16 09:09:59', 2, 'Check Out'),
(100242, '2017-07-23 09:18:07', 2, 'Check In'),
(100242, '2017-07-23 09:18:11', 2, 'Check Out'),
(100242, '2017-08-06 09:11:49', 2, 'Check In'),
(100242, '2017-08-06 09:11:54', 2, 'Check Out'),
(100242, '2017-11-13 18:51:57', 26, 'Check In'),
(100242, '2017-11-13 21:30:00', 26, 'Check Out'),
(100242, '2017-11-20 19:26:22', 27, 'Check In'),
(100242, '2017-11-20 19:26:36', 27, 'Check Out'),
(100242, '2017-11-26 09:14:06', 2, 'Check In'),
(100242, '2017-11-26 12:00:00', 2, 'Check Out'),
(100243, '0000-00-00 00:00:00', 2, 'Check In'),
(100243, '2017-06-24 18:26:38', 8, 'Check In'),
(100243, '2017-06-24 21:00:00', 8, 'Check Out'),
(100243, '2017-07-08 18:14:05', 8, 'Check In'),
(100243, '2017-07-08 21:00:00', 8, 'Check Out'),
(100243, '2017-07-17 19:16:44', 24, 'Check In'),
(100243, '2017-07-17 21:00:00', 24, 'Check Out'),
(100243, '2017-07-22 18:31:53', 8, 'Check In'),
(100243, '2017-07-22 21:00:00', 8, 'Check Out'),
(100243, '2017-07-23 15:01:32', 3, 'Check In'),
(100243, '2017-07-23 18:00:00', 3, 'Check Out'),
(100243, '2017-07-30 12:00:00', 2, 'Check Out'),
(100243, '2017-08-05 18:34:27', 8, 'Check In'),
(100243, '2017-08-05 21:00:00', 8, 'Check Out'),
(100243, '2017-10-28 18:44:51', 8, 'Check In'),
(100243, '2017-10-28 21:00:00', 8, 'Check Out'),
(100243, '2017-10-30 18:59:14', 25, 'Check In'),
(100243, '2017-10-30 21:30:00', 25, 'Check Out'),
(100243, '2017-11-04 18:29:29', 8, 'Check In'),
(100243, '2017-11-04 21:00:00', 8, 'Check Out'),
(100243, '2017-11-18 18:41:34', 8, 'Check In'),
(100243, '2017-11-18 21:00:00', 8, 'Check Out'),
(100243, '2017-12-02 17:39:47', 8, 'Check In'),
(100243, '2017-12-02 21:00:00', 8, 'Check Out'),
(100243, '2017-12-09 17:50:49', 8, 'Check In'),
(100243, '2017-12-09 21:00:00', 8, 'Check Out'),
(100244, '2017-06-25 12:18:53', 12, 'Check In'),
(100244, '2017-06-25 15:00:00', 12, 'Check Out'),
(100244, '2017-06-25 15:25:36', 12, 'Check Out'),
(100244, '2017-07-08 14:59:46', 17, 'Check In'),
(100244, '2017-07-08 18:10:28', 17, 'Check Out'),
(100244, '2017-07-17 19:26:19', 24, 'Check In'),
(100244, '2017-07-17 21:00:00', 24, 'Check Out'),
(100244, '2017-07-22 14:24:11', 17, 'Check In'),
(100244, '2017-07-22 18:01:00', 17, 'Check Out'),
(100244, '2017-10-14 14:59:21', 17, 'Check In'),
(100244, '2017-10-14 18:01:00', 17, 'Check Out'),
(100244, '2017-11-20 20:58:12', 27, 'Check In'),
(100244, '2017-11-20 20:58:59', 27, 'Check Out'),
(100245, '2017-06-25 15:02:52', 3, 'Check In'),
(100245, '2017-06-25 18:00:00', 3, 'Check Out'),
(100245, '2017-07-02 15:16:04', 3, 'Check In'),
(100245, '2017-07-02 17:55:30', 3, 'Check Out'),
(100246, '0000-00-00 00:00:00', 4, 'Check In'),
(100246, '2017-06-25 18:21:28', 4, 'Check In'),
(100246, '2017-06-25 18:21:40', 4, 'Check Out'),
(100246, '2017-07-09 18:09:36', 4, 'Check In'),
(100246, '2017-07-09 18:09:46', 4, 'Check Out'),
(100246, '2017-07-09 18:10:03', 4, 'Check In'),
(100246, '2017-07-09 21:00:00', 4, 'Check Out'),
(100246, '2017-08-06 18:26:22', 4, 'Check In'),
(100246, '2017-08-06 21:00:00', 4, 'Check Out'),
(100246, '2017-10-15 18:23:52', 4, 'Check In'),
(100246, '2017-10-15 21:00:00', 4, 'Check Out'),
(100246, '2017-10-29 18:44:53', 4, 'Check In'),
(100246, '2017-10-29 21:00:00', 4, 'Check Out'),
(100246, '2017-11-12 21:00:00', 4, 'Check Out'),
(100246, '2017-11-26 18:27:21', 4, 'Check In'),
(100246, '2017-11-26 21:00:00', 4, 'Check Out'),
(100247, '2017-07-01 18:56:25', 8, 'Check In'),
(100247, '2017-07-01 21:00:00', 8, 'Check Out'),
(100247, '2017-10-07 18:23:14', 8, 'Check In'),
(100247, '2017-10-07 21:00:00', 8, 'Check Out'),
(100247, '2017-11-20 19:33:52', 27, 'Check In'),
(100247, '2017-11-20 19:33:57', 27, 'Check Out'),
(100247, '2017-11-20 19:34:12', 27, 'Check In'),
(100247, '2017-11-20 21:30:00', 27, 'Check Out'),
(100248, '2017-07-02 14:47:46', 3, 'Check In'),
(100248, '2017-07-02 18:00:00', 3, 'Check Out'),
(100248, '2017-10-30 20:40:58', 25, 'Check In'),
(100248, '2017-10-30 20:41:10', 25, 'Check Out'),
(100248, '2017-12-03 15:27:10', 3, 'Check In'),
(100248, '2017-12-03 15:27:16', 3, 'Check Out'),
(100249, '2017-07-02 09:19:30', 2, 'Check In'),
(100249, '2017-07-02 12:00:00', 2, 'Check Out'),
(100249, '2017-07-16 09:02:55', 2, 'Check In'),
(100249, '2017-07-16 12:00:00', 2, 'Check Out'),
(100249, '2017-07-17 18:30:06', 24, 'Check In'),
(100249, '2017-07-17 21:00:00', 24, 'Check Out'),
(100249, '2017-07-30 09:07:30', 2, 'Check In'),
(100249, '2017-07-30 12:00:00', 2, 'Check Out'),
(100249, '2017-10-08 08:47:51', 2, 'Check In'),
(100249, '2017-10-08 12:00:00', 2, 'Check Out'),
(100249, '2017-10-22 08:55:56', 2, 'Check In'),
(100249, '2017-10-22 12:00:00', 2, 'Check Out'),
(100249, '2017-10-30 19:36:34', 25, 'Check In'),
(100249, '2017-10-30 21:30:00', 25, 'Check Out'),
(100249, '2017-11-05 08:48:36', 2, 'Check In'),
(100249, '2017-11-05 12:00:00', 2, 'Check Out'),
(100249, '2017-11-19 08:51:07', 2, 'Check In'),
(100249, '2017-11-19 12:00:00', 2, 'Check Out'),
(100250, '0000-00-00 00:00:00', 17, 'Check In'),
(100250, '2017-07-02 12:33:31', 12, 'Check In'),
(100250, '2017-07-02 15:00:00', 12, 'Check Out'),
(100250, '2017-07-02 15:06:46', 12, 'Check Out'),
(100250, '2017-07-15 14:59:44', 17, 'Check In'),
(100250, '2017-07-15 14:59:58', 17, 'Check Out'),
(100250, '2017-08-05 15:03:37', 17, 'Check In'),
(100250, '2017-08-05 18:01:00', 17, 'Check Out'),
(100250, '2017-08-05 23:53:08', 17, 'Check Out'),
(100251, '0000-00-00 00:00:00', 3, 'Check In'),
(100251, '2017-07-02 15:03:40', 3, 'Check In'),
(100251, '2017-07-02 18:00:00', 3, 'Check Out'),
(100251, '2017-07-02 18:02:54', 3, 'Check In'),
(100251, '2017-07-02 18:12:34', 3, 'Check Out'),
(100251, '2017-07-16 15:03:13', 3, 'Check In'),
(100251, '2017-07-16 18:00:00', 3, 'Check Out'),
(100251, '2017-07-30 15:01:00', 3, 'Check In'),
(100251, '2017-07-30 18:00:00', 3, 'Check Out'),
(100251, '2017-10-08 15:14:15', 3, 'Check In'),
(100251, '2017-10-08 18:00:00', 3, 'Check Out'),
(100251, '2017-11-05 18:00:00', 3, 'Check Out'),
(100252, '2017-08-06 18:46:05', 4, 'Check In'),
(100252, '2017-08-06 18:46:22', 4, 'Check Out'),
(100252, '2017-10-01 18:34:14', 4, 'Check In'),
(100252, '2017-10-01 21:00:00', 4, 'Check Out'),
(100252, '2017-11-12 19:49:57', 4, 'Check In'),
(100252, '2017-11-12 21:00:00', 4, 'Check Out'),
(100252, '2017-11-26 21:11:44', 4, 'Check In'),
(100252, '2017-11-26 21:11:48', 4, 'Check Out'),
(100253, '2017-10-07 15:33:03', 17, 'Check In'),
(100253, '2017-10-07 18:01:00', 17, 'Check Out'),
(100253, '2017-10-14 15:31:50', 17, 'Check In'),
(100253, '2017-10-14 18:01:00', 17, 'Check Out'),
(100253, '2017-10-21 15:26:53', 17, 'Check In'),
(100253, '2017-10-21 18:01:00', 17, 'Check Out'),
(100253, '2017-10-29 12:28:42', 12, 'Check In'),
(100253, '2017-10-29 15:00:00', 12, 'Check Out'),
(100253, '2017-10-30 18:46:03', 25, 'Check In'),
(100253, '2017-10-30 21:30:00', 25, 'Check Out'),
(100253, '2017-11-04 15:07:15', 17, 'Check In'),
(100253, '2017-11-04 18:01:00', 17, 'Check Out'),
(100253, '2017-11-18 15:25:40', 17, 'Check In'),
(100253, '2017-11-18 18:01:00', 17, 'Check Out'),
(100253, '2017-11-20 19:25:13', 27, 'Check In'),
(100253, '2017-11-20 21:30:00', 27, 'Check Out'),
(100253, '2017-12-09 14:07:14', 17, 'Check In'),
(100253, '2017-12-09 18:01:00', 17, 'Check Out'),
(100254, '2017-10-01 14:59:03', 3, 'Check In'),
(100254, '2017-10-01 18:00:00', 3, 'Check Out'),
(100254, '2017-10-15 15:27:51', 3, 'Check In'),
(100254, '2017-10-15 18:00:00', 3, 'Check Out'),
(100254, '2017-11-13 19:14:14', 26, 'Check In'),
(100254, '2017-11-13 21:30:00', 26, 'Check Out'),
(100254, '2017-11-20 19:44:36', 27, 'Check In'),
(100254, '2017-11-20 21:30:00', 27, 'Check Out'),
(100254, '2017-12-10 16:11:14', 3, 'Check In'),
(100254, '2017-12-10 18:00:00', 3, 'Check Out'),
(100255, '2017-10-01 14:57:25', 3, 'Check In'),
(100255, '2017-10-01 18:00:00', 3, 'Check Out'),
(100255, '2017-10-15 15:21:16', 3, 'Check In'),
(100255, '2017-10-15 18:00:00', 3, 'Check Out'),
(100255, '2017-11-13 19:14:54', 26, 'Check In'),
(100255, '2017-11-13 21:30:00', 26, 'Check Out'),
(100255, '2017-11-20 19:44:09', 27, 'Check In'),
(100255, '2017-11-20 21:30:00', 27, 'Check Out'),
(100255, '2017-12-10 16:03:50', 3, 'Check In'),
(100255, '2017-12-10 18:00:00', 3, 'Check Out'),
(100256, '2017-10-15 06:27:47', 1, 'Check In'),
(100256, '2017-10-15 06:27:54', 1, 'Check Out'),
(100256, '2017-10-15 06:28:21', 1, 'Check In'),
(100256, '2017-10-15 06:28:28', 1, 'Check Out'),
(100256, '2017-10-30 19:04:39', 25, 'Check In'),
(100256, '2017-10-30 19:04:50', 25, 'Check Out'),
(100256, '2017-11-12 06:16:35', 1, 'Check In'),
(100256, '2017-11-12 06:16:47', 1, 'Check Out'),
(100256, '2017-11-13 19:03:24', 26, 'Check In'),
(100256, '2017-11-13 21:30:00', 26, 'Check Out'),
(100256, '2017-11-20 19:25:37', 27, 'Check In'),
(100256, '2017-11-20 21:30:00', 27, 'Check Out'),
(100256, '2017-11-26 06:39:39', 1, 'Check In'),
(100256, '2017-11-26 09:00:00', 1, 'Check Out'),
(100256, '2017-12-10 08:22:13', 1, 'Check In'),
(100256, '2017-12-10 09:00:00', 1, 'Check Out'),
(100257, '2017-11-12 06:23:09', 1, 'Check In'),
(100257, '2017-11-12 06:23:13', 1, 'Check Out'),
(100257, '2017-11-26 07:03:31', 1, 'Check In'),
(100257, '2017-11-26 07:03:35', 1, 'Check Out'),
(100257, '2017-12-03 06:19:09', 1, 'Check In'),
(100257, '2017-12-03 06:19:12', 1, 'Check Out'),
(100257, '2017-12-10 06:21:37', 1, 'Check In'),
(100257, '2017-12-10 09:00:00', 1, 'Check Out'),
(100259, '0000-00-00 00:00:00', 12, 'Check In'),
(100259, '2017-10-22 12:26:45', 12, 'Check In'),
(100259, '2017-10-22 15:00:00', 12, 'Check Out'),
(100259, '2017-10-29 11:59:00', 12, 'Check In'),
(100259, '2017-10-29 15:00:00', 12, 'Check Out'),
(100259, '2017-10-30 18:53:30', 25, 'Check In'),
(100259, '2017-10-30 21:30:00', 25, 'Check Out'),
(100259, '2017-11-05 12:11:27', 12, 'Check In'),
(100259, '2017-11-05 15:00:00', 12, 'Check Out'),
(100259, '2017-11-12 12:03:59', 12, 'Check Out'),
(100259, '2017-11-12 12:10:23', 12, 'Check In'),
(100259, '2017-11-12 15:00:00', 12, 'Check Out'),
(100259, '2017-11-13 18:50:51', 26, 'Check In'),
(100259, '2017-11-13 21:30:00', 26, 'Check Out'),
(100259, '2017-11-19 11:55:43', 12, 'Check In'),
(100259, '2017-11-19 15:00:00', 12, 'Check Out'),
(100260, '2017-10-01 12:34:22', 12, 'Check In'),
(100260, '2017-10-01 15:00:00', 12, 'Check Out'),
(100260, '2017-12-03 12:21:33', 12, 'Check In'),
(100260, '2017-12-03 15:00:00', 12, 'Check Out'),
(100261, '2017-10-22 06:28:09', 1, 'Check In'),
(100261, '2017-10-22 06:28:12', 1, 'Check Out'),
(100261, '2017-11-05 06:09:27', 1, 'Check In'),
(100261, '2017-11-05 06:09:31', 1, 'Check Out'),
(100261, '2017-11-05 06:09:54', 1, 'Check In'),
(100261, '2017-11-05 06:09:55', 1, 'Check Out'),
(100261, '2017-11-19 06:17:43', 1, 'Check In'),
(100261, '2017-11-19 06:17:47', 1, 'Check Out'),
(100261, '2017-11-20 19:10:27', 27, 'Check In'),
(100261, '2017-11-20 19:11:39', 27, 'Check Out'),
(100261, '2017-12-03 06:04:23', 1, 'Check In'),
(100261, '2017-12-03 06:04:31', 1, 'Check Out'),
(100261, '2017-12-10 06:04:06', 1, 'Check In'),
(100261, '2017-12-10 06:04:14', 1, 'Check Out'),
(100262, '2017-10-08 09:14:16', 2, 'Check In'),
(100262, '2017-10-08 12:00:00', 2, 'Check Out'),
(100262, '2017-10-29 09:29:40', 2, 'Check In'),
(100262, '2017-10-29 12:00:00', 2, 'Check Out'),
(100262, '2017-10-30 19:09:08', 25, 'Check In'),
(100262, '2017-10-30 21:30:00', 25, 'Check Out'),
(100262, '2017-11-05 09:24:08', 2, 'Check In'),
(100262, '2017-11-05 12:00:00', 2, 'Check Out'),
(100262, '2017-11-19 09:22:14', 2, 'Check In'),
(100262, '2017-11-19 12:00:00', 2, 'Check Out'),
(100262, '2017-12-03 09:26:26', 2, 'Check In'),
(100262, '2017-12-03 12:00:00', 2, 'Check Out'),
(100262, '2017-12-10 09:25:43', 2, 'Check In'),
(100262, '2017-12-10 12:00:00', 2, 'Check Out'),
(100264, '2017-10-22 06:23:50', 1, 'Check In'),
(100264, '2017-10-22 09:00:00', 1, 'Check Out'),
(100264, '2017-10-30 20:37:56', 25, 'Check In'),
(100264, '2017-10-30 20:38:30', 25, 'Check Out'),
(100264, '2017-11-05 06:07:26', 1, 'Check In'),
(100264, '2017-11-05 09:00:00', 1, 'Check Out'),
(100264, '2017-11-13 19:01:52', 26, 'Check In'),
(100264, '2017-11-13 21:30:00', 26, 'Check Out'),
(100264, '2017-11-19 06:41:08', 1, 'Check In'),
(100264, '2017-11-19 06:41:14', 1, 'Check Out'),
(100264, '2017-12-03 06:11:07', 1, 'Check In'),
(100264, '2017-12-03 09:00:00', 1, 'Check Out'),
(100265, '0000-00-00 00:00:00', 2, 'Check In'),
(100265, '2017-10-01 12:00:00', 2, 'Check Out'),
(100265, '2017-10-15 08:54:00', 2, 'Check In'),
(100265, '2017-10-15 12:00:00', 2, 'Check Out'),
(100265, '2017-10-29 09:09:16', 2, 'Check In'),
(100265, '2017-10-29 12:00:00', 2, 'Check Out'),
(100265, '2017-11-12 09:26:58', 2, 'Check In'),
(100265, '2017-11-12 12:00:00', 2, 'Check Out'),
(100265, '2017-11-26 09:12:37', 2, 'Check In'),
(100265, '2017-11-26 12:00:00', 2, 'Check Out'),
(100265, '2017-12-03 08:50:03', 2, 'Check In'),
(100265, '2017-12-03 12:00:00', 2, 'Check Out'),
(100265, '2017-12-10 08:57:43', 2, 'Check In'),
(100265, '2017-12-10 12:00:00', 2, 'Check Out'),
(100266, '2017-10-07 15:18:21', 17, 'Check In'),
(100266, '2017-10-07 18:01:00', 17, 'Check Out'),
(100266, '2017-10-21 15:16:12', 17, 'Check In'),
(100266, '2017-10-21 18:01:00', 17, 'Check Out'),
(100266, '2017-11-18 15:35:08', 17, 'Check In'),
(100266, '2017-11-18 15:35:11', 17, 'Check Out'),
(100267, '2017-12-03 09:48:02', 2, 'Check In'),
(100267, '2017-12-03 12:00:00', 2, 'Check Out'),
(100267, '2017-12-10 08:36:05', 2, 'Check In'),
(100267, '2017-12-10 12:00:00', 2, 'Check Out'),
(100268, '2017-10-01 12:15:57', 12, 'Check In'),
(100268, '2017-10-01 15:00:00', 12, 'Check Out'),
(100268, '2017-10-08 12:07:51', 12, 'Check In'),
(100268, '2017-10-08 14:58:29', 12, 'Check Out'),
(100268, '2017-10-15 11:58:44', 12, 'Check In'),
(100268, '2017-10-15 15:00:00', 12, 'Check Out'),
(100268, '2017-10-29 11:52:18', 12, 'Check In'),
(100268, '2017-10-29 14:53:37', 12, 'Check Out'),
(100268, '2017-10-30 18:53:00', 25, 'Check In'),
(100268, '2017-10-30 21:30:00', 25, 'Check Out'),
(100268, '2017-11-12 12:03:52', 12, 'Check In'),
(100268, '2017-11-12 12:10:15', 12, 'Check Out'),
(100268, '2017-11-12 12:10:19', 12, 'Check In'),
(100268, '2017-11-12 15:00:00', 12, 'Check Out'),
(100268, '2017-11-13 18:50:56', 26, 'Check In'),
(100268, '2017-11-13 21:30:00', 26, 'Check Out'),
(100268, '2017-11-19 11:52:50', 12, 'Check In'),
(100268, '2017-11-19 15:00:00', 12, 'Check Out'),
(100268, '2017-11-20 18:21:00', 27, 'Check In'),
(100268, '2017-11-23 18:35:38', 27, 'Check Out'),
(100268, '2017-12-03 11:20:25', 12, 'Check In'),
(100268, '2017-12-03 15:00:00', 12, 'Check Out'),
(100269, '2017-10-14 15:16:47', 17, 'Check In'),
(100269, '2017-10-14 18:01:00', 17, 'Check Out'),
(100269, '2017-10-21 15:28:02', 17, 'Check In'),
(100269, '2017-10-21 18:01:00', 17, 'Check Out'),
(100269, '2017-10-29 12:21:25', 12, 'Check In'),
(100269, '2017-10-29 15:00:00', 12, 'Check Out'),
(100269, '2017-11-04 15:15:47', 17, 'Check In'),
(100269, '2017-11-04 18:01:00', 17, 'Check Out'),
(100269, '2017-11-11 15:21:47', 17, 'Check In'),
(100269, '2017-11-11 18:01:00', 17, 'Check Out'),
(100269, '2017-11-18 15:39:50', 17, 'Check In'),
(100269, '2017-11-18 18:01:00', 17, 'Check Out'),
(100270, '2017-10-08 09:14:28', 2, 'Check In'),
(100270, '2017-10-08 12:00:00', 2, 'Check Out'),
(100270, '2017-10-30 19:09:51', 25, 'Check In'),
(100270, '2017-10-30 21:30:00', 25, 'Check Out'),
(100270, '2017-11-05 09:24:06', 2, 'Check In'),
(100270, '2017-11-05 12:00:00', 2, 'Check Out'),
(100270, '2017-12-10 09:28:32', 2, 'Check In'),
(100270, '2017-12-10 12:00:00', 2, 'Check Out'),
(100273, '2017-10-14 15:13:21', 17, 'Check In'),
(100273, '2017-10-14 18:01:00', 17, 'Check Out'),
(100273, '2017-11-05 12:19:03', 12, 'Check In'),
(100273, '2017-11-05 15:00:00', 12, 'Check Out'),
(100274, '0000-00-00 00:00:00', 26, 'Check In'),
(100274, '2017-10-30 20:37:25', 25, 'Check In'),
(100274, '2017-10-30 21:30:00', 25, 'Check Out'),
(100274, '2017-11-13 21:30:00', 26, 'Check Out'),
(100274, '2017-11-20 19:34:18', 27, 'Check In'),
(100274, '2017-11-20 21:30:00', 27, 'Check Out'),
(100274, '2017-12-03 21:15:19', 2, 'Check In'),
(100274, '2017-12-03 21:15:24', 2, 'Check Out'),
(100275, '2017-10-14 18:55:36', 17, 'Check In'),
(100275, '2017-10-14 18:55:44', 17, 'Check Out'),
(100275, '2017-10-21 16:02:22', 17, 'Check In'),
(100275, '2017-10-21 18:01:00', 17, 'Check Out'),
(100275, '2017-10-30 21:13:33', 25, 'Check In'),
(100275, '2017-10-30 21:37:47', 25, 'Check Out'),
(100275, '2017-11-11 15:50:42', 17, 'Check In'),
(100275, '2017-11-11 18:01:00', 17, 'Check Out'),
(100275, '2017-11-13 19:42:15', 26, 'Check In'),
(100275, '2017-11-13 21:37:58', 26, 'Check Out'),
(100275, '2017-11-18 16:01:48', 17, 'Check In'),
(100275, '2017-11-18 18:01:00', 17, 'Check Out'),
(100275, '2017-11-20 18:51:49', 27, 'Check In'),
(100275, '2017-11-20 21:30:00', 27, 'Check Out'),
(100275, '2017-11-25 15:27:21', 17, 'Check In');
INSERT INTO `ihub_absence` (`idOpr`, `tglabsence`, `ibadah`, `keterangan`) VALUES
(100275, '2017-11-25 18:01:00', 17, 'Check Out'),
(100275, '2017-11-25 19:15:12', 17, 'Check In'),
(100275, '2017-11-25 19:15:14', 17, 'Check Out'),
(100275, '2017-11-26 12:40:40', 12, 'Check In'),
(100275, '2017-11-26 12:40:51', 12, 'Check Out'),
(100275, '2017-12-03 12:52:03', 12, 'Check In'),
(100275, '2017-12-03 15:00:00', 12, 'Check Out'),
(100275, '2017-12-10 13:19:00', 12, 'Check In'),
(100275, '2017-12-10 15:00:00', 12, 'Check Out'),
(100276, '2017-10-29 09:40:54', 2, 'Check In'),
(100276, '2017-10-29 12:00:00', 2, 'Check Out'),
(100278, '2017-10-30 18:40:41', 25, 'Check In'),
(100278, '2017-10-30 21:30:00', 25, 'Check Out'),
(100278, '2017-11-20 20:51:49', 27, 'Check In'),
(100278, '2017-11-20 21:30:00', 27, 'Check Out'),
(100281, '0000-00-00 00:00:00', 25, 'Check In'),
(100281, '2017-10-08 09:14:44', 2, 'Check In'),
(100281, '2017-10-08 09:14:50', 2, 'Check Out'),
(100281, '2017-10-29 09:25:34', 2, 'Check In'),
(100281, '2017-10-29 09:25:37', 2, 'Check Out'),
(100281, '2017-10-30 21:30:00', 25, 'Check Out'),
(100281, '2017-11-05 09:15:58', 2, 'Check In'),
(100281, '2017-11-05 09:16:13', 2, 'Check Out'),
(100281, '2017-11-13 18:45:59', 26, 'Check In'),
(100281, '2017-11-13 18:46:03', 26, 'Check Out'),
(100281, '2017-11-19 09:10:02', 2, 'Check In'),
(100281, '2017-11-19 09:10:09', 2, 'Check Out'),
(100281, '2017-11-20 17:56:00', 27, 'Check In'),
(100281, '2017-11-20 17:56:04', 27, 'Check Out'),
(100281, '2017-12-03 09:19:10', 2, 'Check In'),
(100281, '2017-12-03 09:19:14', 2, 'Check Out'),
(100281, '2017-12-10 09:19:53', 2, 'Check In'),
(100281, '2017-12-10 12:00:00', 2, 'Check Out'),
(100283, '2017-11-04 15:34:12', 17, 'Check In'),
(100283, '2017-11-04 18:01:00', 17, 'Check Out'),
(100283, '2017-11-18 15:22:31', 17, 'Check In'),
(100283, '2017-11-18 18:01:00', 17, 'Check Out'),
(100283, '2017-11-20 18:52:26', 27, 'Check In'),
(100283, '2017-11-20 21:30:00', 27, 'Check Out'),
(100284, '2017-10-01 06:37:59', 1, 'Check In'),
(100284, '2017-10-01 06:38:33', 1, 'Check Out'),
(100284, '2017-10-15 06:47:16', 1, 'Check In'),
(100284, '2017-10-15 06:47:18', 1, 'Check Out'),
(100284, '2017-10-29 06:22:53', 1, 'Check In'),
(100284, '2017-10-29 06:23:18', 1, 'Check Out'),
(100284, '2017-11-12 06:29:59', 1, 'Check In'),
(100284, '2017-11-12 06:30:02', 1, 'Check Out'),
(100285, '2017-10-22 12:27:17', 12, 'Check In'),
(100285, '2017-10-22 15:00:00', 12, 'Check Out'),
(100285, '2017-10-29 13:28:28', 12, 'Check In'),
(100285, '2017-10-29 15:00:00', 12, 'Check Out'),
(100285, '2017-10-30 20:37:32', 25, 'Check In'),
(100285, '2017-10-30 20:37:35', 25, 'Check Out'),
(100285, '2017-11-05 12:17:31', 12, 'Check In'),
(100285, '2017-11-05 15:00:00', 12, 'Check Out'),
(100285, '2017-11-12 12:19:14', 12, 'Check In'),
(100285, '2017-11-12 12:20:16', 12, 'Check In'),
(100285, '2017-11-12 15:00:00', 12, 'Check Out'),
(100285, '2017-11-13 19:08:43', 26, 'Check In'),
(100285, '2017-11-13 21:30:00', 26, 'Check Out'),
(100285, '2017-11-19 12:25:05', 12, 'Check In'),
(100285, '2017-11-19 15:00:00', 12, 'Check Out'),
(100285, '2017-11-20 18:52:07', 27, 'Check In'),
(100285, '2017-11-20 21:30:00', 27, 'Check Out'),
(100285, '2017-12-03 12:19:28', 12, 'Check In'),
(100285, '2017-12-03 15:00:00', 12, 'Check Out'),
(100286, '2017-10-14 15:17:41', 17, 'Check In'),
(100286, '2017-10-14 18:04:22', 17, 'Check Out'),
(100286, '2017-10-22 12:09:39', 12, 'Check In'),
(100286, '2017-10-22 15:00:00', 12, 'Check Out'),
(100286, '2017-11-05 12:20:12', 12, 'Check In'),
(100286, '2017-11-05 15:00:00', 12, 'Check Out'),
(100286, '2017-11-13 19:44:35', 26, 'Check In'),
(100286, '2017-11-13 21:30:00', 26, 'Check Out'),
(100286, '2017-11-19 12:26:42', 12, 'Check In'),
(100286, '2017-11-19 15:00:00', 12, 'Check Out'),
(100286, '2017-11-26 11:50:01', 12, 'Check In'),
(100286, '2017-11-26 15:00:00', 12, 'Check Out'),
(100287, '2017-10-08 08:55:46', 2, 'Check In'),
(100287, '2017-10-08 09:03:32', 2, 'Check In'),
(100287, '2017-10-08 12:00:00', 2, 'Check Out'),
(100287, '2017-10-22 08:56:41', 2, 'Check In'),
(100287, '2017-10-22 12:00:00', 2, 'Check Out'),
(100287, '2017-10-30 19:01:13', 25, 'Check In'),
(100287, '2017-10-30 21:30:00', 25, 'Check Out'),
(100287, '2017-11-05 08:52:34', 2, 'Check In'),
(100287, '2017-11-05 12:00:00', 2, 'Check Out'),
(100287, '2017-11-13 19:01:43', 26, 'Check In'),
(100287, '2017-11-13 21:30:00', 26, 'Check Out'),
(100287, '2017-11-20 19:31:32', 27, 'Check In'),
(100287, '2017-11-20 21:30:00', 27, 'Check Out'),
(100287, '2017-12-03 08:56:52', 2, 'Check In'),
(100287, '2017-12-03 12:00:00', 2, 'Check Out'),
(100287, '2017-12-10 08:15:44', 2, 'Check In'),
(100287, '2017-12-10 12:00:00', 2, 'Check Out'),
(100288, '2017-10-07 15:08:46', 17, 'Check In'),
(100288, '2017-10-07 15:09:00', 17, 'Check Out'),
(100288, '2017-10-07 15:09:10', 17, 'Check In'),
(100288, '2017-10-07 18:01:00', 17, 'Check Out'),
(100288, '2017-10-21 15:27:01', 17, 'Check In'),
(100288, '2017-10-21 18:01:00', 17, 'Check Out'),
(100288, '2017-10-30 19:01:19', 25, 'Check In'),
(100288, '2017-10-30 21:30:00', 25, 'Check Out'),
(100288, '2017-11-25 16:54:41', 17, 'Check In'),
(100288, '2017-11-25 18:01:00', 17, 'Check Out'),
(100288, '2017-12-02 14:44:57', 17, 'Check In'),
(100288, '2017-12-02 18:01:00', 17, 'Check Out'),
(100288, '2017-12-09 14:51:53', 17, 'Check In'),
(100288, '2017-12-09 18:01:00', 17, 'Check Out'),
(100289, '2017-10-07 17:33:44', 17, 'Check In'),
(100289, '2017-10-07 17:44:45', 17, 'Check Out'),
(100289, '2017-10-14 15:30:26', 17, 'Check In'),
(100289, '2017-10-14 18:01:00', 17, 'Check Out'),
(100289, '2017-10-30 21:03:11', 25, 'Check In'),
(100289, '2017-10-30 21:03:33', 25, 'Check Out'),
(100289, '2017-11-04 15:09:07', 17, 'Check In'),
(100289, '2017-11-04 18:01:00', 17, 'Check Out'),
(100289, '2017-11-04 18:20:58', 17, 'Check In'),
(100289, '2017-11-04 18:21:04', 17, 'Check Out'),
(100289, '2017-11-11 15:11:36', 17, 'Check In'),
(100289, '2017-11-11 18:01:00', 17, 'Check Out'),
(100289, '2017-11-18 14:55:04', 17, 'Check In'),
(100289, '2017-11-18 18:01:00', 17, 'Check Out'),
(100289, '2017-11-20 17:56:43', 27, 'Check In'),
(100289, '2017-11-20 21:30:00', 27, 'Check Out'),
(100289, '2017-12-02 14:47:40', 17, 'Check In'),
(100289, '2017-12-02 18:01:00', 17, 'Check Out'),
(100290, '2017-10-07 17:40:53', 17, 'Check In'),
(100290, '2017-10-07 17:48:50', 17, 'Check Out'),
(100290, '2017-10-14 15:35:00', 17, 'Check In'),
(100290, '2017-10-14 18:01:00', 17, 'Check Out'),
(100290, '2017-10-30 21:03:58', 25, 'Check In'),
(100290, '2017-10-30 21:04:01', 25, 'Check Out'),
(100290, '2017-11-04 15:07:23', 17, 'Check In'),
(100290, '2017-11-04 18:01:00', 17, 'Check Out'),
(100290, '2017-11-04 18:20:59', 17, 'Check In'),
(100290, '2017-11-04 18:21:13', 17, 'Check Out'),
(100290, '2017-11-11 15:11:34', 17, 'Check In'),
(100290, '2017-11-11 18:01:00', 17, 'Check Out'),
(100290, '2017-11-18 15:20:22', 17, 'Check In'),
(100290, '2017-11-18 18:01:00', 17, 'Check Out'),
(100290, '2017-11-20 17:57:23', 27, 'Check In'),
(100290, '2017-11-20 21:30:00', 27, 'Check Out'),
(100290, '2017-12-02 14:49:37', 17, 'Check In'),
(100290, '2017-12-02 18:01:00', 17, 'Check Out'),
(100291, '2017-10-08 12:06:30', 12, 'Check In'),
(100291, '2017-10-08 15:00:00', 12, 'Check Out'),
(100291, '2017-10-15 12:24:17', 12, 'Check In'),
(100291, '2017-10-15 15:00:00', 12, 'Check Out'),
(100291, '2017-10-22 12:25:55', 12, 'Check In'),
(100291, '2017-10-22 15:00:00', 12, 'Check Out'),
(100291, '2017-11-05 12:25:41', 12, 'Check In'),
(100291, '2017-11-05 15:00:00', 12, 'Check Out'),
(100291, '2017-11-12 12:22:39', 12, 'Check In'),
(100291, '2017-11-12 15:00:00', 12, 'Check Out'),
(100291, '2017-12-03 12:35:37', 12, 'Check In'),
(100291, '2017-12-03 15:00:00', 12, 'Check Out'),
(100292, '2017-10-08 12:09:07', 12, 'Check In'),
(100292, '2017-10-08 15:00:00', 12, 'Check Out'),
(100292, '2017-10-29 12:10:42', 12, 'Check In'),
(100292, '2017-10-29 15:00:00', 12, 'Check Out'),
(100292, '2017-10-30 20:36:43', 25, 'Check In'),
(100292, '2017-10-30 21:30:00', 25, 'Check Out'),
(100292, '2017-11-12 12:10:20', 12, 'Check In'),
(100292, '2017-11-12 15:00:00', 12, 'Check Out'),
(100292, '2017-11-13 19:43:08', 26, 'Check In'),
(100292, '2017-11-13 19:43:11', 26, 'Check Out'),
(100292, '2017-11-20 19:28:27', 27, 'Check In'),
(100292, '2017-11-20 19:28:30', 27, 'Check Out'),
(100292, '2017-12-03 11:22:28', 12, 'Check In'),
(100292, '2017-12-03 11:22:31', 12, 'Check Out'),
(100293, '2017-10-14 15:15:16', 17, 'Check In'),
(100293, '2017-10-14 18:01:00', 17, 'Check Out'),
(100293, '2017-10-22 15:07:46', 3, 'Check In'),
(100293, '2017-10-22 18:00:00', 3, 'Check Out'),
(100293, '2017-11-05 15:03:12', 3, 'Check In'),
(100293, '2017-11-05 18:00:00', 3, 'Check Out'),
(100293, '2017-11-12 14:55:33', 3, 'Check In'),
(100293, '2017-11-12 14:55:42', 3, 'Check Out'),
(100293, '2017-11-13 18:56:23', 26, 'Check In'),
(100293, '2017-11-13 21:30:00', 26, 'Check Out'),
(100293, '2017-11-20 18:21:14', 27, 'Check In'),
(100293, '2017-11-20 18:21:23', 27, 'Check Out'),
(100293, '2017-11-26 15:18:50', 3, 'Check In'),
(100293, '2017-11-26 15:19:16', 3, 'Check Out'),
(100294, '2017-10-15 12:50:56', 12, 'Check In'),
(100294, '2017-10-15 15:00:00', 12, 'Check Out'),
(100294, '2017-10-22 12:35:37', 12, 'Check In'),
(100294, '2017-10-22 15:00:00', 12, 'Check Out'),
(100294, '2017-11-05 12:25:15', 12, 'Check In'),
(100294, '2017-11-05 15:00:00', 12, 'Check Out'),
(100294, '2017-11-12 13:38:41', 12, 'Check In'),
(100294, '2017-11-12 13:38:46', 12, 'Check Out'),
(100294, '2017-11-13 20:08:19', 26, 'Check In'),
(100294, '2017-11-13 20:08:25', 26, 'Check Out'),
(100294, '2017-11-19 12:29:58', 12, 'Check In'),
(100294, '2017-11-19 12:30:04', 12, 'Check Out'),
(100294, '2017-11-26 12:05:04', 12, 'Check In'),
(100294, '2017-11-26 12:05:19', 12, 'Check Out'),
(100294, '2017-12-10 12:14:58', 12, 'Check In'),
(100294, '2017-12-10 12:15:04', 12, 'Check Out'),
(100295, '0000-00-00 00:00:00', 1, 'Check In'),
(100295, '2017-10-22 06:10:35', 1, 'Check In'),
(100295, '2017-10-22 06:11:17', 1, 'Check Out'),
(100295, '2017-10-30 19:02:42', 25, 'Check In'),
(100295, '2017-10-30 19:03:52', 25, 'Check Out'),
(100295, '2017-11-05 06:17:30', 1, 'Check In'),
(100295, '2017-11-05 06:17:43', 1, 'Check Out'),
(100295, '2017-11-13 18:46:33', 26, 'Check In'),
(100295, '2017-11-13 18:46:37', 26, 'Check Out'),
(100295, '2017-11-20 17:57:47', 27, 'Check In'),
(100295, '2017-11-20 21:30:00', 27, 'Check Out'),
(100295, '2017-12-03 06:35:52', 1, 'Check In'),
(100295, '2017-12-03 09:00:00', 1, 'Check Out'),
(100295, '2017-12-10 09:18:20', 2, 'Check In'),
(100295, '2017-12-10 09:18:37', 2, 'Check Out'),
(100296, '2017-10-22 06:33:01', 1, 'Check In'),
(100296, '2017-10-22 09:00:00', 1, 'Check Out'),
(100296, '2017-10-30 20:45:07', 25, 'Check In'),
(100296, '2017-10-30 20:46:55', 25, 'Check Out'),
(100296, '2017-11-05 06:15:32', 1, 'Check In'),
(100296, '2017-11-05 06:16:46', 1, 'Check Out'),
(100296, '2017-11-13 19:10:32', 26, 'Check In'),
(100296, '2017-11-13 19:10:50', 26, 'Check Out'),
(100296, '2017-11-19 06:47:36', 1, 'Check In'),
(100296, '2017-11-19 06:48:20', 1, 'Check Out'),
(100296, '2017-12-03 06:18:03', 1, 'Check In'),
(100296, '2017-12-03 09:00:00', 1, 'Check Out'),
(100296, '2017-12-10 06:25:09', 1, 'Check In'),
(100296, '2017-12-10 09:00:00', 1, 'Check Out'),
(100298, '2017-10-29 15:05:45', 3, 'Check In'),
(100298, '2017-10-29 18:00:00', 3, 'Check Out'),
(100298, '2017-10-30 19:04:27', 25, 'Check In'),
(100298, '2017-10-30 21:30:00', 25, 'Check Out'),
(100298, '2017-11-12 14:52:35', 3, 'Check In'),
(100298, '2017-11-12 18:00:00', 3, 'Check Out'),
(100298, '2017-11-13 19:04:03', 26, 'Check In'),
(100298, '2017-11-13 21:30:00', 26, 'Check Out'),
(100298, '2017-11-20 18:52:09', 27, 'Check In'),
(100298, '2017-11-20 19:28:41', 27, 'Check Out'),
(100298, '2017-11-26 15:41:08', 3, 'Check In'),
(100298, '2017-11-26 18:00:00', 3, 'Check Out'),
(100298, '2017-12-10 13:05:56', 3, 'Check In'),
(100298, '2017-12-10 18:00:00', 3, 'Check Out'),
(100299, '2017-10-29 15:01:15', 3, 'Check In'),
(100299, '2017-10-29 18:00:00', 3, 'Check Out'),
(100299, '2017-11-12 15:27:00', 3, 'Check In'),
(100299, '2017-11-12 18:00:00', 3, 'Check Out'),
(100299, '2017-11-20 18:24:05', 27, 'Check In'),
(100299, '2017-11-20 21:30:00', 27, 'Check Out'),
(100299, '2017-11-25 13:36:04', 17, 'Check In'),
(100299, '2017-11-25 18:01:00', 17, 'Check Out'),
(100299, '2017-11-26 15:15:39', 3, 'Check In'),
(100299, '2017-11-26 18:00:00', 3, 'Check Out'),
(100299, '2017-12-03 14:34:10', 3, 'Check In'),
(100299, '2017-12-03 18:00:00', 3, 'Check Out'),
(100299, '2017-12-10 14:59:41', 3, 'Check In'),
(100299, '2017-12-10 18:00:00', 3, 'Check Out'),
(100300, '2017-10-29 15:07:14', 3, 'Check In'),
(100300, '2017-10-29 18:00:00', 3, 'Check Out'),
(100300, '2017-11-05 15:25:15', 3, 'Check In'),
(100300, '2017-11-05 18:00:00', 3, 'Check Out'),
(100300, '2017-11-12 14:59:13', 3, 'Check In'),
(100300, '2017-11-12 18:00:00', 3, 'Check Out'),
(100300, '2017-11-13 18:55:52', 26, 'Check In'),
(100300, '2017-11-13 21:30:00', 26, 'Check Out'),
(100300, '2017-11-26 15:22:05', 3, 'Check In'),
(100300, '2017-11-26 18:00:00', 3, 'Check Out'),
(100301, '2017-10-29 15:04:41', 3, 'Check In'),
(100301, '2017-10-29 15:04:57', 3, 'Check Out'),
(100301, '2017-10-30 19:04:51', 25, 'Check In'),
(100301, '2017-10-30 19:05:16', 25, 'Check Out'),
(100301, '2017-11-05 14:59:35', 3, 'Check In'),
(100301, '2017-11-05 15:02:38', 3, 'Check In'),
(100301, '2017-11-05 15:02:42', 3, 'Check Out'),
(100301, '2017-11-05 18:00:00', 3, 'Check Out'),
(100301, '2017-11-12 14:33:04', 3, 'Check In'),
(100301, '2017-11-12 14:33:13', 3, 'Check Out'),
(100301, '2017-11-13 18:55:20', 26, 'Check In'),
(100301, '2017-11-13 18:55:23', 26, 'Check Out'),
(100301, '2017-11-20 18:21:26', 27, 'Check In'),
(100301, '2017-11-20 18:21:47', 27, 'Check Out'),
(100301, '2017-11-26 15:18:47', 3, 'Check In'),
(100301, '2017-11-26 15:18:49', 3, 'Check Out'),
(100301, '2017-12-10 15:06:04', 3, 'Check In'),
(100301, '2017-12-10 15:06:05', 3, 'Check Out'),
(100302, '2017-10-29 15:11:06', 3, 'Check In'),
(100302, '2017-10-29 18:00:00', 3, 'Check Out'),
(100302, '2017-10-30 18:43:21', 25, 'Check In'),
(100302, '2017-10-30 21:30:00', 25, 'Check Out'),
(100302, '2017-11-05 15:11:14', 3, 'Check In'),
(100302, '2017-11-05 18:00:00', 3, 'Check Out'),
(100302, '2017-11-13 19:08:34', 26, 'Check In'),
(100302, '2017-11-13 21:30:00', 26, 'Check Out'),
(100302, '2017-11-20 18:51:52', 27, 'Check In'),
(100302, '2017-11-20 21:30:00', 27, 'Check Out'),
(100302, '2017-11-26 09:56:09', 12, 'Check In'),
(100302, '2017-11-26 15:00:00', 12, 'Check Out'),
(100303, '2017-10-29 14:41:26', 3, 'Check In'),
(100303, '2017-10-29 18:00:00', 3, 'Check Out'),
(100303, '2017-10-30 19:10:08', 25, 'Check In'),
(100303, '2017-10-30 21:30:00', 25, 'Check Out'),
(100303, '2017-11-12 14:50:27', 3, 'Check In'),
(100303, '2017-11-12 18:00:00', 3, 'Check Out'),
(100303, '2017-11-13 18:54:45', 26, 'Check In'),
(100303, '2017-11-13 21:30:00', 26, 'Check Out'),
(100303, '2017-11-26 15:21:19', 3, 'Check In'),
(100303, '2017-11-26 18:00:00', 3, 'Check Out'),
(100303, '2017-12-10 14:58:03', 3, 'Check In'),
(100303, '2017-12-10 18:00:00', 3, 'Check Out'),
(100304, '2017-10-29 14:57:37', 3, 'Check In'),
(100304, '2017-10-29 18:00:00', 3, 'Check Out'),
(100304, '2017-10-30 19:04:32', 25, 'Check In'),
(100304, '2017-10-30 21:30:00', 25, 'Check Out'),
(100304, '2017-11-13 18:48:31', 26, 'Check In'),
(100304, '2017-11-13 21:30:00', 26, 'Check Out'),
(100304, '2017-11-20 18:03:38', 27, 'Check In'),
(100304, '2017-11-20 21:30:00', 27, 'Check Out'),
(100304, '2017-11-26 15:14:03', 3, 'Check In'),
(100304, '2017-11-26 18:00:00', 3, 'Check Out'),
(100304, '2017-12-03 14:27:31', 3, 'Check In'),
(100304, '2017-12-03 18:00:00', 3, 'Check Out'),
(100304, '2017-12-10 13:59:15', 3, 'Check In'),
(100304, '2017-12-10 18:00:00', 3, 'Check Out'),
(100305, '2017-10-29 15:25:57', 3, 'Check In'),
(100305, '2017-10-29 18:00:00', 3, 'Check Out'),
(100305, '2017-10-30 20:35:57', 25, 'Check In'),
(100305, '2017-10-30 21:30:00', 25, 'Check Out'),
(100305, '2017-11-20 19:27:30', 27, 'Check In'),
(100305, '2017-11-20 21:30:00', 27, 'Check Out'),
(100305, '2017-12-10 15:17:51', 3, 'Check In'),
(100305, '2017-12-10 15:18:00', 3, 'Check Out'),
(100306, '2017-10-22 21:32:09', 3, 'Check In'),
(100306, '2017-10-22 21:32:20', 3, 'Check Out'),
(100306, '2017-11-26 15:23:46', 4, 'Check In'),
(100306, '2017-11-26 15:23:56', 4, 'Check Out'),
(100306, '2017-11-26 22:16:38', 3, 'Check In'),
(100306, '2017-11-26 22:16:51', 3, 'Check Out'),
(100307, '2017-12-03 06:44:19', 1, 'Check In'),
(100307, '2017-12-03 09:00:00', 1, 'Check Out'),
(100307, '2017-12-03 10:45:43', 1, 'Check In'),
(100307, '2017-12-03 10:49:59', 1, 'Check Out'),
(100308, '2017-10-30 21:30:00', 25, 'Check Out'),
(100308, '2017-10-30 23:28:35', 25, 'Check In'),
(100308, '2017-10-30 23:29:57', 25, 'Check Out'),
(100308, '2017-10-30 23:30:03', 25, 'Check In'),
(100308, '2017-11-13 19:06:50', 26, 'Check In'),
(100308, '2017-11-13 21:06:06', 26, 'Check Out'),
(100308, '2017-11-19 18:28:31', 4, 'Check In'),
(100308, '2017-11-19 21:00:00', 4, 'Check Out'),
(100308, '2017-11-20 18:51:46', 27, 'Check In'),
(100308, '2017-11-23 19:44:56', 27, 'Check Out'),
(100308, '2017-11-26 15:43:52', 3, 'Check In'),
(100308, '2017-11-26 18:00:00', 3, 'Check Out'),
(100308, '2017-12-03 14:24:58', 3, 'Check In'),
(100308, '2017-12-03 18:00:00', 3, 'Check Out'),
(100308, '2017-12-09 15:21:03', 17, 'Check In'),
(100308, '2017-12-09 18:01:00', 17, 'Check Out'),
(100308, '2017-12-10 16:08:37', 3, 'Check In'),
(100308, '2017-12-10 16:08:49', 3, 'Check Out');

-- --------------------------------------------------------

--
-- Table structure for table `ihub_ibadah`
--

CREATE TABLE `ihub_ibadah` (
  `ibadah` int(11) DEFAULT NULL,
  `namaibadah` varchar(100) DEFAULT NULL,
  `awal` datetime DEFAULT NULL,
  `selesai` datetime DEFAULT NULL,
  `jamawalibadah` datetime DEFAULT NULL,
  `jamakhiribadah` datetime DEFAULT NULL,
  `batasjampulang` datetime DEFAULT NULL,
  `batasjamterlambat` datetime DEFAULT NULL,
  `keterangan` varchar(255) DEFAULT NULL,
  `weekly` smallint(1) DEFAULT NULL
) ENGINE=InnoDB DEFAULT CHARSET=latin1;

--
-- Dumping data for table `ihub_ibadah`
--

INSERT INTO `ihub_ibadah` (`ibadah`, `namaibadah`, `awal`, `selesai`, `jamawalibadah`, `jamakhiribadah`, `batasjampulang`, `batasjamterlambat`, `keterangan`, `weekly`) VALUES
(1, 'IBADAH UMUM I', '2016-06-26 06:00:00', '2016-06-26 09:00:00', '2016-06-26 07:00:00', '2016-06-26 09:00:00', '2016-06-26 07:15:00', '2016-06-26 06:00:00', 'ibadah minggu I', 1),
(2, 'IBADAH UMUM II', '2016-06-26 08:30:00', '2016-06-26 12:00:00', '2016-06-26 10:00:00', '2016-06-26 12:00:00', '2016-06-26 10:15:00', '2016-06-26 09:00:00', 'ibadah minggu II', 1),
(3, 'IBADAH UMUM III', '2016-06-26 14:30:00', '2016-06-26 18:00:00', '2016-06-26 16:00:00', '2016-06-26 18:00:00', '2016-06-26 16:15:00', '2016-06-26 15:00:00', 'ibadah minggu III', 1),
(4, 'IBADAH UMUM IV', '2016-06-26 17:30:00', '2016-06-26 21:00:00', '2016-06-26 19:00:00', '2016-06-26 21:00:00', '2016-06-26 19:15:00', '2016-06-26 18:00:00', 'ibadah minggu IV', 1),
(5, 'GR_PLANETSHAKERS', '2016-08-23 18:00:00', '2016-08-23 22:00:00', '2016-08-23 18:00:00', '2016-08-23 22:00:00', '2016-08-23 22:00:00', '2016-08-23 18:00:00', 'GR Planet Shakers', 0),
(6, 'PLANETSHAKERS', '2016-08-24 10:00:00', '2016-08-24 22:00:00', '2016-08-24 10:00:00', '2016-08-24 22:00:00', '2016-08-24 22:00:00', '2016-08-24 10:00:00', 'Planet Shakers Concert', 0),
(7, 'KKR_PROM_KPM', '2016-08-27 16:00:00', '2016-08-27 22:00:00', '2016-08-27 16:00:00', '2016-08-27 22:00:00', '2016-08-27 22:00:00', '2016-08-27 16:00:00', 'KKR PROM KUPERCAYA MUKJIZAT', 0),
(8, 'IBADAH PRO M', '2016-06-25 18:00:00', '2016-06-25 21:00:00', '2016-06-25 19:00:00', '2016-06-25 21:00:00', '2016-06-25 19:15:00', '2016-06-25 15:00:00', 'ibadah profesional muda', 1),
(9, 'ICONNECT 29 AGUST', '2016-08-29 18:00:00', '2016-08-29 21:00:00', '2016-08-29 18:00:00', '2016-08-29 21:00:00', '2016-08-29 18:00:00', '2016-08-29 18:00:00', 'I Connect - BOLD', 0),
(10, 'DOA MALAM', '2016-09-16 18:00:00', '2016-09-16 21:00:00', '2016-09-16 19:00:00', '2016-09-16 21:00:00', '2016-09-16 18:15:00', '2016-09-16 18:00:00', 'DOA MALAM', 1),
(11, 'ICONNECT 26 SEPT', '2016-09-25 19:00:00', '2016-09-25 21:00:00', '2016-09-25 19:00:00', '2016-09-25 21:00:00', '2016-09-25 21:00:00', '2016-09-25 19:00:00', 'I Connect - CLOSER', 0),
(12, 'AOG YOUTH', '2016-09-25 12:00:00', '2016-09-25 15:00:00', '2016-09-25 13:00:00', '2016-09-25 15:00:00', '2016-09-25 15:00:00', '2016-09-25 12:00:00', 'AOG Youth', 1),
(13, 'ICONNECT', '2016-09-26 17:00:00', '2016-09-26 21:00:00', '2016-09-26 19:00:00', '2016-09-26 21:00:00', '2016-09-26 21:15:00', '2016-09-26 17:00:00', '', 0),
(14, 'KKR KPM2', '2016-10-22 17:00:00', '2016-10-22 21:00:00', '2016-10-22 17:00:00', '2016-10-22 21:00:00', '2016-10-22 22:00:00', '2016-10-22 17:00:00', 'Kupercaya Mujizat', 0),
(15, 'GR HGH 2', '2016-10-24 19:32:00', '2016-10-24 21:32:00', '2016-10-24 19:32:00', '2016-10-24 21:32:00', '2016-10-24 21:32:00', '2016-10-24 19:32:00', 'KKR HIS GRACIOUS HAND 2', 0),
(16, 'KKR HGH 2', '2016-10-24 17:30:00', '2016-10-24 21:00:00', '2016-10-24 19:00:00', '2016-10-24 21:00:00', '2016-10-24 22:30:00', '2016-10-24 17:30:00', 'HIS GRACIOUS HAND 2', 0),
(17, 'AOG Teens', '2016-11-05 15:01:00', '2016-11-05 18:01:00', '2016-11-05 16:01:00', '2016-11-05 18:01:00', '2016-11-05 18:01:00', '2016-11-05 15:01:00', 'Sabtu', 1),
(18, 'test', '2017-03-12 12:34:00', '2017-03-12 15:00:00', '2017-03-12 13:00:00', '2017-03-12 15:00:00', '2017-03-12 15:34:00', '2017-03-12 12:34:00', 'test 123', 0),
(19, 'TEST2', '2017-03-12 15:43:00', '2017-03-12 18:43:00', '2017-03-12 16:43:00', '2017-03-12 18:43:00', '2017-03-12 17:43:00', '2017-03-12 15:43:00', 'TEST 2', 0),
(20, 'test-senin', '2017-03-13 15:00:00', '2017-03-13 18:00:00', '2017-03-13 16:00:00', '2017-03-13 18:00:00', '2017-03-13 16:15:00', '2017-03-13 15:00:00', 'test-senin', 0),
(21, 'ICONNECT 12 JUNI', '2017-06-12 18:00:00', '2017-06-12 21:00:00', '2017-06-12 18:30:00', '2017-06-12 21:00:00', '2017-06-12 18:00:00', '2017-06-12 18:30:00', 'I Connect - HUMILITY', 0),
(22, 'GR KPM 4', '2017-06-15 18:00:00', '2017-06-15 21:00:00', '2017-06-15 18:00:00', '2017-06-15 21:00:00', '2017-06-15 21:00:00', '2017-06-15 21:00:00', 'Gladi Resik KPM', 0),
(23, 'KKR PROM KPM4', '2017-06-17 18:00:00', '2017-06-17 21:00:00', '2017-06-17 18:30:00', '2017-06-17 21:00:00', '2017-06-17 21:00:00', '2017-06-17 21:00:00', 'KKR PROM KUPERCAYA MUKJIZAT 4', 0),
(24, 'ICONNECT 17 JULY', '2017-07-17 17:00:00', '2017-07-17 21:00:00', '2017-07-17 18:30:00', '2017-07-17 21:00:00', '2017-07-17 18:00:00', '2017-07-17 18:30:00', 'iConnect - UNITY', 0),
(25, 'GR CHRISTMAS 1', '2017-10-30 18:00:00', '2017-10-30 21:30:00', '2017-10-30 19:00:00', '2017-10-30 21:00:00', '2017-10-30 22:00:00', '2017-10-30 19:15:00', 'GR TICKETING NATAL 1', 0),
(26, 'GR CHRISTMAS 2', '2017-11-13 18:00:00', '2017-11-13 21:30:00', '2017-11-13 19:00:00', '2017-11-13 21:00:00', '2017-11-13 22:00:00', '2017-11-13 19:15:00', 'GR TICKETING NATAL 2', 0),
(27, 'GR CHRISTMAS 3', '2017-11-20 18:00:00', '2017-11-20 21:30:00', '2017-11-20 19:00:00', '2017-11-20 21:00:00', '2017-11-20 22:00:00', '2017-11-20 19:15:00', 'GR TICKETING NATAL 3', 0);

-- --------------------------------------------------------

--
-- Table structure for table `ihub_opr`
--

CREATE TABLE `ihub_opr` (
  `IdOpr` int(11) NOT NULL,
  `Kode` varchar(50) DEFAULT NULL,
  `Nama` varchar(100) DEFAULT NULL,
  `Email` varchar(200) DEFAULT NULL,
  `IdGroup` int(11) DEFAULT NULL,
  `SPV` smallint(1) DEFAULT NULL,
  `Posisi` int(11) DEFAULT NULL,
  `password` varchar(50) DEFAULT NULL,
  `comment_ontime` varchar(255) DEFAULT 'you are on time.',
  `comment_latetime` varchar(255) DEFAULT 'you are late.'
) ENGINE=InnoDB DEFAULT CHARSET=latin1;

--
-- Dumping data for table `ihub_opr`
--

INSERT INTO `ihub_opr` (`IdOpr`, `Kode`, `Nama`, `Email`, `IdGroup`, `SPV`, `Posisi`, `password`, `comment_ontime`, `comment_latetime`) VALUES
(3, '161109', 'Ester', 'ester.ester23@yahoo.co.id', 1, 0, 2, '25d55ad283aa400af464c76d713c07ad', 'Jagalah hatimu dengan segala kewaspadaan karena disitulah terpancar kehidupan -Amsal 4:23', 'Ajarlah kami menghitung hari-hari kami sedemikian hingga kami beroleh hati yang bijaksana -Mazmur 90:12'),
(4, '161309', 'Teguh Prasetyo Anggono', 'prasetyo.teguh32@yahoo.com', 1, 0, 2, '25d55ad283aa400af464c76d713c07ad', 'Jagalah hatimu dengan segala kewaspadaan karena disitulah terpancar kehidupan -Amsal 4:23', 'Ajarlah kami menghitung hari-hari kami sedemikian hingga kami beroleh hati yang bijaksana -Mazmur 90:12'),
(9001, '101980', 'Ng Chu En', 'chu.en@gms.or.id', 0, 1, 2, 'de17b7c978b244b9d7df84e11438c77e', 'Jagalah hatimu dengan segala kewaspadaan karena disitulah terpancar kehidupan -Amsal 4:23', 'Ajarlah kami menghitung hari-hari kami sedemikian hingga kami beroleh hati yang bijaksana -Mazmur 90:12'),
(9002, '031648', 'Sindu Saputra, Tjeng', 'y5in5ee@gmail.com', 0, 1, 2, '25d55ad283aa400af464c76d713c07ad', 'Jagalah hatimu dengan segala kewaspadaan karena disitulah terpancar kehidupan -Amsal 4:23', 'Ajarlah kami menghitung hari-hari kami sedemikian hingga kami beroleh hati yang bijaksana -Mazmur 90:12'),
(99996, '153790', 'Gary Haogan Thekimman', 'vinlanlaser@gmail.com', 1, 1, 2, '25d55ad283aa400af464c76d713c07ad', 'Jagalah hatimu dengan segala kewaspadaan karena disitulah terpancar kehidupan -Amsal 4:23', 'Ajarlah kami menghitung hari-hari kami sedemikian hingga kami beroleh hati yang bijaksana -Mazmur 90:12');

-- --------------------------------------------------------

--
-- Table structure for table `item_stock`
--

CREATE TABLE `item_stock` (
  `id` int(11) NOT NULL,
  `item_name` varchar(100) NOT NULL,
  `category` varchar(100) NOT NULL,
  `description` text NOT NULL,
  `qty` int(11) NOT NULL,
  `qty_type` varchar(100) NOT NULL
) ENGINE=InnoDB DEFAULT CHARSET=latin1;

--
-- Dumping data for table `item_stock`
--

INSERT INTO `item_stock` (`id`, `item_name`, `category`, `description`, `qty`, `qty_type`) VALUES
(1, 'A', 'A', 'A', 50, 'pcs'),
(2, 'B', 'B', 'B', 35, 'pcs'),
(3, 'C', 'C', 'C', 20, 'pcs');

-- --------------------------------------------------------

--
-- Table structure for table `item_transaction`
--

CREATE TABLE `item_transaction` (
  `trx_no` int(11) NOT NULL,
  `category` varchar(100) NOT NULL,
  `type` varchar(100) NOT NULL,
  `item_name` varchar(100) NOT NULL,
  `qty` int(11) NOT NULL,
  `request_date` datetime NOT NULL,
  `pickup_date` datetime NOT NULL,
  `return_date` datetime NOT NULL,
  `description` text NOT NULL,
  `pic_request` varchar(100) NOT NULL,
  `pic_approval` varchar(100) NOT NULL,
  `status` smallint(6) NOT NULL
) ENGINE=InnoDB DEFAULT CHARSET=latin1;

-- --------------------------------------------------------

--
-- Table structure for table `iwreport`
--

CREATE TABLE `iwreport` (
  `id` int(11) NOT NULL,
  `venue_id` int(11) NOT NULL,
  `speaker_id` int(11) NOT NULL,
  `service_id` int(11) NOT NULL,
  `date_id` date NOT NULL,
  `team` int(11) NOT NULL,
  `male` int(11) NOT NULL,
  `female` int(11) NOT NULL,
  `empty` int(11) NOT NULL,
  `usher` int(11) NOT NULL,
  `spro` int(11) NOT NULL,
  `paw` int(11) NOT NULL,
  `multimedia` int(11) NOT NULL,
  `interpreter` int(11) NOT NULL,
  `prayer` int(11) NOT NULL,
  `ihub` int(11) NOT NULL,
  `photography` int(11) NOT NULL,
  `welcomer` int(11) NOT NULL,
  `creamy` int(11) NOT NULL,
  `hospitality` int(11) NOT NULL,
  `altarcall` int(11) NOT NULL,
  `altarcall2` int(11) NOT NULL,
  `bmale` int(11) NOT NULL,
  `bfemale` int(11) NOT NULL,
  `mstv` int(11) NOT NULL,
  `mstv_en` int(11) NOT NULL,
  `mstv_cn` int(11) NOT NULL,
  `timestamp` timestamp NOT NULL DEFAULT CURRENT_TIMESTAMP ON UPDATE CURRENT_TIMESTAMP
) ENGINE=InnoDB DEFAULT CHARSET=latin1;

--
-- Dumping data for table `iwreport`
--

INSERT INTO `iwreport` (`id`, `venue_id`, `speaker_id`, `service_id`, `date_id`, `team`, `male`, `female`, `empty`, `usher`, `spro`, `paw`, `multimedia`, `interpreter`, `prayer`, `ihub`, `photography`, `welcomer`, `creamy`, `hospitality`, `altarcall`, `altarcall2`, `bmale`, `bfemale`, `mstv`, `mstv_en`, `mstv_cn`, `timestamp`) VALUES
(100, 3, 30, 2, '2018-02-26', 26, 55, 96, 147, 5, 5, 9, 8, 0, 8, 2, 1, 0, 0, 1, 0, 0, 0, 0, 0, 0, 0, '2018-02-25 13:06:15'),
(101, 1, 13, 2, '2018-02-25', 88, 1155, 1586, 588, 62, 13, 17, 9, 5, 0, 16, 4, 0, 5, 0, 81, 0, 0, 0, 1508, 51, 0, '2018-02-25 13:09:28'),
(102, 4, 4, 1, '2018-02-26', 25, 185, 332, 225, 0, 0, 0, 0, 0, 0, 0, 0, 0, 0, 0, 0, 0, 0, 0, 0, 0, 0, '2018-02-25 13:05:31'),
(103, 1, 4, 12, '2018-02-25', 12, 869, 955, 1507, 26, 18, 16, 9, 6, 23, 11, 5, 0, 0, 3, 0, 0, 0, 0, 1092, 34, 23, '2018-02-25 13:07:59'),
(104, 1, 13, 3, '2018-02-25', 5, 910, 1244, 1188, 65, 12, 18, 15, 6, 0, 19, 0, 0, 0, 0, 0, 0, 0, 0, 1144, 23, 13, '2018-02-25 13:10:09'),
(105, 2, 37, 3, '2018-02-26', 27, 105, 132, 780, 16, 6, 10, 6, 0, 5, 2, 0, 0, 0, 0, 0, 0, 0, 0, 0, 0, 0, '2018-02-25 13:05:11'),
(106, 1, 13, 4, '2018-02-25', 7, 463, 511, 2388, 42, 10, 17, 11, 4, 8, 6, 0, 0, 0, 0, 0, 0, 0, 0, 1451, 44, 0, '2018-02-25 15:22:44');

-- --------------------------------------------------------

--
-- Table structure for table `menu`
--

CREATE TABLE `menu` (
  `id` int(11) NOT NULL,
  `name` varchar(128) NOT NULL,
  `parent` int(11) DEFAULT NULL,
  `route` varchar(255) DEFAULT NULL,
  `order` int(11) DEFAULT NULL,
  `data` blob
) ENGINE=InnoDB DEFAULT CHARSET=utf8;

-- --------------------------------------------------------

--
-- Table structure for table `migration`
--

CREATE TABLE `migration` (
  `version` varchar(180) NOT NULL,
  `apply_time` int(11) DEFAULT NULL
) ENGINE=InnoDB DEFAULT CHARSET=latin1;

--
-- Dumping data for table `migration`
--

INSERT INTO `migration` (`version`, `apply_time`) VALUES
('m000000_000000_base', 1517918618),
('m140506_102106_rbac_init', 1517929151),
('m140602_111327_create_menu_table', 1517918622),
('m160312_050000_create_user', 1517918622),
('m170907_052038_rbac_add_index_on_auth_assignment_user_id', 1517929151);

-- --------------------------------------------------------

--
-- Table structure for table `tbl_church`
--

CREATE TABLE `tbl_church` (
  `IdGeraja` int(11) NOT NULL,
  `NamaGereja` varchar(100) DEFAULT NULL
) ENGINE=InnoDB DEFAULT CHARSET=latin1;

--
-- Dumping data for table `tbl_church`
--

INSERT INTO `tbl_church` (`IdGeraja`, `NamaGereja`) VALUES
(2, 'GMS SURABAYA BARAT'),
(1, 'GMS SURABAYA PUSAT'),
(3, 'GMS SURABAYA SELATAN'),
(4, 'GMS SURABAYA TIMUR');

-- --------------------------------------------------------

--
-- Table structure for table `tbl_church_1`
--

CREATE TABLE `tbl_church_1` (
  `id` int(11) NOT NULL,
  `synod` varchar(255) NOT NULL,
  `synod_shepherd` varchar(255) NOT NULL,
  `region` varchar(255) NOT NULL,
  `region_shepherd` varchar(255) NOT NULL,
  `country` varchar(255) NOT NULL,
  `province` varchar(255) NOT NULL,
  `city` varchar(255) NOT NULL,
  `local_church` varchar(255) NOT NULL,
  `local_shepherd` varchar(255) NOT NULL,
  `capacity` int(11) NOT NULL
) ENGINE=InnoDB DEFAULT CHARSET=latin1;

--
-- Dumping data for table `tbl_church_1`
--

INSERT INTO `tbl_church_1` (`id`, `synod`, `synod_shepherd`, `region`, `region_shepherd`, `country`, `province`, `city`, `local_church`, `local_shepherd`, `capacity`) VALUES
(1, 'LUAR KOTA', 'Pdt. Jusuf Soetanto', 'EAST JAVA', 'Pdt. Samuel Muji S.', 'INDONESIA', 'BALI', 'DENPASAR', 'GMS DENPASAR', 'Pdp. Dewantono', 324),
(2, 'LUAR KOTA', 'Pdt. Jusuf Soetanto', 'BORNEO', 'Pdt. Judy Koesmanto', 'INDONESIA', 'KALIMANTAN BARAT', 'PONTIANAK', 'GMS PONTIANAK', 'Andi Hendrawan', 140),
(3, 'LUAR KOTA', 'Pdt. Jusuf Soetanto', 'BORNEO', 'Pdt. Judy Koesmanto', 'INDONESIA', 'KALIMANTAN SELATAN', 'BANJARMASIN', 'GMS BANJARMASIN', 'Pdm. Widano Wibowo', 200);

-- --------------------------------------------------------

--
-- Table structure for table `tbl_department`
--

CREATE TABLE `tbl_department` (
  `IdDept` int(11) NOT NULL,
  `KodeDept` varchar(100) DEFAULT NULL,
  `NamaDept` varchar(200) DEFAULT NULL,
  `IdGereja` int(11) DEFAULT NULL
) ENGINE=InnoDB DEFAULT CHARSET=latin1;

--
-- Dumping data for table `tbl_department`
--

INSERT INTO `tbl_department` (`IdDept`, `KodeDept`, `NamaDept`, `IdGereja`) VALUES
(1, 'ICT', 'ICT', NULL),
(2, 'SPRO', 'SPRO', NULL),
(3, 'PAW', 'PAW', NULL);

-- --------------------------------------------------------

--
-- Table structure for table `tbl_division`
--

CREATE TABLE `tbl_division` (
  `IdDivisi` int(11) NOT NULL,
  `KodeDivisi` varchar(100) DEFAULT NULL,
  `NamaDivisi` varchar(255) DEFAULT NULL,
  `IdMinistry` int(11) DEFAULT NULL
) ENGINE=InnoDB DEFAULT CHARSET=latin1;

--
-- Dumping data for table `tbl_division`
--

INSERT INTO `tbl_division` (`IdDivisi`, `KodeDivisi`, `NamaDivisi`, `IdMinistry`) VALUES
(1, 'ICLICK', 'ICLICK', 1),
(2, 'IREG', 'IREG', 1),
(3, 'ICOUNT', 'ICOUNT', 1);

-- --------------------------------------------------------

--
-- Table structure for table `tbl_group`
--

CREATE TABLE `tbl_group` (
  `IdGroup` int(11) NOT NULL,
  `KodeGroup` varchar(100) DEFAULT NULL,
  `NamaGroup` varchar(200) DEFAULT NULL,
  `IdDivisi` int(11) DEFAULT NULL
) ENGINE=InnoDB DEFAULT CHARSET=latin1;

--
-- Dumping data for table `tbl_group`
--

INSERT INTO `tbl_group` (`IdGroup`, `KodeGroup`, `NamaGroup`, `IdDivisi`) VALUES
(0, 'IC-0', 'ICLICK CORE TEAM', 1),
(1, 'IC-1', 'ICLICK TEAM 1', 1),
(2, 'IC-2', 'ICLICK TEAM 2', 1),
(3, 'IC-3', 'ICLICK TEAM 3', 1),
(4, 'IC-4', 'ICLICK TEAM 4', 1),
(5, 'IC-5', 'ICLICK TEAM 5', 1),
(6, 'IC-6', 'ICLICK TEAM 6', 1),
(7, 'IC-7', 'ICLICK TEAM 7', 1),
(8, 'IC-8', 'ICLICK TEAM 8', 1),
(9, 'IC-9', 'ICLICK TEAM 9', 1),
(10, 'IC-10', 'ICLICK TEAM 10', 1),
(11, 'IC-11', 'ICLICK TEAM 11', 1),
(12, 'IC-12', 'ICLICK TEAM 12', 1),
(13, 'IC-13', 'ICLICK TEAM 13', 1),
(14, 'IC-14', 'ICLICK TEAM 14', 1),
(15, 'IC-15', 'ICLICK TEAM 15', 1),
(21, 'SPRO-SM', 'SPRO SM', 5),
(22, 'SPRO-SOUND', 'SPRO SOUND', 3),
(23, 'SPRO-LIGHT', 'SPRO LIGHT', 4),
(24, 'SPRO-TRAFFIC', 'SPRO TRAFFIC', 8),
(25, 'TMR-01', 'IHUB GMS SBY TIMUR 01', 1),
(26, 'SLT-01', 'IHUB GMS SBY SELATAN 01', 1),
(27, 'BRT-01', 'ICLICK GMS SBY BARAT 01', 1),
(88, 'IC-88', 'ICLICK TEAM 88', 1);

-- --------------------------------------------------------

--
-- Table structure for table `tbl_menu`
--

CREATE TABLE `tbl_menu` (
  `IdMenu` int(11) NOT NULL,
  `NamaMenu` varchar(200) DEFAULT NULL
) ENGINE=InnoDB DEFAULT CHARSET=latin1;

--
-- Dumping data for table `tbl_menu`
--

INSERT INTO `tbl_menu` (`IdMenu`, `NamaMenu`) VALUES
(1, 'CREATE EVENT'),
(2, 'EDIT EVENT'),
(3, 'DELETE EVENT');

-- --------------------------------------------------------

--
-- Table structure for table `tbl_menulevel`
--

CREATE TABLE `tbl_menulevel` (
  `Posisi` int(11) DEFAULT NULL,
  `IdMenu` int(11) DEFAULT NULL
) ENGINE=InnoDB DEFAULT CHARSET=latin1;

--
-- Dumping data for table `tbl_menulevel`
--

INSERT INTO `tbl_menulevel` (`Posisi`, `IdMenu`) VALUES
(0, 1),
(0, 2),
(0, 3),
(1, 1),
(1, 2),
(1, 3);

-- --------------------------------------------------------

--
-- Table structure for table `tbl_ministry`
--

CREATE TABLE `tbl_ministry` (
  `IdMinistry` int(11) NOT NULL,
  `KodeMinistry` varchar(100) DEFAULT NULL,
  `NamaMinistry` varchar(200) DEFAULT NULL,
  `IdDept` int(11) DEFAULT NULL
) ENGINE=InnoDB DEFAULT CHARSET=latin1;

--
-- Dumping data for table `tbl_ministry`
--

INSERT INTO `tbl_ministry` (`IdMinistry`, `KodeMinistry`, `NamaMinistry`, `IdDept`) VALUES
(1, 'IHUB', 'IHUB', 1),
(2, 'PRODUCTION', 'PRODUCTION', 2),
(3, 'PAW', 'PAW', 3);

-- --------------------------------------------------------

--
-- Table structure for table `tbl_ministry_status`
--

CREATE TABLE `tbl_ministry_status` (
  `id` int(11) NOT NULL,
  `status` varchar(100) NOT NULL
) ENGINE=InnoDB DEFAULT CHARSET=latin1;

--
-- Dumping data for table `tbl_ministry_status`
--

INSERT INTO `tbl_ministry_status` (`id`, `status`) VALUES
(1, 'Active'),
(2, 'Not Active'),
(3, 'Leave'),
(4, 'Resign'),
(5, 'Change Ministry');

-- --------------------------------------------------------

--
-- Table structure for table `tbl_schedule`
--

CREATE TABLE `tbl_schedule` (
  `id` int(11) NOT NULL,
  `tgl` date NOT NULL,
  `ibadah` int(11) NOT NULL,
  `IdGroup` int(11) NOT NULL,
  `IdGereja` int(11) NOT NULL
) ENGINE=InnoDB DEFAULT CHARSET=latin1;

--
-- Dumping data for table `tbl_schedule`
--

INSERT INTO `tbl_schedule` (`id`, `tgl`, `ibadah`, `IdGroup`, `IdGereja`) VALUES
(3, '2018-01-06', 17, 11, 1),
(4, '2018-01-07', 1, 2, 1),
(5, '2018-01-07', 2, 4, 1),
(6, '2018-01-07', 12, 12, 1),
(7, '2018-01-07', 12, 12, 1),
(8, '2018-01-06', 8, 10, 1),
(9, '2018-01-07', 3, 6, 1),
(10, '2018-01-06', 17, 13, 1),
(11, '2018-01-13', 17, 11, 1),
(12, '2018-01-13', 17, 14, 1),
(13, '2018-01-07', 4, 8, 1),
(14, '2018-01-13', 8, 9, 1),
(15, '2018-01-14', 1, 1, 1),
(16, '2018-01-14', 2, 3, 1),
(17, '2018-01-20', 17, 11, 1),
(18, '2018-01-20', 17, 4, 1),
(19, '2018-01-14', 12, 12, 1),
(20, '2018-01-14', 3, 5, 1),
(21, '2018-01-14', 4, 7, 1),
(22, '2018-01-14', 4, 7, 1),
(23, '2018-01-21', 1, 2, 1),
(24, '2018-01-20', 8, 10, 1),
(25, '2018-01-21', 2, 13, 1),
(26, '2018-01-21', 12, 12, 1),
(27, '2018-01-21', 3, 6, 1),
(28, '2018-01-27', 17, 11, 1),
(29, '2018-01-21', 4, 8, 1),
(30, '2018-01-28', 1, 1, 1),
(31, '2018-01-27', 17, 5, 1),
(32, '2018-01-28', 2, 3, 1),
(33, '2018-01-28', 12, 12, 1),
(34, '2018-01-28', 3, 14, 1),
(35, '2018-01-28', 4, 7, 1),
(36, '2018-01-27', 8, 9, 1),
(37, '2018-02-03', 17, 11, 1),
(38, '2018-02-04', 1, 2, 1),
(39, '2018-02-04', 2, 4, 1),
(40, '2018-02-04', 12, 12, 1),
(41, '2018-02-04', 3, 6, 1),
(42, '2018-02-03', 17, 13, 1),
(43, '2018-02-03', 8, 9, 1),
(44, '2018-02-04', 4, 8, 1),
(45, '2018-02-10', 17, 11, 1),
(46, '2018-02-11', 1, 1, 1),
(47, '2018-02-11', 2, 13, 1),
(48, '2018-02-10', 17, 14, 1),
(49, '2018-02-11', 12, 12, 1),
(50, '2018-02-11', 3, 5, 1),
(51, '2018-02-11', 4, 7, 1),
(52, '2018-02-10', 8, 10, 1),
(53, '2018-02-18', 1, 2, 1),
(54, '2018-02-18', 2, 4, 1),
(56, '2018-02-17', 17, 11, 1),
(57, '2018-02-17', 17, 6, 1),
(58, '2018-02-17', 8, 9, 1),
(59, '2018-02-24', 17, 11, 1),
(60, '2018-02-24', 17, 3, 1),
(63, '2018-02-24', 8, 10, 1),
(65, '2018-02-18', 12, 12, 1),
(66, '2018-02-18', 3, 14, 1),
(67, '2018-02-18', 4, 8, 1),
(68, '2018-02-25', 1, 1, 1),
(69, '2018-02-25', 2, 13, 1),
(70, '2018-02-25', 12, 12, 1),
(71, '2018-02-25', 3, 5, 1),
(72, '2018-02-25', 4, 7, 1),
(73, '2018-03-03', 8, 9, 1),
(74, '2018-03-10', 8, 11, 1);

-- --------------------------------------------------------

--
-- Table structure for table `tbl_service_weekly`
--

CREATE TABLE `tbl_service_weekly` (
  `id` int(11) NOT NULL,
  `id_church` int(11) NOT NULL,
  `service_name` varchar(100) NOT NULL,
  `service_start` datetime NOT NULL,
  `service_end` datetime NOT NULL,
  `notes` varchar(255) NOT NULL
) ENGINE=InnoDB DEFAULT CHARSET=latin1;

--
-- Dumping data for table `tbl_service_weekly`
--

INSERT INTO `tbl_service_weekly` (`id`, `id_church`, `service_name`, `service_start`, `service_end`, `notes`) VALUES
(1, 1, 'Doa Malam', '2016-06-24 19:00:00', '2016-06-24 21:00:00', 'Ibadah Doa Malam (Jumat)'),
(2, 1, 'AOG Teen', '2016-06-25 16:00:00', '2016-06-25 18:00:00', 'Ibadah Pelajar (Sabtu)'),
(3, 1, 'Pro M', '2016-06-25 19:00:00', '2016-06-25 21:00:00', 'Ibadah Profesional Muda (Sabtu)'),
(4, 1, 'Umum 1', '2016-06-26 07:00:00', '2016-06-26 09:00:00', 'Ibadah Umum 1 (Minggu)'),
(5, 1, 'Umum 2', '2016-06-26 10:00:00', '2016-06-26 12:00:00', 'Ibadah Umum 2 (Minggu)'),
(6, 1, 'AOG Youth', '2016-06-26 13:00:00', '2016-06-26 15:00:00', 'Ibadah Pemuda (Minggu)'),
(7, 1, 'Umum 3', '2016-06-26 16:00:00', '2016-06-26 18:00:00', 'Ibadah Umum 3 (Minggu)'),
(8, 1, 'Umum 4', '2016-06-26 19:00:00', '2016-06-26 21:00:00', 'Ibadah Umum 4 (Minggu)'),
(9, 2, 'Umum 1', '2016-06-26 07:00:00', '2016-06-26 09:00:00', 'Ibadah Umum 1 (Minggu)'),
(10, 2, 'Umum 2', '2016-06-26 10:00:00', '2016-06-26 12:00:00', 'Ibadah Umum 2 (Minggu)'),
(11, 2, 'Umum 3', '2016-06-26 16:00:00', '2016-06-26 18:00:00', 'Ibadah Umum 3 (Minggu)'),
(12, 3, 'Umum 1', '2016-06-26 07:00:00', '2016-06-26 09:00:00', 'Ibadah Umum 1 (Minggu)'),
(13, 3, 'Umum 2', '2016-06-26 10:00:00', '2016-06-26 12:00:00', 'Ibadah Umum 2 (Minggu)'),
(14, 4, 'Umum 1', '2016-06-26 10:00:00', '2016-06-26 12:00:00', 'Ibadah Umum 1 (Minggu)');

-- --------------------------------------------------------

--
-- Table structure for table `tbl_speaker`
--

CREATE TABLE `tbl_speaker` (
  `speaker_id` int(11) NOT NULL,
  `speakername` varchar(255) NOT NULL,
  `speakertype` varchar(255) NOT NULL
) ENGINE=InnoDB DEFAULT CHARSET=latin1;

--
-- Dumping data for table `tbl_speaker`
--

INSERT INTO `tbl_speaker` (`speaker_id`, `speakername`, `speakertype`) VALUES
(1, 'Sdr. Steven Ngui', 'Internal'),
(2, 'Ps. Yosep Moro Wijaya', 'Internal'),
(3, 'Ps. Samuel Handoko', 'Internal'),
(4, 'Ps. Philip Mantofa', 'Internal'),
(5, 'Ps. Judy Koesmanto', 'Internal'),
(6, 'Ps. Fuji Harsono', 'Internal'),
(7, 'Ps. Caleb Natanielliem', 'Internal'),
(8, 'Pdm. Jimmy Budhi Ariesta', 'Internal'),
(9, 'Pdm. Anita Veronika', 'Internal'),
(10, 'Pdp. Margaret Wu', 'Internal'),
(11, 'Ps. Victor Daud Faraknimella', 'External'),
(12, 'Ps. Jose Carol', 'External'),
(13, 'Ps. Sukirno Tarjadi', 'External'),
(14, 'Ps. Leonardo Sjiamsuri', 'External'),
(15, 'Ps. Edward Supit', 'External'),
(16, 'Ps. Seno Widjaja', 'External'),
(17, 'Ps. Jeffrey Rachmat', 'External'),
(18, 'Ps. Levi Supit', 'External'),
(19, 'Ps. Kenny Goh', 'External'),
(20, 'Ir. Jarot Wijanarko', 'External'),
(21, 'Dr. Robi Sonderegger', 'External'),
(22, 'Bp Paulus Bambang', 'External'),
(23, 'Pdt. Bambang Wijaya', 'External'),
(24, 'Sdr. Redo Daengbadjie', 'Internal'),
(25, 'Andrian Agustinus Tanoko', 'Internal'),
(26, 'Pdm. Magdalena Christina', 'Internal'),
(27, 'Pdp. Ang Hwie Chien', 'Internal'),
(28, 'Pdt. Lukas Widiyanto', 'External'),
(29, 'Pdt. Anthoneta Marita', 'External'),
(30, 'Pdt. Anthony Mulyono', 'Internal'),
(31, 'Pdm. Denny Renata', 'Internal'),
(32, 'Pdt. Rubin Ong', 'External'),
(33, 'Pdm. Rebecca Mustika Dewi', 'Internal'),
(34, 'Pdt. Harry Sanoza', 'External'),
(35, 'Pdt. Anthony Tan', 'External'),
(36, 'Sdr. Bong Chandra', 'External'),
(37, 'Pdt. Eriel Siregar', 'External'),
(38, 'pdm. Yenny Verodika', 'internal'),
(39, 'Pdt. Welyar Kauntu', 'External'),
(40, 'Pdt. Lie Debby Kartini', 'Internal'),
(41, 'Ps. Thomas Budianto', 'Internal');

-- --------------------------------------------------------

--
-- Table structure for table `temp_absence`
--

CREATE TABLE `temp_absence` (
  `idOpr` int(11) NOT NULL,
  `jamcheckin` datetime NOT NULL,
  `jamcheckout` datetime NOT NULL,
  `ibadah` int(11) NOT NULL
) ENGINE=InnoDB DEFAULT CHARSET=latin1;

-- --------------------------------------------------------

--
-- Table structure for table `user`
--

CREATE TABLE `user` (
  `id` int(11) NOT NULL,
  `username` varchar(32) COLLATE utf8_unicode_ci NOT NULL,
  `auth_key` varchar(32) COLLATE utf8_unicode_ci NOT NULL,
  `password_hash` varchar(255) COLLATE utf8_unicode_ci NOT NULL,
  `password_reset_token` varchar(255) COLLATE utf8_unicode_ci DEFAULT NULL,
  `email` varchar(255) COLLATE utf8_unicode_ci NOT NULL,
  `pic_ministry` int(11) NOT NULL,
  `pic_level` int(11) NOT NULL,
  `status` smallint(6) NOT NULL DEFAULT '10',
  `created_at` int(11) NOT NULL,
  `updated_at` int(11) NOT NULL
) ENGINE=InnoDB DEFAULT CHARSET=utf8 COLLATE=utf8_unicode_ci;

--
-- Dumping data for table `user`
--

INSERT INTO `user` (`id`, `username`, `auth_key`, `password_hash`, `password_reset_token`, `email`, `pic_ministry`, `pic_level`, `status`, `created_at`, `updated_at`) VALUES
(1, 'chuen', 'Qe8tCH_9sRJhfqJaOsGKrT4F2B9KFfnl', '$2y$13$aMkgr9YzdR8WLi3M.nSEnO8eNbFS8MTcXLxKicGlC/ZSe/qC9GWnG', NULL, 'chu.en@gms.or.id', 0, 0, 10, 1517919006, 1517919006),
(2, 'dendy', 'bcV9aMeLfjzCaRKoS4oYpFA6R-qQ4z2y', '$2y$13$A4I9gFjm.3onOVtB26ESluL5WH0bmFpVcs0ydDRxxCTNCvrxk0xCO', NULL, 'dendy.lifton@gms.or.id', 2, 0, 10, 1518059878, 1518059878),
(3, 'admin', 'eWYBUmm0xrxOTthMkkplw_0KFtFIXMIV', '$2y$13$rM/pc9rdr8/d2lODlMw.DeaG4DTwdML.QN6yb0tpmknr0GzYAub5u', NULL, 'admin@fka.or.id', 0, 0, 10, 1518075901, 1518075901),
(4, 'sunny', 'nQMn_YqNUsStoyl8RXVGcpF_ua-9UTXZ', '$2y$13$avdJibsMzCtTcPV35yQZvervbarsSdMtOwZS152fz0h57gOokGqOy', NULL, 'sunny.santoso@outlook.com', 0, 0, 10, 1518302905, 1518302905),
(5, 'prayer', 'DPMjZUxOad13ibvMcSaVKTQc2_o08BJr', '$2y$13$S6OYQEiKipsNPFbPiMUi9.4IMRv6HFutsb9lB./Mh5NkVjLrEmyIC', NULL, 'balisunny@gmail.com', 2, 0, 10, 1518439565, 1518439565);

-- --------------------------------------------------------

--
-- Table structure for table `volunteer_register`
--

CREATE TABLE `volunteer_register` (
  `id` int(11) NOT NULL,
  `nij` varchar(10) NOT NULL,
  `full_name` varchar(100) NOT NULL,
  `birthplace` varchar(100) NOT NULL,
  `dob` date NOT NULL,
  `gender` int(11) NOT NULL,
  `relationship_status` int(11) NOT NULL,
  `address` varchar(255) NOT NULL,
  `phone` varchar(20) NOT NULL,
  `email` varchar(255) NOT NULL,
  `id_church` int(11) NOT NULL,
  `cg_name` varchar(20) NOT NULL,
  `cg_cgl_name` varchar(100) NOT NULL,
  `msj` int(11) NOT NULL,
  `ministry` int(11) NOT NULL,
  `position` int(11) NOT NULL,
  `ministry_before` varchar(100) NOT NULL,
  `creation_date` datetime DEFAULT NULL,
  `last_update_date` date DEFAULT NULL,
  `status` int(11) NOT NULL DEFAULT '1',
  `prayer_tower` smallint(6) NOT NULL,
  `schedule_one` smallint(6) NOT NULL,
  `schedule_two` smallint(6) NOT NULL,
  `schedule_three` smallint(6) NOT NULL,
  `schedule_four` smallint(6) NOT NULL
) ENGINE=InnoDB DEFAULT CHARSET=latin1;

--
-- Indexes for dumped tables
--

--
-- Indexes for table `apostolic_sermon_notes`
--
ALTER TABLE `apostolic_sermon_notes`
  ADD PRIMARY KEY (`id`),
  ADD KEY `gms_origin` (`gms_origin`),
  ADD KEY `speaker` (`speaker`),
  ADD KEY `service_id` (`service_id`);

--
-- Indexes for table `auth_assignment`
--
ALTER TABLE `auth_assignment`
  ADD PRIMARY KEY (`item_name`,`user_id`),
  ADD KEY `auth_assignment_user_id_idx` (`user_id`);

--
-- Indexes for table `auth_item`
--
ALTER TABLE `auth_item`
  ADD PRIMARY KEY (`name`),
  ADD KEY `rule_name` (`rule_name`),
  ADD KEY `idx-auth_item-type` (`type`);

--
-- Indexes for table `auth_item_child`
--
ALTER TABLE `auth_item_child`
  ADD PRIMARY KEY (`parent`,`child`),
  ADD KEY `child` (`child`);

--
-- Indexes for table `auth_rule`
--
ALTER TABLE `auth_rule`
  ADD PRIMARY KEY (`name`);

--
-- Indexes for table `cmc_data`
--
ALTER TABLE `cmc_data`
  ADD PRIMARY KEY (`id`);

--
-- Indexes for table `data_members`
--
ALTER TABLE `data_members`
  ADD PRIMARY KEY (`id`,`birthplace`),
  ADD KEY `nij` (`nij`);

--
-- Indexes for table `data_members_church`
--
ALTER TABLE `data_members_church`
  ADD PRIMARY KEY (`nij`);

--
-- Indexes for table `data_members_contacts`
--
ALTER TABLE `data_members_contacts`
  ADD PRIMARY KEY (`nij`);

--
-- Indexes for table `data_members_family`
--
ALTER TABLE `data_members_family`
  ADD PRIMARY KEY (`nij`);

--
-- Indexes for table `data_members_ministry`
--
ALTER TABLE `data_members_ministry`
  ADD PRIMARY KEY (`nij`);

--
-- Indexes for table `data_members_occupation`
--
ALTER TABLE `data_members_occupation`
  ADD PRIMARY KEY (`nij`);

--
-- Indexes for table `dcanggota`
--
ALTER TABLE `dcanggota`
  ADD PRIMARY KEY (`IdAnggota`);

--
-- Indexes for table `dcanggotadcontact`
--
ALTER TABLE `dcanggotadcontact`
  ADD PRIMARY KEY (`IdAnggota`);

--
-- Indexes for table `dcanggotadgereja`
--
ALTER TABLE `dcanggotadgereja`
  ADD PRIMARY KEY (`IdAnggota`);

--
-- Indexes for table `erform`
--
ALTER TABLE `erform`
  ADD PRIMARY KEY (`id`),
  ADD KEY `service_req` (`iclick`);

--
-- Indexes for table `ihub_absence`
--
ALTER TABLE `ihub_absence`
  ADD PRIMARY KEY (`idOpr`,`tglabsence`,`ibadah`);

--
-- Indexes for table `ihub_opr`
--
ALTER TABLE `ihub_opr`
  ADD PRIMARY KEY (`IdOpr`);

--
-- Indexes for table `item_stock`
--
ALTER TABLE `item_stock`
  ADD PRIMARY KEY (`id`);

--
-- Indexes for table `item_transaction`
--
ALTER TABLE `item_transaction`
  ADD PRIMARY KEY (`trx_no`);

--
-- Indexes for table `iwreport`
--
ALTER TABLE `iwreport`
  ADD PRIMARY KEY (`id`,`venue_id`,`speaker_id`,`service_id`,`team`),
  ADD KEY `venue_id` (`venue_id`),
  ADD KEY `team` (`team`),
  ADD KEY `speaker_id` (`speaker_id`),
  ADD KEY `service_id` (`service_id`);

--
-- Indexes for table `menu`
--
ALTER TABLE `menu`
  ADD PRIMARY KEY (`id`),
  ADD KEY `parent` (`parent`);

--
-- Indexes for table `migration`
--
ALTER TABLE `migration`
  ADD PRIMARY KEY (`version`);

--
-- Indexes for table `tbl_church`
--
ALTER TABLE `tbl_church`
  ADD PRIMARY KEY (`IdGeraja`),
  ADD UNIQUE KEY `NamaGereja` (`NamaGereja`);

--
-- Indexes for table `tbl_church_1`
--
ALTER TABLE `tbl_church_1`
  ADD PRIMARY KEY (`id`);

--
-- Indexes for table `tbl_department`
--
ALTER TABLE `tbl_department`
  ADD PRIMARY KEY (`IdDept`);

--
-- Indexes for table `tbl_division`
--
ALTER TABLE `tbl_division`
  ADD PRIMARY KEY (`IdDivisi`),
  ADD UNIQUE KEY `NamaDivisi` (`NamaDivisi`);

--
-- Indexes for table `tbl_group`
--
ALTER TABLE `tbl_group`
  ADD PRIMARY KEY (`IdGroup`),
  ADD UNIQUE KEY `NamaGroup` (`NamaGroup`);

--
-- Indexes for table `tbl_menu`
--
ALTER TABLE `tbl_menu`
  ADD PRIMARY KEY (`IdMenu`);

--
-- Indexes for table `tbl_ministry`
--
ALTER TABLE `tbl_ministry`
  ADD PRIMARY KEY (`IdMinistry`);

--
-- Indexes for table `tbl_ministry_status`
--
ALTER TABLE `tbl_ministry_status`
  ADD PRIMARY KEY (`id`);

--
-- Indexes for table `tbl_schedule`
--
ALTER TABLE `tbl_schedule`
  ADD PRIMARY KEY (`id`),
  ADD KEY `IdGereja` (`IdGereja`),
  ADD KEY `IdGroup` (`IdGroup`),
  ADD KEY `IdGroup_2` (`IdGroup`),
  ADD KEY `ibadah` (`ibadah`);

--
-- Indexes for table `tbl_service_weekly`
--
ALTER TABLE `tbl_service_weekly`
  ADD PRIMARY KEY (`id`),
  ADD KEY `id_church` (`id_church`);

--
-- Indexes for table `tbl_speaker`
--
ALTER TABLE `tbl_speaker`
  ADD PRIMARY KEY (`speaker_id`);

--
-- Indexes for table `temp_absence`
--
ALTER TABLE `temp_absence`
  ADD PRIMARY KEY (`idOpr`,`jamcheckin`,`jamcheckout`,`ibadah`);

--
-- Indexes for table `user`
--
ALTER TABLE `user`
  ADD PRIMARY KEY (`id`);

--
-- Indexes for table `volunteer_register`
--
ALTER TABLE `volunteer_register`
  ADD PRIMARY KEY (`id`),
  ADD UNIQUE KEY `nij` (`nij`),
  ADD KEY `id_church` (`id_church`);

--
-- AUTO_INCREMENT for dumped tables
--

--
-- AUTO_INCREMENT for table `apostolic_sermon_notes`
--
ALTER TABLE `apostolic_sermon_notes`
  MODIFY `id` int(11) NOT NULL AUTO_INCREMENT, AUTO_INCREMENT=12;
--
-- AUTO_INCREMENT for table `cmc_data`
--
ALTER TABLE `cmc_data`
  MODIFY `id` int(11) NOT NULL AUTO_INCREMENT;
--
-- AUTO_INCREMENT for table `data_members`
--
ALTER TABLE `data_members`
  MODIFY `id` int(11) NOT NULL AUTO_INCREMENT, AUTO_INCREMENT=184;
--
-- AUTO_INCREMENT for table `erform`
--
ALTER TABLE `erform`
  MODIFY `id` int(11) NOT NULL AUTO_INCREMENT, AUTO_INCREMENT=7;
--
-- AUTO_INCREMENT for table `item_stock`
--
ALTER TABLE `item_stock`
  MODIFY `id` int(11) NOT NULL AUTO_INCREMENT, AUTO_INCREMENT=4;
--
-- AUTO_INCREMENT for table `item_transaction`
--
ALTER TABLE `item_transaction`
  MODIFY `trx_no` int(11) NOT NULL AUTO_INCREMENT;
--
-- AUTO_INCREMENT for table `iwreport`
--
ALTER TABLE `iwreport`
  MODIFY `id` int(11) NOT NULL AUTO_INCREMENT, AUTO_INCREMENT=107;
--
-- AUTO_INCREMENT for table `menu`
--
ALTER TABLE `menu`
  MODIFY `id` int(11) NOT NULL AUTO_INCREMENT;
--
-- AUTO_INCREMENT for table `tbl_church_1`
--
ALTER TABLE `tbl_church_1`
  MODIFY `id` int(11) NOT NULL AUTO_INCREMENT, AUTO_INCREMENT=46;
--
-- AUTO_INCREMENT for table `tbl_schedule`
--
ALTER TABLE `tbl_schedule`
  MODIFY `id` int(11) NOT NULL AUTO_INCREMENT, AUTO_INCREMENT=75;
--
-- AUTO_INCREMENT for table `tbl_service_weekly`
--
ALTER TABLE `tbl_service_weekly`
  MODIFY `id` int(11) NOT NULL AUTO_INCREMENT, AUTO_INCREMENT=15;
--
-- AUTO_INCREMENT for table `tbl_speaker`
--
ALTER TABLE `tbl_speaker`
  MODIFY `speaker_id` int(11) NOT NULL AUTO_INCREMENT, AUTO_INCREMENT=42;
--
-- AUTO_INCREMENT for table `user`
--
ALTER TABLE `user`
  MODIFY `id` int(11) NOT NULL AUTO_INCREMENT, AUTO_INCREMENT=27;
--
-- AUTO_INCREMENT for table `volunteer_register`
--
ALTER TABLE `volunteer_register`
  MODIFY `id` int(11) NOT NULL AUTO_INCREMENT, AUTO_INCREMENT=479;
--
-- Constraints for dumped tables
--

--
-- Constraints for table `menu`
--
ALTER TABLE `menu`
  ADD CONSTRAINT `menu_ibfk_1` FOREIGN KEY (`parent`) REFERENCES `menu` (`id`) ON DELETE SET NULL ON UPDATE CASCADE;

--
-- Constraints for table `tbl_service_weekly`
--
ALTER TABLE `tbl_service_weekly`
  ADD CONSTRAINT `tbl_service_weekly_ibfk_1` FOREIGN KEY (`id_church`) REFERENCES `tbl_church` (`IdGeraja`);

--
-- Constraints for table `volunteer_register`
--
ALTER TABLE `volunteer_register`
  ADD CONSTRAINT `volunteer_register_ibfk_1` FOREIGN KEY (`id_church`) REFERENCES `tbl_church_1` (`id`);
COMMIT;

/*!40101 SET CHARACTER_SET_CLIENT=@OLD_CHARACTER_SET_CLIENT */;
/*!40101 SET CHARACTER_SET_RESULTS=@OLD_CHARACTER_SET_RESULTS */;
/*!40101 SET COLLATION_CONNECTION=@OLD_COLLATION_CONNECTION */;
